-- phpMyAdmin SQL Dump
-- version 5.0.2
-- https://www.phpmyadmin.net/
--
-- Hôte : localhost:3306
<<<<<<< HEAD
-- Généré le : jeu. 09 juil. 2020 à 17:47
=======
-- Généré le : mer. 08 juil. 2020 à 15:48
>>>>>>> origin/test
-- Version du serveur :  5.7.24
-- Version de PHP : 7.3.2

SET SQL_MODE = "NO_AUTO_VALUE_ON_ZERO";
START TRANSACTION;
SET time_zone = "+00:00";


/*!40101 SET @OLD_CHARACTER_SET_CLIENT=@@CHARACTER_SET_CLIENT */;
/*!40101 SET @OLD_CHARACTER_SET_RESULTS=@@CHARACTER_SET_RESULTS */;
/*!40101 SET @OLD_COLLATION_CONNECTION=@@COLLATION_CONNECTION */;
/*!40101 SET NAMES utf8mb4 */;

--
-- Base de données : `vente`
--

-- --------------------------------------------------------

--
-- Structure de la table `admin`
--

CREATE TABLE `admin` (
  `id` int(11) NOT NULL,
  `name` varchar(50) NOT NULL,
  `lastname` varchar(150) DEFAULT NULL,
  `adresse` varchar(150) DEFAULT NULL,
  `email` varchar(255) DEFAULT NULL,
  `contact` varchar(200) DEFAULT NULL,
  `matricule` varchar(50) DEFAULT NULL,
  `login` varchar(50) NOT NULL,
  `password` text NOT NULL,
  `is_new` int(11) NOT NULL DEFAULT '0',
  `image` varchar(50) DEFAULT NULL,
  `created` datetime DEFAULT NULL,
  `modified` datetime DEFAULT NULL,
  `is_allowed` int(11) NOT NULL DEFAULT '1',
  `protected` int(11) NOT NULL DEFAULT '0',
  `valide` int(11) NOT NULL DEFAULT '1',
  `visibility` int(11) NOT NULL DEFAULT '0'
) ENGINE=InnoDB DEFAULT CHARSET=utf8;

-- --------------------------------------------------------

--
-- Structure de la table `amortissement`
--

CREATE TABLE `amortissement` (
  `id` int(11) NOT NULL,
  `immobilisation_id` int(11) NOT NULL DEFAULT '0',
  `typeamortissement_id` int(11) NOT NULL DEFAULT '0',
  `etat_id` int(11) NOT NULL DEFAULT '0',
  `duree` int(11) NOT NULL DEFAULT '0',
  `created` datetime DEFAULT NULL,
  `modified` datetime DEFAULT NULL,
  `protected` int(11) UNSIGNED NOT NULL DEFAULT '0',
  `valide` int(11) NOT NULL DEFAULT '1'
) ENGINE=InnoDB DEFAULT CHARSET=utf8 COLLATE=utf8_bin ROW_FORMAT=DYNAMIC;

-- --------------------------------------------------------

--
-- Structure de la table `approemballage`
--

CREATE TABLE `approemballage` (
  `id` int(11) NOT NULL,
  `reference` varchar(20) COLLATE utf8_bin NOT NULL,
  `montant` int(11) NOT NULL,
  `avance` int(11) NOT NULL,
  `reste` int(11) NOT NULL,
  `transport` int(11) NOT NULL,
  `fournisseur_id` int(11) NOT NULL,
  `entrepot_id` int(11) NOT NULL,
  `reglementfournisseur_id` int(11) DEFAULT NULL,
  `datelivraison` datetime DEFAULT NULL,
  `etat_id` int(11) NOT NULL,
  `employe_id` int(11) NOT NULL,
  `comment` text COLLATE utf8_bin,
  `employe_id_reception` int(11) DEFAULT NULL,
  `acompteFournisseur` int(11) DEFAULT NULL,
  `detteFournisseur` int(11) DEFAULT NULL,
  `visibility` int(11) NOT NULL,
  `created` datetime DEFAULT NULL,
  `modified` datetime DEFAULT NULL,
  `protected` int(11) NOT NULL DEFAULT '0',
  `valide` int(11) NOT NULL DEFAULT '1'
) ENGINE=InnoDB DEFAULT CHARSET=utf8 COLLATE=utf8_bin ROW_FORMAT=DYNAMIC;

-- --------------------------------------------------------

--
-- Structure de la table `approetiquette`
--

CREATE TABLE `approetiquette` (
  `id` int(11) NOT NULL,
  `reference` varchar(20) COLLATE utf8_bin NOT NULL,
  `montant` int(11) NOT NULL,
  `avance` int(11) NOT NULL,
  `reste` int(11) NOT NULL,
  `transport` int(11) NOT NULL,
  `fournisseur_id` int(11) NOT NULL,
  `reglementfournisseur_id` int(11) DEFAULT NULL,
  `entrepot_id` int(11) DEFAULT NULL,
  `datelivraison` datetime DEFAULT NULL,
  `etat_id` int(11) NOT NULL,
  `employe_id` int(11) NOT NULL,
  `comment` text COLLATE utf8_bin,
  `employe_id_reception` int(11) DEFAULT NULL,
  `acompteFournisseur` int(11) DEFAULT NULL,
  `detteFournisseur` int(11) DEFAULT NULL,
  `visibility` int(11) NOT NULL,
  `created` datetime DEFAULT NULL,
  `modified` datetime DEFAULT NULL,
  `protected` int(11) NOT NULL DEFAULT '0',
  `valide` int(11) NOT NULL DEFAULT '1'
) ENGINE=InnoDB DEFAULT CHARSET=utf8 COLLATE=utf8_bin ROW_FORMAT=DYNAMIC;

--
-- Déchargement des données de la table `approetiquette`
--

INSERT INTO `approetiquette` (`id`, `reference`, `montant`, `avance`, `reste`, `transport`, `fournisseur_id`, `reglementfournisseur_id`, `entrepot_id`, `datelivraison`, `etat_id`, `employe_id`, `comment`, `employe_id_reception`, `acompteFournisseur`, `detteFournisseur`, `visibility`, `created`, `modified`, `protected`, `valide`) VALUES
(1, 'APP/06072020-9DB6E0', 154540, 150000, 0, 0, 1, 11, 1, '2020-07-06 15:57:15', 4, 2, NULL, NULL, NULL, NULL, 1, '2020-07-06 15:57:15', '2020-07-06 15:57:15', 0, 1);

-- --------------------------------------------------------

--
-- Structure de la table `approvisionnement`
--

CREATE TABLE `approvisionnement` (
  `id` int(11) NOT NULL,
  `reference` varchar(20) COLLATE utf8_bin NOT NULL,
  `montant` int(11) NOT NULL,
  `avance` int(11) NOT NULL,
  `reste` int(11) NOT NULL,
  `transport` int(11) NOT NULL,
  `fournisseur_id` int(11) NOT NULL,
  `entrepot_id` int(11) DEFAULT NULL,
  `reglementfournisseur_id` int(11) DEFAULT NULL,
  `datelivraison` datetime DEFAULT NULL,
  `etat_id` int(11) NOT NULL,
  `employe_id` int(11) NOT NULL,
  `comment` text COLLATE utf8_bin,
  `employe_id_reception` int(11) DEFAULT NULL,
  `acompteFournisseur` int(11) DEFAULT NULL,
  `detteFournisseur` int(11) DEFAULT NULL,
  `visibility` int(11) NOT NULL,
  `created` datetime DEFAULT NULL,
  `modified` datetime DEFAULT NULL,
  `protected` int(11) NOT NULL DEFAULT '0',
  `valide` int(11) NOT NULL DEFAULT '1'
) ENGINE=InnoDB DEFAULT CHARSET=utf8 COLLATE=utf8_bin;

--
-- Déchargement des données de la table `approvisionnement`
--

INSERT INTO `approvisionnement` (`id`, `reference`, `montant`, `avance`, `reste`, `transport`, `fournisseur_id`, `entrepot_id`, `reglementfournisseur_id`, `datelivraison`, `etat_id`, `employe_id`, `comment`, `employe_id_reception`, `acompteFournisseur`, `detteFournisseur`, `visibility`, `created`, `modified`, `protected`, `valide`) VALUES
(1, 'APP/03062020-AEA57B', 80000, 80000, 0, 0, 2, 1, NULL, '2020-06-03 18:24:42', 4, 3, NULL, NULL, NULL, NULL, 1, '2020-06-03 18:24:42', '2020-06-03 18:24:42', 0, 1),
(2, 'APP/05062020-2B679C', 80000, 80000, 0, 0, 4, 1, NULL, '2020-06-05 15:20:22', 4, 2, NULL, NULL, NULL, NULL, 1, '2020-06-05 15:20:22', '2020-06-05 15:20:22', 0, 1),
(3, 'APP/05062020-30841C', 30000, 30000, 0, 0, 3, 1, NULL, '2020-06-05 15:21:44', 4, 2, NULL, NULL, NULL, NULL, 1, '2020-06-05 15:21:44', '2020-06-05 15:21:44', 0, 1),
(4, 'APP/05062020-39D995', 32500, 32500, 0, 0, 5, 1, NULL, '2020-06-05 15:24:13', 4, 2, NULL, NULL, NULL, NULL, 1, '2020-06-05 15:24:13', '2020-06-05 15:24:13', 0, 1),
(5, 'APP/05062020-58991F', 46000, 46000, 0, 0, 6, 1, NULL, '2020-06-05 15:32:25', 4, 2, NULL, NULL, NULL, NULL, 1, '2020-06-05 15:32:25', '2020-06-05 15:32:25', 0, 1),
(6, 'APP/05062020-612463', 75000, 75000, 0, 0, 1, 1, NULL, '2020-06-05 15:34:42', 4, 2, NULL, NULL, NULL, NULL, 1, '2020-06-05 15:34:42', '2020-06-05 15:34:42', 0, 1),
(7, 'APP/05062020-6C265D', 5000, 5000, 0, 0, 5, 1, NULL, '2020-06-05 15:37:38', 4, 2, NULL, NULL, NULL, NULL, 1, '2020-06-05 15:37:38', '2020-06-05 15:37:38', 0, 1),
(8, 'APP/01072020-95954A', 17000, 17000, 0, 0, 5, 1, NULL, '2020-07-01 16:27:55', 4, 2, '', 2, NULL, NULL, 1, '2020-07-01 16:27:05', '2020-07-01 16:27:05', 0, 1),
(9, 'APP/01072020-9E0C11', 30000, 30000, 0, 0, 3, 1, NULL, '2020-07-01 16:29:20', 4, 2, NULL, NULL, NULL, NULL, 1, '2020-07-01 16:29:20', '2020-07-01 16:29:20', 0, 1),
(10, 'APP/01072020-A4527D', 3500, 3500, 0, 0, 5, 1, NULL, '2020-07-01 16:31:01', 4, 2, NULL, NULL, NULL, NULL, 1, '2020-07-01 16:31:01', '2020-07-01 16:31:01', 0, 1);

-- --------------------------------------------------------

--
-- Structure de la table `boutique`
--

CREATE TABLE `boutique` (
  `id` int(11) NOT NULL,
  `name` varchar(200) COLLATE utf8_bin NOT NULL,
  `lieu` varchar(200) COLLATE utf8_bin NOT NULL,
<<<<<<< HEAD
  `comptebanque_id` int(11) DEFAULT '0',
=======
  `comptebanque_id` int(11) NOT NULL DEFAULT '0',
>>>>>>> origin/test
  `created` datetime DEFAULT NULL,
  `modified` datetime DEFAULT NULL,
  `protected` int(11) NOT NULL DEFAULT '0',
  `valide` int(11) NOT NULL DEFAULT '1'
) ENGINE=InnoDB DEFAULT CHARSET=utf8 COLLATE=utf8_bin ROW_FORMAT=DYNAMIC;

--
-- Déchargement des données de la table `boutique`
--

INSERT INTO `boutique` (`id`, `name`, `lieu`, `comptebanque_id`, `created`, `modified`, `protected`, `valide`) VALUES
(1, 'Boutique principale', 'Bassam, rue congo', 1, NULL, NULL, 0, 1);

-- --------------------------------------------------------

--
-- Structure de la table `capitaux`
--

CREATE TABLE `capitaux` (
  `id` int(11) NOT NULL,
  `name` varchar(200) COLLATE utf8_bin NOT NULL,
  `montant` int(11) NOT NULL DEFAULT '0',
  `comment` text COLLATE utf8_bin,
  `created` datetime DEFAULT NULL,
  `modified` datetime DEFAULT NULL,
  `protected` int(11) NOT NULL DEFAULT '0',
  `valide` int(11) NOT NULL DEFAULT '1'
) ENGINE=InnoDB DEFAULT CHARSET=utf8 COLLATE=utf8_bin ROW_FORMAT=DYNAMIC;

--
-- Déchargement des données de la table `capitaux`
--

INSERT INTO `capitaux` (`id`, `name`, `montant`, `comment`, `created`, `modified`, `protected`, `valide`) VALUES
(1, 'Fond de commerce initial', 4274000, '', '2020-06-25 14:22:02', '2020-06-25 14:22:02', 0, 1);

-- --------------------------------------------------------

--
-- Structure de la table `carte`
--

CREATE TABLE `carte` (
  `id` int(11) NOT NULL,
  `name` varchar(200) NOT NULL,
  `created` datetime DEFAULT NULL,
  `modified` datetime DEFAULT NULL,
  `protected` int(11) NOT NULL DEFAULT '0',
  `valide` int(11) NOT NULL DEFAULT '1'
) ENGINE=InnoDB DEFAULT CHARSET=utf8;

-- --------------------------------------------------------

--
-- Structure de la table `categorieoperation`
--

CREATE TABLE `categorieoperation` (
  `id` int(11) NOT NULL,
  `typeoperationcaisse_id` int(11) NOT NULL,
  `name` varchar(200) COLLATE utf8_bin NOT NULL,
  `color` varchar(10) COLLATE utf8_bin DEFAULT NULL,
  `created` datetime DEFAULT NULL,
  `modified` datetime DEFAULT NULL,
  `protected` int(11) NOT NULL DEFAULT '0',
  `valide` int(11) NOT NULL DEFAULT '1'
) ENGINE=InnoDB DEFAULT CHARSET=utf8 COLLATE=utf8_bin;

--
-- Déchargement des données de la table `categorieoperation`
--

INSERT INTO `categorieoperation` (`id`, `typeoperationcaisse_id`, `name`, `color`, `created`, `modified`, `protected`, `valide`) VALUES
(1, 1, 'Réglement de commande', '#ffffff', '2020-06-02 10:39:07', '2020-06-02 10:39:07', 1, 1),
(2, 1, 'Remboursement par le fournisseur', '#ffffff', '2020-06-02 10:39:07', '2020-06-02 10:39:07', 1, 1),
(3, 1, 'Location d\'engins pour livraison', '#ffffff', '2020-06-02 10:39:07', '2020-06-02 10:39:07', 1, 1),
(4, 1, 'Autre entrée en caisse', '#ffffff', '2020-06-02 10:39:07', '2020-06-02 10:39:07', 1, 1),
(5, 2, 'Réglement de facture d\'approvisionnemnt', '#ffffff', '2020-06-02 10:39:07', '2020-06-02 10:39:07', 1, 1),
(6, 2, 'Payement de salaire du personnel', '#ffffff', '2020-06-02 10:39:07', '2020-06-02 10:39:07', 1, 1),
(7, 2, 'Réglement de facture de reparation / d\'entretien', '#ffffff', '2020-06-02 10:39:07', '2020-06-02 10:39:07', 1, 1),
(8, 2, 'Remboursement du client', '#ffffff', '2020-06-02 10:39:07', '2020-06-02 10:39:07', 1, 1),
(9, 2, 'Location de tricycle pour livraison', '#ffffff', '2020-06-02 10:39:07', '2020-06-02 10:39:07', 1, 1),
(10, 2, 'Autre dépense', '#ffffff', '2020-06-02 10:39:07', '2020-06-02 10:39:07', 1, 1),
(11, 1, 'Fonds initial / capital d\'entrée', '#0dd377', '2020-06-02 15:52:25', '2020-06-02 15:52:25', 0, 1),
(12, 2, 'Achat d\'immobiliers / meubles', '#ffffff', '2020-06-02 15:57:04', '2020-06-02 15:57:04', 0, 1),
(13, 2, 'Payement de loyer / caution', '#fdf7f7', '2020-06-02 15:58:25', '2020-06-02 15:58:25', 0, 1),
(14, 2, 'Achat de materiels informatiques', '#fafafa', '2020-06-02 16:04:28', '2020-06-02 16:04:28', 0, 1),
(15, 2, 'Achat de materiels bureautiques', '#ffffff', '2020-06-02 16:05:13', '2020-06-02 16:05:13', 0, 1),
(16, 2, 'dépenses pour amenagement', '#ffffff', '2020-06-02 16:07:20', '2020-06-02 16:07:20', 0, 1),
(17, 2, 'Achat d\'équipements electro-ménagers / électroniques', '#ffffff', '2020-06-02 16:09:10', '2020-06-02 16:09:10', 0, 1),
(18, 2, 'Frais de transport', '#fafafa', '2020-06-02 16:29:24', '2020-06-02 16:29:24', 0, 1),
(19, 1, 'Retrait de banque pour approvisionnement de caisse', '#ffffff', '2020-06-03 18:30:20', '2020-06-03 18:30:20', 0, 1);

-- --------------------------------------------------------

--
-- Structure de la table `chauffeur`
--

CREATE TABLE `chauffeur` (
  `id` int(11) NOT NULL,
  `name` varchar(50) NOT NULL,
  `lastname` varchar(150) DEFAULT NULL,
  `matricule` varchar(50) DEFAULT NULL,
  `sexe_id` int(2) NOT NULL,
  `nationalite` varchar(200) DEFAULT NULL,
  `adresse` varchar(150) DEFAULT NULL,
  `typepermis` varchar(50) DEFAULT NULL,
  `email` varchar(255) DEFAULT NULL,
  `contact` varchar(200) DEFAULT NULL,
  `etatchauffeur_id` int(11) NOT NULL,
  `image` varchar(50) DEFAULT NULL,
  `created` datetime DEFAULT NULL,
  `modified` datetime DEFAULT NULL,
  `protected` int(11) NOT NULL DEFAULT '0',
  `valide` int(11) NOT NULL DEFAULT '1'
) ENGINE=InnoDB DEFAULT CHARSET=utf8;

-- --------------------------------------------------------

--
-- Structure de la table `client`
--

CREATE TABLE `client` (
  `id` int(11) NOT NULL,
  `name` varchar(50) COLLATE utf8_bin NOT NULL,
  `typeclient_id` int(2) NOT NULL,
  `acompte` int(11) DEFAULT NULL,
  `dette` int(11) NOT NULL,
  `adresse` varchar(150) COLLATE utf8_bin DEFAULT NULL,
  `email` varchar(255) COLLATE utf8_bin DEFAULT NULL,
  `contact` varchar(200) COLLATE utf8_bin DEFAULT NULL,
  `visibility` int(11) NOT NULL,
  `created` datetime DEFAULT NULL,
  `modified` datetime DEFAULT NULL,
  `protected` int(11) NOT NULL DEFAULT '0',
  `valide` int(11) NOT NULL DEFAULT '1'
) ENGINE=InnoDB DEFAULT CHARSET=utf8 COLLATE=utf8_bin;

--
-- Déchargement des données de la table `client`
--

INSERT INTO `client` (`id`, `name`, `typeclient_id`, `acompte`, `dette`, `adresse`, `email`, `contact`, `visibility`, `created`, `modified`, `protected`, `valide`) VALUES
(1, 'Douceurs Natures', 1, 0, 0, '...', NULL, '...', 0, '2020-06-02 10:39:06', '2020-06-02 10:39:06', 1, 1),
(2, 'mme ngué', 2, 0, 8000, 'bassam', 'dn@gmail.com', '72501842', 1, '2020-06-15 11:25:22', '2020-06-15 11:25:22', 0, 1),
(3, 'cyrille', 2, 0, 0, 'yopougon', '', '.........', 1, '2020-06-22 11:47:17', '2020-06-22 11:47:17', 0, 1),
(4, 'casmir', 2, 0, 0, 'bassam', '', '.........', 1, '2020-06-22 12:18:26', '2020-06-22 12:18:26', 0, 1),
(5, 'mr malo', 2, 0, 10500, 'bassam', '', '....', 1, '2020-06-22 17:45:35', '2020-06-22 17:45:35', 0, 1),
(6, 'mme Ehling', 2, 0, 100000, 'paris', '', '.........', 1, '2020-07-06 11:52:21', '2020-07-06 11:52:21', 0, 1);

-- --------------------------------------------------------

--
-- Structure de la table `commande`
--

CREATE TABLE `commande` (
  `id` int(11) NOT NULL,
  `reference` varchar(20) COLLATE utf8_bin NOT NULL,
  `groupecommande_id` int(20) NOT NULL,
  `zonedevente_id` int(11) NOT NULL,
  `boutique_id` int(11) NOT NULL,
  `lieu` varchar(200) COLLATE utf8_bin NOT NULL,
  `taux_tva` int(11) DEFAULT NULL,
  `tva` int(11) NOT NULL,
  `montant` int(11) NOT NULL,
  `avance` int(11) NOT NULL,
  `reste` int(11) NOT NULL,
  `reglementclient_id` int(11) DEFAULT NULL,
  `typebareme_id` int(11) NOT NULL,
  `datelivraison` date NOT NULL,
  `employe_id` int(11) NOT NULL,
  `etat_id` int(11) NOT NULL,
  `comment` text COLLATE utf8_bin,
  `acompteClient` int(11) NOT NULL,
  `detteClient` int(11) NOT NULL,
  `created` datetime DEFAULT NULL,
  `modified` datetime DEFAULT NULL,
  `protected` int(11) NOT NULL DEFAULT '0',
  `valide` int(11) NOT NULL DEFAULT '1'
) ENGINE=InnoDB DEFAULT CHARSET=utf8 COLLATE=utf8_bin;

--
-- Déchargement des données de la table `commande`
--

INSERT INTO `commande` (`id`, `reference`, `groupecommande_id`, `zonedevente_id`, `boutique_id`, `lieu`, `taux_tva`, `tva`, `montant`, `avance`, `reste`, `reglementclient_id`, `typebareme_id`, `datelivraison`, `employe_id`, `etat_id`, `comment`, `acompteClient`, `detteClient`, `created`, `modified`, `protected`, `valide`) VALUES
(1, 'BCO/15062020-C24281', 1, 2, 1, 'rosier', 0, 0, 5500, 0, 5500, NULL, 1, '2020-06-15', 2, 4, '', 0, 5500, '2020-06-15 11:31:48', '2020-06-15 11:31:48', 0, 1),
(2, 'BCO/22062020-C4F596', 2, 1, 1, 'yopougon', 0, 0, 22000, 0, 22000, NULL, 1, '2020-06-22', 2, 4, '', 0, 22000, '2020-06-22 11:55:59', '2020-06-22 11:55:59', 0, 1),
(3, 'BCO/22062020-1ECD9B', 3, 1, 1, 'rosier', 0, 0, 1000, 0, 1000, NULL, 1, '2020-06-22', 2, 4, '', 0, 1000, '2020-06-22 12:19:56', '2020-06-22 12:19:56', 0, 1),
(4, 'BCO/22062020-F2BC57', 4, 2, 1, 'le gimnaste  de cvtidia', 0, 0, 12600, 0, 12600, NULL, 1, '2020-06-22', 2, 4, '', 0, 12600, '2020-06-22 17:49:31', '2020-06-22 17:49:31', 0, 1),
(5, 'BCO/30062020-DADC45', 5, 2, 1, 'rosier', 0, 0, 8000, 0, 8000, 0, 1, '2020-06-30', 2, 4, '', 0, 8000, '2020-06-30 14:35:25', '2020-06-30 14:35:25', 0, 1),
(6, 'BCO/30062020-0C5D17', 6, 2, 1, 'le gimnaste  de cvtidia', 0, 0, 10000, 10000, 0, 122, 1, '2020-06-30', 1, 4, '', 0, 0, '2020-06-30 14:48:37', '2020-06-30 14:48:37', 0, 1),
(7, 'BCO/06072020-349CD9', 8, 4, 1, 'yopougon', 0, 0, 100000, 0, 100000, 0, 1, '2020-07-08', 2, 4, '', 0, 100000, '2020-07-06 12:04:25', '2020-07-06 12:04:25', 0, 1),
(8, 'BCO/08072020-299E95', 9, 2, 1, 'le gimnaste  de cvtidia', 0, 0, 10500, 0, 10500, 0, 2, '2020-07-10', 2, 4, '', 0, 10500, '2020-07-08 17:30:01', '2020-07-08 17:30:01', 0, 1);

-- --------------------------------------------------------

--
-- Structure de la table `commercial`
--

CREATE TABLE `commercial` (
  `id` int(11) NOT NULL,
  `name` varchar(50) COLLATE utf8_bin NOT NULL,
  `sexe_id` int(2) NOT NULL,
  `nationalite` varchar(200) COLLATE utf8_bin DEFAULT NULL,
  `adresse` varchar(150) COLLATE utf8_bin DEFAULT NULL,
  `email` varchar(255) COLLATE utf8_bin DEFAULT NULL,
  `contact` varchar(200) COLLATE utf8_bin DEFAULT NULL,
  `salaire` int(11) NOT NULL,
  `objectif` int(11) NOT NULL,
  `disponibilite_id` int(11) NOT NULL,
  `image` varchar(50) COLLATE utf8_bin DEFAULT NULL,
  `visibility` int(11) NOT NULL,
  `created` datetime DEFAULT NULL,
  `modified` datetime DEFAULT NULL,
  `protected` int(11) NOT NULL DEFAULT '0',
  `valide` int(11) NOT NULL DEFAULT '1'
) ENGINE=InnoDB DEFAULT CHARSET=utf8 COLLATE=utf8_bin;

--
-- Déchargement des données de la table `commercial`
--

INSERT INTO `commercial` (`id`, `name`, `sexe_id`, `nationalite`, `adresse`, `email`, `contact`, `salaire`, `objectif`, `disponibilite_id`, `image`, `visibility`, `created`, `modified`, `protected`, `valide`) VALUES
(1, 'La boutique', 1, NULL, 'Magazin à bassam', NULL, '...', 0, 0, 2, 'default.png', 0, '2020-06-02 10:39:06', '2020-06-02 10:39:06', 1, 1),
(2, 'Hélène', 2, 'ivoirienne', 'grand-bassam', NULL, '55681124', 30000, 10000, 2, 'default.png', 1, '2020-06-02 11:05:47', '2020-06-02 11:05:47', 0, 1),
(3, 'Yolande', 2, 'ivoirienne', 'grand-bassam', NULL, '05677853', 30000, 10000, 2, 'default.png', 1, '2020-06-02 11:08:32', '2020-06-02 11:08:32', 0, 1),
(4, 'ingrid', 2, 'ivoirienne', 'grand-bassam', NULL, '......', 20000, 10000, 2, 'default.png', 1, '2020-06-02 13:17:22', '2020-06-02 13:17:22', 0, 1),
(5, 'yoram', 1, 'ivoiriennne', 'grand-bassam', NULL, '.......', 0, 0, 2, 'default.png', 1, '2020-06-10 09:52:44', '2020-06-10 09:52:44', 0, 1);

-- --------------------------------------------------------

--
-- Structure de la table `comptebanque`
--

CREATE TABLE `comptebanque` (
  `id` int(11) NOT NULL,
  `name` varchar(200) COLLATE utf8_bin NOT NULL,
  `initial` int(11) NOT NULL DEFAULT '0',
  `numero` varchar(50) COLLATE utf8_bin DEFAULT '0',
  `etablissement` varchar(100) COLLATE utf8_bin DEFAULT '0',
  `created` datetime DEFAULT NULL,
  `modified` datetime DEFAULT NULL,
  `protected` int(11) NOT NULL DEFAULT '0',
  `valide` int(11) NOT NULL DEFAULT '1'
) ENGINE=InnoDB DEFAULT CHARSET=utf8 COLLATE=utf8_bin ROW_FORMAT=DYNAMIC;

--
-- Déchargement des données de la table `comptebanque`
--

INSERT INTO `comptebanque` (`id`, `name`, `initial`, `numero`, `etablissement`, `created`, `modified`, `protected`, `valide`) VALUES
(1, 'Caisse courante', 27900, NULL, NULL, '2020-06-25 14:20:28', '2020-06-25 14:20:28', 1, 1),
(2, 'Fond de commerce', 0, '', '', '2020-06-25 14:21:34', '2020-06-25 14:21:34', 0, 1),
(3, 'compte epargne', 188000, '', 'MICROCRED', '2020-06-25 15:27:24', '2020-06-25 15:27:24', 0, 1);

-- --------------------------------------------------------

--
-- Structure de la table `connexion`
--

CREATE TABLE `connexion` (
  `id` int(11) NOT NULL,
  `date_connexion` datetime DEFAULT NULL,
  `date_deconnexion` timestamp NULL DEFAULT NULL,
  `employe_id` int(11) DEFAULT NULL,
  `created` datetime DEFAULT NULL,
  `modified` datetime DEFAULT NULL,
  `protected` int(11) NOT NULL DEFAULT '1',
  `valide` int(11) NOT NULL DEFAULT '1'
) ENGINE=InnoDB DEFAULT CHARSET=utf8 COLLATE=utf8_bin;

--
-- Déchargement des données de la table `connexion`
--

INSERT INTO `connexion` (`id`, `date_connexion`, `date_deconnexion`, `employe_id`, `created`, `modified`, `protected`, `valide`) VALUES
(1, '2020-06-02 10:39:26', '2020-06-02 10:47:14', 1, '2020-06-02 10:39:26', '2020-06-02 10:39:26', 0, 1),
(2, '2020-06-02 11:00:30', '2020-06-02 09:00:52', 2, '2020-06-02 11:00:30', '2020-06-02 11:00:30', 0, 1),
(3, '2020-06-02 11:01:18', '2020-06-02 12:09:27', 2, '2020-06-02 11:01:18', '2020-06-02 11:01:18', 0, 1),
(4, '2020-06-02 12:47:14', '2020-06-02 15:07:25', 1, '2020-06-02 12:47:14', '2020-06-02 12:47:14', 0, 1),
(5, '2020-06-02 14:09:27', '2020-06-05 12:31:26', 2, '2020-06-02 14:09:27', '2020-06-02 14:09:27', 0, 1),
(6, '2020-06-02 17:07:25', '2020-06-03 07:59:40', 1, '2020-06-02 17:07:25', '2020-06-02 17:07:25', 0, 1),
(7, '2020-06-03 09:59:40', '2020-06-03 09:01:22', 1, '2020-06-03 09:59:40', '2020-06-03 09:59:40', 0, 1),
(8, '2020-06-03 11:01:22', '2020-06-03 16:16:59', 1, '2020-06-03 11:01:22', '2020-06-03 11:01:22', 0, 1),
(9, '2020-06-03 18:16:59', '2020-06-04 08:18:25', 1, '2020-06-03 18:16:59', '2020-06-03 18:16:59', 0, 1),
(10, '2020-06-03 18:20:50', '2020-06-06 10:06:37', 3, '2020-06-03 18:20:50', '2020-06-03 18:20:50', 0, 1),
(11, '2020-06-04 10:18:25', '2020-06-05 13:14:31', 1, '2020-06-04 10:18:25', '2020-06-04 10:18:25', 0, 1),
(12, '2020-06-05 14:31:27', '2020-06-05 12:49:48', 2, '2020-06-05 14:31:27', '2020-06-05 14:31:27', 0, 1),
(13, '2020-06-05 14:49:48', '2020-06-06 10:18:58', 2, '2020-06-05 14:49:48', '2020-06-05 14:49:48', 0, 1),
(14, '2020-06-05 15:14:31', '2020-06-08 07:40:17', 1, '2020-06-05 15:14:31', '2020-06-05 15:14:31', 0, 1),
(15, '2020-06-06 12:06:37', '2020-06-10 18:29:45', 3, '2020-06-06 12:06:37', '2020-06-06 12:06:37', 0, 1),
(16, '2020-06-06 12:18:58', '2020-06-06 10:21:16', 2, '2020-06-06 12:18:58', '2020-06-06 12:18:58', 0, 1),
(17, '2020-06-06 12:21:16', '2020-06-06 10:49:12', 2, '2020-06-06 12:21:16', '2020-06-06 12:21:16', 0, 1),
(18, '2020-06-06 12:49:12', '2020-06-06 10:52:15', 2, '2020-06-06 12:49:12', '2020-06-06 12:49:12', 0, 1),
(19, '2020-06-06 12:52:15', '2020-06-06 10:55:20', 2, '2020-06-06 12:52:15', '2020-06-06 12:52:15', 0, 1),
(20, '2020-06-06 12:55:20', '2020-06-08 06:21:56', 2, '2020-06-06 12:55:20', '2020-06-06 12:55:20', 0, 1),
(21, '2020-06-08 08:21:56', '2020-06-08 06:58:40', 2, '2020-06-08 08:21:56', '2020-06-08 08:21:56', 0, 1),
(22, '2020-06-08 08:58:40', '2020-06-08 07:41:44', 2, '2020-06-08 08:58:40', '2020-06-08 08:58:40', 0, 1),
(23, '2020-06-08 09:40:17', '2020-06-09 08:50:11', 1, '2020-06-08 09:40:17', '2020-06-08 09:40:17', 0, 1),
(24, '2020-06-08 09:41:44', '2020-06-08 13:17:55', 2, '2020-06-08 09:41:44', '2020-06-08 09:41:44', 0, 1),
(25, '2020-06-08 15:17:55', '2020-06-08 13:55:33', 2, '2020-06-08 15:17:55', '2020-06-08 15:17:55', 0, 1),
(26, '2020-06-08 15:55:33', '2020-06-08 14:35:57', 2, '2020-06-08 15:55:33', '2020-06-08 15:55:33', 0, 1),
(27, '2020-06-08 16:35:57', '2020-06-09 07:37:36', 2, '2020-06-08 16:35:57', '2020-06-08 16:35:57', 0, 1),
(28, '2020-06-09 09:37:36', '2020-06-09 11:04:21', 2, '2020-06-09 09:37:36', '2020-06-09 09:37:36', 0, 1),
(29, '2020-06-09 10:50:12', '2020-06-09 10:40:34', 1, '2020-06-09 10:50:12', '2020-06-09 10:50:12', 0, 1),
(30, '2020-06-09 12:40:34', '2020-06-09 11:03:09', 1, '2020-06-09 12:40:34', '2020-06-09 12:40:34', 0, 1),
(31, '2020-06-09 13:03:09', '2020-06-09 11:51:20', 1, '2020-06-09 13:03:09', '2020-06-09 13:03:09', 0, 1),
(32, '2020-06-09 13:04:21', '2020-06-09 11:19:43', 2, '2020-06-09 13:04:21', '2020-06-09 13:04:21', 0, 1),
(33, '2020-06-09 13:19:43', '2020-06-09 11:48:02', 2, '2020-06-09 13:19:43', '2020-06-09 13:19:43', 0, 1),
(34, '2020-06-09 13:48:02', '2020-06-09 13:10:42', 2, '2020-06-09 13:48:02', '2020-06-09 13:48:02', 0, 1),
(35, '2020-06-09 13:51:20', '2020-06-09 11:55:46', 1, '2020-06-09 13:51:20', '2020-06-09 13:51:20', 0, 1),
(36, '2020-06-09 13:56:20', '2020-06-09 13:20:30', 1, '2020-06-09 13:56:20', '2020-06-09 13:56:20', 0, 1),
(37, '2020-06-09 15:10:42', '2020-06-10 07:19:17', 2, '2020-06-09 15:10:42', '2020-06-09 15:10:42', 0, 1),
(38, '2020-06-09 15:20:30', '2020-06-09 15:54:31', 1, '2020-06-09 15:20:30', '2020-06-09 15:20:30', 0, 1),
(39, '2020-06-09 17:54:31', '2020-06-09 16:04:27', 1, '2020-06-09 17:54:31', '2020-06-09 17:54:31', 0, 1),
(40, '2020-06-09 18:04:40', '2020-06-10 07:33:16', 1, '2020-06-09 18:04:40', '2020-06-09 18:04:40', 0, 1),
(41, '2020-06-10 09:19:17', '2020-06-10 07:21:37', 2, '2020-06-10 09:19:17', '2020-06-10 09:19:17', 0, 1),
(42, '2020-06-10 09:21:37', '2020-06-10 07:40:49', 2, '2020-06-10 09:21:37', '2020-06-10 09:21:37', 0, 1),
(43, '2020-06-10 09:33:16', '2020-06-10 07:39:48', 1, '2020-06-10 09:33:16', '2020-06-10 09:33:16', 0, 1),
(44, '2020-06-10 09:39:48', '2020-06-10 14:22:53', 1, '2020-06-10 09:39:48', '2020-06-10 09:39:48', 0, 1),
(45, '2020-06-10 09:40:49', '2020-06-10 08:19:51', 2, '2020-06-10 09:40:49', '2020-06-10 09:40:49', 0, 1),
(46, '2020-06-10 10:19:52', '2020-06-10 11:11:56', 2, '2020-06-10 10:19:52', '2020-06-10 10:19:52', 0, 1),
(47, '2020-06-10 13:11:56', '2020-06-10 11:35:43', 2, '2020-06-10 13:11:56', '2020-06-10 13:11:56', 0, 1),
(48, '2020-06-10 13:35:43', '2020-06-10 11:39:38', 2, '2020-06-10 13:35:43', '2020-06-10 13:35:43', 0, 1),
(49, '2020-06-10 13:39:38', '2020-06-10 11:47:17', 2, '2020-06-10 13:39:38', '2020-06-10 13:39:38', 0, 1),
(50, '2020-06-10 13:47:17', '2020-06-10 11:55:46', 2, '2020-06-10 13:47:17', '2020-06-10 13:47:17', 0, 1),
(51, '2020-06-10 13:55:46', '2020-06-10 14:29:23', 2, '2020-06-10 13:55:46', '2020-06-10 13:55:46', 0, 1),
(52, '2020-06-10 16:22:53', '2020-06-10 14:30:53', 1, '2020-06-10 16:22:53', '2020-06-10 16:22:53', 0, 1),
(53, '2020-06-10 16:29:23', '2020-06-11 15:16:00', 2, '2020-06-10 16:29:23', '2020-06-10 16:29:23', 0, 1),
(54, '2020-06-10 16:30:53', '2020-06-11 15:54:40', 1, '2020-06-10 16:30:53', '2020-06-10 16:30:53', 0, 1),
(55, '2020-06-10 20:29:45', '2020-06-11 16:52:25', 3, '2020-06-10 20:29:45', '2020-06-10 20:29:45', 0, 1),
(56, '2020-06-11 17:16:00', '2020-06-11 16:22:32', 2, '2020-06-11 17:16:00', '2020-06-11 17:16:00', 0, 1),
(57, '2020-06-11 17:54:40', '2020-06-11 16:17:05', 1, '2020-06-11 17:54:40', '2020-06-11 17:54:40', 0, 1),
(58, '2020-06-11 18:17:05', '2020-06-12 08:32:11', 1, '2020-06-11 18:17:05', '2020-06-11 18:17:05', 0, 1),
(59, '2020-06-11 18:22:32', '2020-06-12 08:21:01', 2, '2020-06-11 18:22:32', '2020-06-11 18:22:32', 0, 1),
(60, '2020-06-11 18:52:26', '2020-06-14 15:05:47', 3, '2020-06-11 18:52:26', '2020-06-11 18:52:26', 0, 1),
(61, '2020-06-12 10:21:01', '2020-06-12 08:27:32', 2, '2020-06-12 10:21:01', '2020-06-12 10:21:01', 0, 1),
(62, '2020-06-12 10:27:32', '2020-06-12 10:02:22', 2, '2020-06-12 10:27:32', '2020-06-12 10:27:32', 0, 1),
(63, '2020-06-12 10:32:11', '2020-06-12 12:33:18', 1, '2020-06-12 10:32:11', '2020-06-12 10:32:11', 0, 1),
(64, '2020-06-12 12:02:22', '2020-06-12 10:49:15', 2, '2020-06-12 12:02:22', '2020-06-12 12:02:22', 0, 1),
(65, '2020-06-12 12:49:15', '2020-06-12 15:30:49', 2, '2020-06-12 12:49:15', '2020-06-12 12:49:15', 0, 1),
(66, '2020-06-12 14:33:19', '2020-06-12 12:33:46', 1, '2020-06-12 14:33:19', '2020-06-12 14:33:19', 0, 1),
(67, '2020-06-12 14:33:46', '2020-06-12 13:23:31', 1, '2020-06-12 14:33:46', '2020-06-12 14:33:46', 0, 1),
(68, '2020-06-12 15:23:31', '2020-06-15 08:16:54', 1, '2020-06-12 15:23:31', '2020-06-12 15:23:31', 0, 1),
(69, '2020-06-12 17:30:49', '2020-06-12 15:37:45', 2, '2020-06-12 17:30:49', '2020-06-12 17:30:49', 0, 1),
(70, '2020-06-12 17:37:45', '2020-06-13 09:48:12', 2, '2020-06-12 17:37:45', '2020-06-12 17:37:45', 0, 1),
(71, '2020-06-13 11:48:12', '2020-06-13 14:59:52', 2, '2020-06-13 11:48:12', '2020-06-13 11:48:12', 0, 1),
(72, '2020-06-13 16:59:52', '2020-06-14 14:03:50', 2, '2020-06-13 16:59:52', '2020-06-13 16:59:52', 0, 1),
(73, '2020-06-14 16:03:50', '2020-06-14 14:23:50', 2, '2020-06-14 16:03:50', '2020-06-14 16:03:50', 0, 1),
(74, '2020-06-14 16:23:50', '2020-06-14 14:37:56', 2, '2020-06-14 16:23:50', '2020-06-14 16:23:50', 0, 1),
(75, '2020-06-14 16:37:56', '2020-06-14 16:28:38', 2, '2020-06-14 16:37:56', '2020-06-14 16:37:56', 0, 1),
(76, '2020-06-14 17:05:47', '2020-06-20 10:06:53', 3, '2020-06-14 17:05:47', '2020-06-14 17:05:47', 0, 1),
(77, '2020-06-14 18:28:38', '2020-06-15 08:19:59', 2, '2020-06-14 18:28:38', '2020-06-14 18:28:38', 0, 1),
(78, '2020-06-15 10:16:54', '2020-06-15 08:37:22', 1, '2020-06-15 10:16:54', '2020-06-15 10:16:54', 0, 1),
(79, '2020-06-15 10:19:59', '2020-06-15 09:18:28', 2, '2020-06-15 10:19:59', '2020-06-15 10:19:59', 0, 1),
(80, '2020-06-15 10:37:22', '2020-06-15 08:43:01', 1, '2020-06-15 10:37:22', '2020-06-15 10:37:22', 0, 1),
(81, '2020-06-15 10:43:02', '2020-06-15 08:57:19', 1, '2020-06-15 10:43:02', '2020-06-15 10:43:02', 0, 1),
(82, '2020-06-15 10:57:19', '2020-06-15 12:29:51', 1, '2020-06-15 10:57:19', '2020-06-15 10:57:19', 0, 1),
(83, '2020-06-15 11:18:28', '2020-06-15 12:08:25', 2, '2020-06-15 11:18:28', '2020-06-15 11:18:28', 0, 1),
(84, '2020-06-15 14:08:25', '2020-06-16 08:26:56', 2, '2020-06-15 14:08:25', '2020-06-15 14:08:25', 0, 1),
(85, '2020-06-15 14:29:52', '2020-06-15 16:00:44', 1, '2020-06-15 14:29:52', '2020-06-15 14:29:52', 0, 1),
(86, '2020-06-15 18:00:44', '2020-06-16 14:07:49', 1, '2020-06-15 18:00:44', '2020-06-15 18:00:44', 0, 1),
(87, '2020-06-16 10:26:56', '2020-06-16 09:14:09', 2, '2020-06-16 10:26:56', '2020-06-16 10:26:56', 0, 1),
(88, '2020-06-16 11:14:10', '2020-06-16 10:44:55', 2, '2020-06-16 11:14:10', '2020-06-16 11:14:10', 0, 1),
(89, '2020-06-16 12:44:55', '2020-06-16 11:17:24', 2, '2020-06-16 12:44:55', '2020-06-16 12:44:55', 0, 1),
(90, '2020-06-16 13:17:24', '2020-06-16 12:40:06', 2, '2020-06-16 13:17:24', '2020-06-16 13:17:24', 0, 1),
(91, '2020-06-16 14:40:06', '2020-06-16 17:26:16', 2, '2020-06-16 14:40:06', '2020-06-16 14:40:06', 0, 1),
(92, '2020-06-16 16:07:49', '2020-06-19 08:13:47', 1, '2020-06-16 16:07:49', '2020-06-16 16:07:49', 0, 1),
(93, '2020-06-16 19:26:16', '2020-06-17 09:11:04', 2, '2020-06-16 19:26:16', '2020-06-16 19:26:16', 0, 1),
(94, '2020-06-17 11:11:04', '2020-06-17 09:26:47', 2, '2020-06-17 11:11:04', '2020-06-17 11:11:04', 0, 1),
(95, '2020-06-17 11:49:52', '2020-06-17 10:22:06', 2, '2020-06-17 11:49:52', '2020-06-17 11:49:52', 0, 1),
(96, '2020-06-17 12:22:06', '2020-06-17 10:32:51', 2, '2020-06-17 12:22:06', '2020-06-17 12:22:06', 0, 1),
(97, '2020-06-17 12:32:52', '2020-06-17 12:22:17', 2, '2020-06-17 12:32:52', '2020-06-17 12:32:52', 0, 1),
(98, '2020-06-17 14:22:17', '2020-06-17 12:39:21', 2, '2020-06-17 14:22:17', '2020-06-17 14:22:17', 0, 1),
(99, '2020-06-17 14:39:21', '2020-06-17 13:50:11', 2, '2020-06-17 14:39:21', '2020-06-17 14:39:21', 0, 1),
(100, '2020-06-17 15:50:11', '2020-06-18 12:21:18', 2, '2020-06-17 15:50:11', '2020-06-17 15:50:11', 0, 1),
(101, '2020-06-18 14:21:18', '2020-06-18 13:36:41', 2, '2020-06-18 14:21:18', '2020-06-18 14:21:18', 0, 1),
(102, '2020-06-18 15:36:41', '2020-06-18 14:20:49', 2, '2020-06-18 15:36:41', '2020-06-18 15:36:41', 0, 1),
(103, '2020-06-18 16:20:49', '2020-06-18 15:20:59', 2, '2020-06-18 16:20:49', '2020-06-18 16:20:49', 0, 1),
(104, '2020-06-18 17:20:59', '2020-06-18 15:37:18', 2, '2020-06-18 17:20:59', '2020-06-18 17:20:59', 0, 1),
(105, '2020-06-18 17:37:18', '2020-06-19 10:53:36', 2, '2020-06-18 17:37:18', '2020-06-18 17:37:18', 0, 1),
(106, '2020-06-19 10:13:47', '2020-06-19 08:27:22', 1, '2020-06-19 10:13:47', '2020-06-19 10:13:47', 0, 1),
(107, '2020-06-19 10:27:22', '2020-06-19 11:02:13', 1, '2020-06-19 10:27:22', '2020-06-19 10:27:22', 0, 1),
(108, '2020-06-19 11:16:11', NULL, 4, '2020-06-19 11:16:11', '2020-06-19 11:16:11', 0, 1),
(109, '2020-06-19 12:53:36', '2020-06-19 12:20:06', 2, '2020-06-19 12:53:36', '2020-06-19 12:53:36', 0, 1),
(110, '2020-06-19 13:02:13', '2020-06-20 09:44:05', 1, '2020-06-19 13:02:13', '2020-06-19 13:02:13', 0, 1),
(111, '2020-06-19 14:20:06', '2020-06-20 08:53:34', 2, '2020-06-19 14:20:06', '2020-06-19 14:20:06', 0, 1),
(112, '2020-06-20 10:53:34', '2020-06-20 10:05:05', 2, '2020-06-20 10:53:34', '2020-06-20 10:53:34', 0, 1),
(113, '2020-06-20 11:44:05', '2020-06-20 10:33:40', 1, '2020-06-20 11:44:05', '2020-06-20 11:44:05', 0, 1),
(114, '2020-06-20 12:05:05', '2020-06-20 12:14:40', 2, '2020-06-20 12:05:05', '2020-06-20 12:05:05', 0, 1),
(115, '2020-06-20 12:06:53', '2020-06-23 22:47:51', 3, '2020-06-20 12:06:53', '2020-06-20 12:06:53', 0, 1),
(116, '2020-06-20 12:33:40', '2020-06-22 09:52:58', 1, '2020-06-20 12:33:40', '2020-06-20 12:33:40', 0, 1),
(117, '2020-06-20 14:14:40', '2020-06-20 12:56:11', 2, '2020-06-20 14:14:40', '2020-06-20 14:14:40', 0, 1),
(118, '2020-06-20 14:56:11', '2020-06-20 14:33:37', 2, '2020-06-20 14:56:11', '2020-06-20 14:56:11', 0, 1),
(119, '2020-06-20 16:33:37', '2020-06-20 15:51:56', 2, '2020-06-20 16:33:37', '2020-06-20 16:33:37', 0, 1),
(120, '2020-06-20 17:51:56', '2020-06-21 10:32:25', 2, '2020-06-20 17:51:56', '2020-06-20 17:51:56', 0, 1),
(121, '2020-06-21 12:32:25', '2020-06-21 10:48:13', 2, '2020-06-21 12:32:25', '2020-06-21 12:32:25', 0, 1),
(122, '2020-06-21 12:48:13', '2020-06-22 09:40:48', 2, '2020-06-21 12:48:13', '2020-06-21 12:48:13', 0, 1),
(123, '2020-06-22 11:40:48', '2020-06-22 09:40:59', 2, '2020-06-22 11:40:48', '2020-06-22 11:40:48', 0, 1),
(124, '2020-06-22 11:40:59', '2020-06-22 10:29:57', 2, '2020-06-22 11:40:59', '2020-06-22 11:40:59', 0, 1),
(125, '2020-06-22 11:52:59', '2020-06-24 13:17:43', 1, '2020-06-22 11:52:59', '2020-06-22 11:52:59', 0, 1),
(126, '2020-06-22 12:29:57', '2020-06-22 13:32:20', 2, '2020-06-22 12:29:57', '2020-06-22 12:29:57', 0, 1),
(127, '2020-06-22 15:32:20', '2020-06-22 14:24:51', 2, '2020-06-22 15:32:20', '2020-06-22 15:32:20', 0, 1),
(128, '2020-06-22 16:24:51', '2020-06-22 16:49:10', 2, '2020-06-22 16:24:51', '2020-06-22 16:24:51', 0, 1),
(129, '2020-06-22 18:49:10', '2020-06-23 07:18:20', 2, '2020-06-22 18:49:10', '2020-06-22 18:49:10', 0, 1),
(130, '2020-06-23 09:18:20', '2020-06-23 08:00:38', 2, '2020-06-23 09:18:20', '2020-06-23 09:18:20', 0, 1),
(131, '2020-06-23 10:00:38', '2020-06-23 14:34:18', 2, '2020-06-23 10:00:38', '2020-06-23 10:00:38', 0, 1),
(132, '2020-06-23 16:34:18', '2020-06-23 14:47:23', 2, '2020-06-23 16:34:18', '2020-06-23 16:34:18', 0, 1),
(133, '2020-06-23 16:47:24', '2020-06-24 10:13:25', 2, '2020-06-23 16:47:24', '2020-06-23 16:47:24', 0, 1),
(134, '2020-06-24 00:47:51', '2020-06-23 22:53:48', 3, '2020-06-24 00:47:51', '2020-06-24 00:47:51', 0, 1),
(135, '2020-06-24 12:13:25', '2020-06-24 11:45:23', 2, '2020-06-24 12:13:25', '2020-06-24 12:13:25', 0, 1),
(136, '2020-06-24 13:45:23', '2020-06-24 12:28:25', 2, '2020-06-24 13:45:23', '2020-06-24 13:45:23', 0, 1),
(137, '2020-06-24 14:28:25', '2020-06-24 13:16:55', 2, '2020-06-24 14:28:25', '2020-06-24 14:28:25', 0, 1),
(138, '2020-06-24 15:16:55', '2020-06-24 15:41:55', 2, '2020-06-24 15:16:55', '2020-06-24 15:16:55', 0, 1),
(139, '2020-06-24 15:17:43', '2020-06-24 15:41:42', 1, '2020-06-24 15:17:43', '2020-06-24 15:17:43', 0, 1),
(140, '2020-06-24 17:41:42', '2020-06-25 08:00:44', 1, '2020-06-24 17:41:42', '2020-06-24 17:41:42', 0, 1),
(141, '2020-06-24 17:41:55', '2020-06-25 09:41:55', 2, '2020-06-24 17:41:55', '2020-06-24 17:41:55', 0, 1),
(142, '2020-06-25 10:00:44', '2020-06-25 10:03:20', 1, '2020-06-25 10:00:44', '2020-06-25 10:00:44', 0, 1),
(143, '2020-06-25 11:41:55', '2020-06-25 10:08:59', 2, '2020-06-25 11:41:55', '2020-06-25 11:41:55', 0, 1),
(144, '2020-06-25 12:03:20', '2020-06-25 12:20:52', 1, '2020-06-25 12:03:20', '2020-06-25 12:03:20', 0, 1),
(145, '2020-06-25 12:09:00', '2020-06-25 11:06:24', 2, '2020-06-25 12:09:00', '2020-06-25 12:09:00', 0, 1),
(146, '2020-06-25 13:06:24', '2020-06-25 13:23:29', 2, '2020-06-25 13:06:24', '2020-06-25 13:06:24', 0, 1),
(147, '2020-06-25 14:20:52', '2020-06-26 10:21:00', 1, '2020-06-25 14:20:52', '2020-06-25 14:20:52', 0, 1),
(148, '2020-06-25 15:23:29', '2020-06-25 13:46:43', 2, '2020-06-25 15:23:29', '2020-06-25 15:23:29', 0, 1),
(149, '2020-06-25 15:46:44', '2020-06-25 15:38:30', 2, '2020-06-25 15:46:44', '2020-06-25 15:46:44', 0, 1),
(150, '2020-06-25 17:38:30', '2020-06-26 10:16:52', 2, '2020-06-25 17:38:30', '2020-06-25 17:38:30', 0, 1),
(151, '2020-06-26 12:16:52', '2020-06-26 10:36:51', 2, '2020-06-26 12:16:52', '2020-06-26 12:16:52', 0, 1),
(152, '2020-06-26 12:21:00', '2020-06-26 10:26:49', 1, '2020-06-26 12:21:00', '2020-06-26 12:21:00', 0, 1),
(153, '2020-06-26 12:36:51', '2020-06-26 14:15:36', 2, '2020-06-26 12:36:51', '2020-06-26 12:36:51', 0, 1),
(154, '2020-06-26 16:15:36', '2020-06-26 16:03:04', 2, '2020-06-26 16:15:36', '2020-06-26 16:15:36', 0, 1),
(155, '2020-06-26 18:03:04', '2020-06-30 11:27:56', 2, '2020-06-26 18:03:04', '2020-06-26 18:03:04', 0, 1),
(156, '2020-06-30 12:36:28', '2020-06-30 12:17:08', 1, '2020-06-30 12:36:28', '2020-06-30 12:36:28', 0, 1),
(157, '2020-06-30 13:27:56', '2020-06-30 12:38:52', 2, '2020-06-30 13:27:56', '2020-06-30 13:27:56', 0, 1),
(158, '2020-06-30 14:17:08', '2020-06-30 12:39:03', 1, '2020-06-30 14:17:08', '2020-06-30 14:17:08', 0, 1),
(159, '2020-06-30 14:39:03', '2020-06-30 14:43:47', 1, '2020-06-30 14:39:03', '2020-06-30 14:39:03', 0, 1),
(160, '2020-06-30 15:16:33', '2020-06-30 15:34:03', 2, '2020-06-30 15:16:33', '2020-06-30 15:16:33', 0, 1),
(161, '2020-06-30 16:43:47', '2020-06-30 14:44:09', 1, '2020-06-30 16:43:47', '2020-06-30 16:43:47', 0, 1),
(162, '2020-06-30 16:45:14', NULL, 3, '2020-06-30 16:45:14', '2020-06-30 16:45:14', 0, 1),
(163, '2020-06-30 17:34:03', '2020-06-30 16:03:13', 2, '2020-06-30 17:34:03', '2020-06-30 17:34:03', 0, 1),
(164, '2020-06-30 18:03:13', '2020-07-01 11:31:10', 2, '2020-06-30 18:03:13', '2020-06-30 18:03:13', 0, 1),
(165, '2020-07-01 13:31:10', '2020-07-01 14:12:31', 2, '2020-07-01 13:31:10', '2020-07-01 13:31:10', 0, 1),
(166, '2020-07-01 16:12:31', '2020-07-02 14:21:32', 2, '2020-07-01 16:12:31', '2020-07-01 16:12:31', 0, 1),
(167, '2020-07-01 16:33:05', '2020-07-02 11:54:14', 1, '2020-07-01 16:33:05', '2020-07-01 16:33:05', 0, 1),
(168, '2020-07-02 13:54:15', '2020-07-06 10:01:49', 1, '2020-07-02 13:54:15', '2020-07-02 13:54:15', 0, 1),
(169, '2020-07-02 16:21:32', '2020-07-02 15:09:42', 2, '2020-07-02 16:21:32', '2020-07-02 16:21:32', 0, 1),
(170, '2020-07-02 17:09:42', '2020-07-02 16:27:20', 2, '2020-07-02 17:09:42', '2020-07-02 17:09:42', 0, 1),
(171, '2020-07-02 18:27:20', '2020-07-02 16:44:15', 2, '2020-07-02 18:27:20', '2020-07-02 18:27:20', 0, 1),
(172, '2020-07-02 18:44:15', '2020-07-05 06:16:39', 2, '2020-07-02 18:44:15', '2020-07-02 18:44:15', 0, 1),
(173, '2020-07-05 08:16:39', '2020-07-05 06:34:05', 2, '2020-07-05 08:16:39', '2020-07-05 08:16:39', 0, 1),
(174, '2020-07-05 08:34:05', '2020-07-05 06:46:27', 2, '2020-07-05 08:34:05', '2020-07-05 08:34:05', 0, 1),
(175, '2020-07-05 08:46:27', '2020-07-05 06:59:16', 2, '2020-07-05 08:46:27', '2020-07-05 08:46:27', 0, 1),
(176, '2020-07-05 08:59:16', '2020-07-05 07:01:26', 2, '2020-07-05 08:59:16', '2020-07-05 08:59:16', 0, 1),
(177, '2020-07-05 09:01:26', '2020-07-06 09:23:21', 2, '2020-07-05 09:01:26', '2020-07-05 09:01:26', 0, 1),
(178, '2020-07-06 11:23:21', '2020-07-06 15:32:56', 2, '2020-07-06 11:23:21', '2020-07-06 11:23:21', 0, 1),
(179, '2020-07-06 12:01:49', '2020-07-06 15:30:17', 1, '2020-07-06 12:01:49', '2020-07-06 12:01:49', 0, 1),
(180, '2020-07-06 17:30:17', '2020-07-07 15:56:49', 1, '2020-07-06 17:30:17', '2020-07-06 17:30:17', 0, 1),
(181, '2020-07-06 17:32:56', '2020-07-06 15:58:53', 2, '2020-07-06 17:32:56', '2020-07-06 17:32:56', 0, 1),
(182, '2020-07-06 17:58:53', '2020-07-07 15:10:16', 2, '2020-07-06 17:58:53', '2020-07-06 17:58:53', 0, 1),
(183, '2020-07-07 17:10:16', '2020-07-07 15:31:55', 2, '2020-07-07 17:10:16', '2020-07-07 17:10:16', 0, 1),
(184, '2020-07-07 17:31:55', '2020-07-07 15:54:13', 2, '2020-07-07 17:31:55', '2020-07-07 17:31:55', 0, 1),
(185, '2020-07-07 17:54:13', '2020-07-08 15:17:10', 2, '2020-07-07 17:54:13', '2020-07-07 17:54:13', 0, 1),
(186, '2020-07-07 17:56:51', '2020-07-08 15:20:56', 1, '2020-07-07 17:56:51', '2020-07-07 17:56:51', 0, 1),
(187, '2020-07-08 17:17:10', NULL, 2, '2020-07-08 17:17:10', '2020-07-08 17:17:10', 0, 1),
(188, '2020-07-08 17:20:56', '2020-07-08 15:30:55', 1, '2020-07-08 17:20:56', '2020-07-08 17:20:56', 0, 1),
(189, '2020-07-08 17:30:56', '2020-07-08 16:08:50', 1, '2020-07-08 17:30:56', '2020-07-08 17:30:56', 0, 1),
(190, '2020-07-08 18:08:50', '2020-07-09 08:13:09', 1, '2020-07-08 18:08:50', '2020-07-08 18:08:50', 0, 1),
(191, '2020-07-09 10:13:09', '2020-07-09 16:08:13', 1, '2020-07-09 10:13:09', '2020-07-09 10:13:09', 0, 1),
(192, '2020-07-09 16:08:13', '2020-07-09 16:20:57', 1, '2020-07-09 16:08:13', NULL, 0, 1),
(193, '2020-07-09 16:20:58', '2020-07-09 17:10:46', 1, '2020-07-09 16:20:58', NULL, 0, 1),
(194, '2020-07-09 17:10:47', '2020-07-09 17:31:32', 1, '2020-07-09 17:10:47', NULL, 0, 1),
(195, '2020-07-09 17:31:33', '2020-07-09 17:36:41', 1, '2020-07-09 17:31:33', NULL, 0, 1),
(196, '2020-07-09 17:36:42', NULL, 1, '2020-07-09 17:36:42', NULL, 0, 1);

-- --------------------------------------------------------

--
-- Structure de la table `cotation`
--

CREATE TABLE `cotation` (
  `id` int(11) NOT NULL,
  `prestataire_id` int(11) NOT NULL,
  `objet` text NOT NULL,
  `started` date DEFAULT NULL,
  `finished` date DEFAULT NULL,
  `comment` text NOT NULL,
  `etat_id` int(11) NOT NULL,
  `created` datetime DEFAULT NULL,
  `modified` datetime DEFAULT NULL,
  `protected` int(11) NOT NULL DEFAULT '0',
  `valide` int(11) NOT NULL DEFAULT '1'
) ENGINE=InnoDB DEFAULT CHARSET=utf8;

-- --------------------------------------------------------

--
-- Structure de la table `demandeentretien`
--

CREATE TABLE `demandeentretien` (
  `id` int(11) NOT NULL,
  `typeentretienvehicule_id` int(11) NOT NULL,
  `reference` varchar(10) COLLATE utf8_bin DEFAULT NULL,
  `vehicule_id` int(11) NOT NULL,
  `carplan_id` int(11) DEFAULT NULL,
  `comment` text COLLATE utf8_bin NOT NULL,
  `image` varchar(200) COLLATE utf8_bin DEFAULT NULL,
  `etat_id` int(11) NOT NULL,
  `date_approuve` datetime DEFAULT NULL,
  `employe_id` int(11) DEFAULT NULL,
  `created` datetime DEFAULT NULL,
  `modified` datetime DEFAULT NULL,
  `protected` int(11) NOT NULL DEFAULT '0',
  `valide` int(11) NOT NULL DEFAULT '1'
) ENGINE=InnoDB DEFAULT CHARSET=utf8 COLLATE=utf8_bin;

-- --------------------------------------------------------

--
-- Structure de la table `demandevehicule`
--

CREATE TABLE `demandevehicule` (
  `id` int(11) NOT NULL,
  `ticket` varchar(10) NOT NULL,
  `typemission_id` int(11) NOT NULL,
  `departement_id` int(11) NOT NULL,
  `utilisateur_id` int(11) NOT NULL,
  `objet` varchar(200) NOT NULL,
  `lieu` varchar(200) DEFAULT NULL,
  `caracteristique` varchar(200) DEFAULT NULL,
  `comment` text NOT NULL,
  `vehicule_id` int(11) DEFAULT NULL,
  `chauffeur_id` int(11) DEFAULT NULL,
  `date_approuve` datetime DEFAULT NULL,
  `typedotation_id` int(11) DEFAULT NULL,
  `date_validation_dg` datetime DEFAULT NULL,
  `with_chauffeur` int(11) NOT NULL,
  `etape` int(11) NOT NULL,
  `etat_id` int(1) DEFAULT NULL,
  `carburant` int(11) DEFAULT NULL,
  `dotation` int(11) DEFAULT NULL,
  `date_validation_rh` datetime DEFAULT NULL,
  `created` datetime DEFAULT NULL,
  `modified` datetime DEFAULT NULL,
  `protected` int(11) NOT NULL DEFAULT '0',
  `valide` int(11) NOT NULL DEFAULT '1',
  `started` datetime DEFAULT NULL,
  `finished` datetime DEFAULT NULL,
  `gestionnaire_id` int(11) DEFAULT NULL,
  `refus_comment` text
) ENGINE=InnoDB DEFAULT CHARSET=utf8;

-- --------------------------------------------------------

--
-- Structure de la table `disponibilite`
--

CREATE TABLE `disponibilite` (
  `id` int(11) NOT NULL,
  `name` varchar(200) COLLATE utf8_bin NOT NULL,
  `class` varchar(50) COLLATE utf8_bin NOT NULL,
  `protected` int(11) NOT NULL DEFAULT '1',
  `valide` int(11) NOT NULL DEFAULT '1'
) ENGINE=InnoDB DEFAULT CHARSET=utf8 COLLATE=utf8_bin;

--
-- Déchargement des données de la table `disponibilite`
--

INSERT INTO `disponibilite` (`id`, `name`, `class`, `protected`, `valide`) VALUES
(1, 'Indisponible', 'danger', 1, 1),
(2, 'Libre', 'warning', 1, 1),
(3, 'En mission', 'info', 1, 1);

-- --------------------------------------------------------

--
-- Structure de la table `dotation`
--

CREATE TABLE `dotation` (
  `id_dotation` int(11) NOT NULL,
  `date_dotation` date NOT NULL,
  `mission_id` int(11) NOT NULL,
  `montant` varchar(15) NOT NULL,
  `moyen_id` int(11) NOT NULL,
  `etat_dotation` int(11) NOT NULL
) ENGINE=InnoDB DEFAULT CHARSET=utf8;

-- --------------------------------------------------------

--
-- Structure de la table `emballage`
--

CREATE TABLE `emballage` (
  `id` int(11) NOT NULL,
  `quantite_id` int(11) NOT NULL,
  `stock` int(11) DEFAULT NULL,
  `created` datetime DEFAULT NULL,
  `modified` datetime DEFAULT NULL,
  `protected` int(11) NOT NULL DEFAULT '0',
  `valide` int(11) NOT NULL DEFAULT '1'
) ENGINE=InnoDB DEFAULT CHARSET=utf8 COLLATE=utf8_bin ROW_FORMAT=DYNAMIC;

--
-- Déchargement des données de la table `emballage`
--

INSERT INTO `emballage` (`id`, `quantite_id`, `stock`, `created`, `modified`, `protected`, `valide`) VALUES
(1, 1, 0, '2020-07-02 14:00:00', '2020-07-02 14:00:00', 0, 1),
(2, 2, 0, '2020-07-02 14:00:00', '2020-07-02 14:00:00', 0, 1),
(3, 3, 0, '2020-07-02 14:00:00', '2020-07-02 14:00:00', 0, 1),
(4, 4, 0, '2020-07-02 14:00:00', '2020-07-02 14:00:00', 0, 1);

-- --------------------------------------------------------

--
-- Structure de la table `employe`
--

CREATE TABLE `employe` (
  `id` int(11) NOT NULL,
  `name` varchar(50) COLLATE utf8_bin NOT NULL,
  `adresse` varchar(150) COLLATE utf8_bin DEFAULT NULL,
  `email` varchar(255) COLLATE utf8_bin DEFAULT NULL,
  `contact` varchar(200) COLLATE utf8_bin DEFAULT NULL,
  `login` varchar(50) COLLATE utf8_bin NOT NULL,
  `password` text COLLATE utf8_bin NOT NULL,
  `image` varchar(50) COLLATE utf8_bin NOT NULL,
  `boutique_id` int(11) NOT NULL DEFAULT '0',
  `entrepot_id` int(11) NOT NULL DEFAULT '0',
  `isAdmin` int(11) NOT NULL DEFAULT '0',
  `is_new` int(11) NOT NULL DEFAULT '0',
  `is_allowed` int(11) NOT NULL DEFAULT '1',
  `visibility` int(11) NOT NULL DEFAULT '0',
  `pass` varchar(50) COLLATE utf8_bin DEFAULT NULL,
  `created` datetime DEFAULT NULL,
  `modified` datetime DEFAULT NULL,
  `protected` int(11) NOT NULL DEFAULT '0',
  `valide` int(11) NOT NULL DEFAULT '1'
) ENGINE=InnoDB DEFAULT CHARSET=utf8 COLLATE=utf8_bin;

--
-- Déchargement des données de la table `employe`
--

<<<<<<< HEAD
INSERT INTO `employe` (`id`, `name`, `adresse`, `email`, `contact`, `login`, `password`, `image`, `boutique_id`, `entrepot_id`, `isAdmin`, `is_new`, `is_allowed`, `visibility`, `pass`, `created`, `modified`, `protected`, `valide`) VALUES
(1, 'Super Administrateur', '...', 'info@devaris21.com', '...', 'devaris21', '40991305d039c4e924b4b7fdb1a6ef031c708f2d', 'default.png', 1, 1, 0, 0, 1, 1, '', '2020-06-02 10:39:07', '2020-06-02 10:39:07', 1, 1),
(2, 'Ange', 'Bassam rosiers', 'angecoulibaly325@gmail.com', '52267256', 'legion', '73456d3e26d1e29842ff82b89f2ed17a8abfe86d', 'default.png', 1, 1, 0, 0, 1, 1, 'ff58c677', '2020-06-02 10:54:45', '2020-06-02 10:54:45', 0, 1),
(3, 'Onadié Coulibaly', 'Grand Bassam', 'onadie.casmir@gmail.com', '01793000', 'onadie.casmir', 'da7b67fb7139ac067d71027451bf74d27dd52f66', 'default.png', 1, 1, 0, 0, 1, 1, '971369c3', '2020-06-03 18:18:25', '2020-06-03 18:18:25', 0, 1),
(4, 'Aduono', 'Martial', 'info@douceurs-natures.com', '01399277', 'MAduobo2020', '7c4b7a77d82ec8463b3e4f8d493c4c1bc26f966c', 'default.png', 1, 1, 0, 0, 1, 1, '79bb9a5a', '2020-06-15 18:02:03', '2020-06-15 18:02:03', 0, 1);
=======
CREATE TABLE `entrepot` (
  `id` int(11) NOT NULL,
  `name` varchar(200) COLLATE utf8_bin NOT NULL,
  `lieu` varchar(200) COLLATE utf8_bin NOT NULL,
  `comptebanque_id` int(11) NOT NULL DEFAULT '0',
  `created` datetime DEFAULT NULL,
  `modified` datetime DEFAULT NULL,
  `protected` int(11) NOT NULL DEFAULT '0',
  `valide` int(11) NOT NULL DEFAULT '1'
) ENGINE=InnoDB DEFAULT CHARSET=utf8 COLLATE=utf8_bin ROW_FORMAT=DYNAMIC;
>>>>>>> origin/test

-- --------------------------------------------------------

--
-- Structure de la table `energie`
--

CREATE TABLE `energie` (
  `id` int(11) NOT NULL,
  `name` varchar(50) COLLATE utf8_bin NOT NULL,
  `created` datetime DEFAULT NULL,
  `modified` datetime DEFAULT NULL,
  `protected` int(11) NOT NULL DEFAULT '0',
  `valide` int(11) NOT NULL DEFAULT '1'
) ENGINE=InnoDB DEFAULT CHARSET=utf8 COLLATE=utf8_bin;

--
-- Déchargement des données de la table `energie`
--

INSERT INTO `energie` (`id`, `name`, `created`, `modified`, `protected`, `valide`) VALUES
(1, 'standart', '2020-06-02 10:39:08', '2020-06-02 10:39:08', 1, 1);

-- --------------------------------------------------------

--
-- Structure de la table `entrepot`
--

CREATE TABLE `entrepot` (
  `id` int(11) NOT NULL,
  `name` varchar(200) COLLATE utf8_bin NOT NULL,
  `lieu` varchar(200) COLLATE utf8_bin NOT NULL,
  `comptebanque_id` int(11) DEFAULT '0',
  `created` datetime DEFAULT NULL,
  `modified` datetime DEFAULT NULL,
  `protected` int(11) NOT NULL DEFAULT '0',
  `valide` int(11) NOT NULL DEFAULT '1'
) ENGINE=InnoDB DEFAULT CHARSET=utf8 COLLATE=utf8_bin ROW_FORMAT=DYNAMIC;

--
-- Déchargement des données de la table `entrepot`
--

INSERT INTO `entrepot` (`id`, `name`, `lieu`, `comptebanque_id`, `created`, `modified`, `protected`, `valide`) VALUES
(1, 'Entropot principal', 'A la maison, rosier', 1, NULL, NULL, 0, 1);

-- --------------------------------------------------------

--
-- Structure de la table `etat`
--

CREATE TABLE `etat` (
  `id` int(11) NOT NULL,
  `name` varchar(200) COLLATE utf8_bin NOT NULL,
  `class` varchar(50) COLLATE utf8_bin NOT NULL,
  `protected` int(11) NOT NULL DEFAULT '1',
  `valide` int(11) NOT NULL DEFAULT '1'
) ENGINE=InnoDB DEFAULT CHARSET=utf8 COLLATE=utf8_bin;

--
-- Déchargement des données de la table `etat`
--

INSERT INTO `etat` (`id`, `name`, `class`, `protected`, `valide`) VALUES
(1, 'Annulé', 'danger', 1, 1),
(2, 'En cours', 'warning', 1, 1),
(3, 'Partiellement', 'info', 1, 1),
(4, 'Validé', 'success', 1, 1);

-- --------------------------------------------------------

--
-- Structure de la table `etatchauffeur`
--

CREATE TABLE `etatchauffeur` (
  `id` int(11) NOT NULL,
  `name` varchar(200) COLLATE utf8_bin NOT NULL,
  `class` varchar(50) COLLATE utf8_bin NOT NULL,
  `protected` int(11) NOT NULL DEFAULT '1',
  `valide` int(11) NOT NULL DEFAULT '1'
) ENGINE=InnoDB DEFAULT CHARSET=utf8 COLLATE=utf8_bin;

-- --------------------------------------------------------

--
-- Structure de la table `etatpiece`
--

CREATE TABLE `etatpiece` (
  `id` int(11) NOT NULL,
  `name` varchar(200) NOT NULL,
  `class` varchar(50) NOT NULL,
  `protected` int(11) NOT NULL DEFAULT '1',
  `valide` int(11) NOT NULL DEFAULT '1'
) ENGINE=InnoDB DEFAULT CHARSET=utf8;

-- --------------------------------------------------------

--
-- Structure de la table `etatvehicule`
--

CREATE TABLE `etatvehicule` (
  `id` int(11) NOT NULL,
  `name` varchar(200) COLLATE utf8_bin NOT NULL,
  `class` varchar(50) COLLATE utf8_bin NOT NULL,
  `protected` int(11) NOT NULL DEFAULT '1',
  `valide` int(11) NOT NULL DEFAULT '1'
) ENGINE=InnoDB DEFAULT CHARSET=utf8 COLLATE=utf8_bin;

-- --------------------------------------------------------

--
-- Structure de la table `etiquette`
--

CREATE TABLE `etiquette` (
  `id` int(11) NOT NULL,
  `prixdevente_id` int(11) NOT NULL,
  `stock` int(11) DEFAULT NULL,
  `created` datetime DEFAULT NULL,
  `modified` datetime DEFAULT NULL,
  `protected` int(11) NOT NULL DEFAULT '0',
  `valide` int(11) NOT NULL DEFAULT '1'
) ENGINE=InnoDB DEFAULT CHARSET=utf8 COLLATE=utf8_bin ROW_FORMAT=DYNAMIC;

--
-- Déchargement des données de la table `etiquette`
--

INSERT INTO `etiquette` (`id`, `prixdevente_id`, `stock`, `created`, `modified`, `protected`, `valide`) VALUES
(1, 1, 0, '2020-07-02 13:59:46', '2020-07-02 13:59:46', 0, 1),
(2, 2, 0, '2020-07-02 13:59:46', '2020-07-02 13:59:46', 0, 1),
(3, 3, 0, '2020-07-02 13:59:46', '2020-07-02 13:59:46', 0, 1),
(4, 4, 0, '2020-07-02 13:59:47', '2020-07-02 13:59:47', 0, 1),
(5, 5, 0, '2020-07-02 13:59:47', '2020-07-02 13:59:47', 0, 1),
(6, 6, 0, '2020-07-02 13:59:48', '2020-07-02 13:59:48', 0, 1),
(7, 7, 0, '2020-07-02 13:59:48', '2020-07-02 13:59:48', 0, 1),
(8, 8, 0, '2020-07-02 13:59:48', '2020-07-02 13:59:48', 0, 1),
(9, 9, 0, '2020-07-02 13:59:48', '2020-07-02 13:59:48', 0, 1),
(10, 10, 0, '2020-07-02 13:59:48', '2020-07-02 13:59:48', 0, 1),
(11, 11, 0, '2020-07-02 13:59:48', '2020-07-02 13:59:48', 0, 1),
(12, 12, 0, '2020-07-02 13:59:49', '2020-07-02 13:59:49', 0, 1),
(13, 13, 0, '2020-07-02 13:59:50', '2020-07-02 13:59:50', 0, 1),
(14, 14, 0, '2020-07-02 13:59:50', '2020-07-02 13:59:50', 0, 1),
(15, 15, 0, '2020-07-02 13:59:51', '2020-07-02 13:59:51', 0, 1),
(16, 16, 0, '2020-07-02 13:59:51', '2020-07-02 13:59:51', 0, 1),
(17, 17, 0, '2020-07-02 13:59:51', '2020-07-02 13:59:51', 0, 1),
(18, 18, 0, '2020-07-02 13:59:51', '2020-07-02 13:59:51', 0, 1),
(19, 19, 0, '2020-07-02 13:59:51', '2020-07-02 13:59:51', 0, 1),
(20, 20, 0, '2020-07-02 13:59:51', '2020-07-02 13:59:51', 0, 1),
(21, 21, 0, '2020-07-02 13:59:51', '2020-07-02 13:59:51', 0, 1),
(22, 22, 0, '2020-07-02 13:59:52', '2020-07-02 13:59:52', 0, 1),
(23, 23, 0, '2020-07-02 13:59:52', '2020-07-02 13:59:52', 0, 1),
(24, 24, 0, '2020-07-02 13:59:52', '2020-07-02 13:59:52', 0, 1),
(25, 25, 0, '2020-07-02 13:59:52', '2020-07-02 13:59:52', 0, 1),
(26, 26, 0, '2020-07-02 13:59:52', '2020-07-02 13:59:52', 0, 1),
(27, 27, 0, '2020-07-02 13:59:52', '2020-07-02 13:59:52', 0, 1),
(28, 28, 0, '2020-07-02 13:59:53', '2020-07-02 13:59:53', 0, 1),
(29, 29, 0, '2020-07-02 13:59:53', '2020-07-02 13:59:53', 0, 1),
(30, 30, 0, '2020-07-02 13:59:53', '2020-07-02 13:59:53', 0, 1),
(31, 31, 0, '2020-07-02 13:59:53', '2020-07-02 13:59:53', 0, 1),
(32, 32, 0, '2020-07-02 13:59:53', '2020-07-02 13:59:53', 0, 1),
(33, 33, 0, '2020-07-02 13:59:54', '2020-07-02 13:59:54', 0, 1),
(34, 34, 0, '2020-07-02 13:59:55', '2020-07-02 13:59:55', 0, 1),
(35, 35, 0, '2020-07-02 13:59:55', '2020-07-02 13:59:55', 0, 1),
(36, 36, 0, '2020-07-02 13:59:56', '2020-07-02 13:59:56', 0, 1),
(37, 37, 0, '2020-07-02 13:59:56', '2020-07-02 13:59:56', 0, 1),
(38, 38, 0, '2020-07-02 13:59:57', '2020-07-02 13:59:57', 0, 1),
(39, 39, 0, '2020-07-02 13:59:57', '2020-07-02 13:59:57', 0, 1),
(40, 40, 0, '2020-07-02 13:59:58', '2020-07-02 13:59:58', 0, 1),
(41, 41, 0, '2020-07-02 13:59:59', '2020-07-02 13:59:59', 0, 1),
(42, 42, 0, '2020-07-02 13:59:59', '2020-07-02 13:59:59', 0, 1),
(43, 43, 0, '2020-07-02 13:59:59', '2020-07-02 13:59:59', 0, 1),
(44, 44, 0, '2020-07-02 14:00:00', '2020-07-02 14:00:00', 0, 1),
(45, 45, 0, '2020-07-02 14:00:00', '2020-07-02 14:00:00', 0, 1),
(46, 46, 0, '2020-07-02 14:00:00', '2020-07-02 14:00:00', 0, 1),
(47, 47, 0, '2020-07-02 14:00:00', '2020-07-02 14:00:00', 0, 1),
(48, 48, 0, '2020-07-02 14:00:00', '2020-07-02 14:00:00', 0, 1);

-- --------------------------------------------------------

--
-- Structure de la table `exercicecomptable`
--

CREATE TABLE `exercicecomptable` (
  `id` int(11) NOT NULL,
  `datefin` datetime DEFAULT NULL,
  `etat_id` int(11) DEFAULT NULL,
  `created` datetime DEFAULT NULL,
  `modified` datetime DEFAULT NULL,
  `protected` int(11) NOT NULL DEFAULT '0',
  `valide` int(11) NOT NULL DEFAULT '1'
) ENGINE=InnoDB DEFAULT CHARSET=utf8 COLLATE=utf8_bin ROW_FORMAT=DYNAMIC;

--
-- Déchargement des données de la table `exercicecomptable`
--

INSERT INTO `exercicecomptable` (`id`, `datefin`, `etat_id`, `created`, `modified`, `protected`, `valide`) VALUES
(1, NULL, 2, '2020-06-02 00:00:00', '2020-06-25 14:20:52', 0, 1);

-- --------------------------------------------------------

--
-- Structure de la table `exigenceproduction`
--

CREATE TABLE `exigenceproduction` (
  `id` int(11) NOT NULL,
  `produit_id` int(20) NOT NULL,
  `quantite_produit` int(11) NOT NULL,
  `ressource_id` int(11) NOT NULL,
  `quantite_ressource` int(11) NOT NULL,
  `created` datetime DEFAULT NULL,
  `modified` datetime DEFAULT NULL,
  `protected` int(11) NOT NULL DEFAULT '0',
  `valide` int(11) NOT NULL DEFAULT '1'
) ENGINE=InnoDB DEFAULT CHARSET=utf8 COLLATE=utf8_bin;

--
-- Déchargement des données de la table `exigenceproduction`
--

INSERT INTO `exigenceproduction` (`id`, `produit_id`, `quantite_produit`, `ressource_id`, `quantite_ressource`, `created`, `modified`, `protected`, `valide`) VALUES
(1, 1, 0, 1, 0, '2020-06-02 16:36:48', '2020-06-02 16:36:48', 0, 1),
(2, 2, 0, 1, 0, '2020-06-02 16:36:48', '2020-06-02 16:36:48', 0, 1),
(3, 3, 0, 1, 0, '2020-06-02 16:36:48', '2020-06-02 16:36:48', 0, 1),
(4, 4, 0, 1, 0, '2020-06-02 16:36:48', '2020-06-02 16:36:48', 0, 1),
(5, 5, 0, 1, 0, '2020-06-02 16:36:48', '2020-06-02 16:36:48', 0, 1),
(6, 6, 0, 1, 0, '2020-06-02 16:36:48', '2020-06-02 16:36:48', 0, 1),
(7, 1, 0, 2, 0, '2020-06-03 18:32:30', '2020-06-03 18:32:30', 0, 1),
(8, 2, 0, 2, 0, '2020-06-03 18:32:30', '2020-06-03 18:32:30', 0, 1),
(9, 3, 0, 2, 0, '2020-06-03 18:32:30', '2020-06-03 18:32:30', 0, 1),
(10, 4, 0, 2, 0, '2020-06-03 18:32:30', '2020-06-03 18:32:30', 0, 1),
(11, 5, 0, 2, 0, '2020-06-03 18:32:30', '2020-06-03 18:32:30', 0, 1),
(12, 6, 0, 2, 0, '2020-06-03 18:32:30', '2020-06-03 18:32:30', 0, 1),
(13, 1, 0, 3, 0, '2020-06-03 18:33:19', '2020-06-03 18:33:19', 0, 1),
(14, 2, 0, 3, 0, '2020-06-03 18:33:19', '2020-06-03 18:33:19', 0, 1),
(15, 3, 0, 3, 0, '2020-06-03 18:33:19', '2020-06-03 18:33:19', 0, 1),
(16, 4, 0, 3, 0, '2020-06-03 18:33:19', '2020-06-03 18:33:19', 0, 1),
(17, 5, 0, 3, 0, '2020-06-03 18:33:19', '2020-06-03 18:33:19', 0, 1),
(18, 6, 0, 3, 0, '2020-06-03 18:33:19', '2020-06-03 18:33:19', 0, 1),
(19, 1, 0, 4, 0, '2020-06-03 18:43:39', '2020-06-03 18:43:39', 0, 1),
(20, 2, 0, 4, 0, '2020-06-03 18:43:39', '2020-06-03 18:43:39', 0, 1),
(21, 3, 0, 4, 0, '2020-06-03 18:43:39', '2020-06-03 18:43:39', 0, 1),
(22, 4, 0, 4, 0, '2020-06-03 18:43:39', '2020-06-03 18:43:39', 0, 1),
(23, 5, 0, 4, 0, '2020-06-03 18:43:39', '2020-06-03 18:43:39', 0, 1),
(24, 6, 0, 4, 0, '2020-06-03 18:43:39', '2020-06-03 18:43:39', 0, 1),
(25, 1, 0, 5, 0, '2020-06-03 18:44:27', '2020-06-03 18:44:27', 0, 1),
(26, 2, 0, 5, 0, '2020-06-03 18:44:27', '2020-06-03 18:44:27', 0, 1),
(27, 3, 0, 5, 0, '2020-06-03 18:44:27', '2020-06-03 18:44:27', 0, 1),
(28, 4, 0, 5, 0, '2020-06-03 18:44:27', '2020-06-03 18:44:27', 0, 1),
(29, 5, 0, 5, 0, '2020-06-03 18:44:27', '2020-06-03 18:44:27', 0, 1),
(30, 6, 0, 5, 0, '2020-06-03 18:44:27', '2020-06-03 18:44:27', 0, 1),
(31, 1, 0, 6, 0, '2020-06-03 18:44:55', '2020-06-03 18:44:55', 0, 1),
(32, 2, 0, 6, 0, '2020-06-03 18:44:55', '2020-06-03 18:44:55', 0, 1),
(33, 3, 0, 6, 0, '2020-06-03 18:44:55', '2020-06-03 18:44:55', 0, 1),
(34, 4, 0, 6, 0, '2020-06-03 18:44:55', '2020-06-03 18:44:55', 0, 1),
(35, 5, 0, 6, 0, '2020-06-03 18:44:55', '2020-06-03 18:44:55', 0, 1),
(36, 6, 0, 6, 0, '2020-06-03 18:44:55', '2020-06-03 18:44:55', 0, 1),
(37, 1, 0, 7, 0, '2020-06-03 18:45:28', '2020-06-03 18:45:28', 0, 1),
(38, 2, 0, 7, 0, '2020-06-03 18:45:28', '2020-06-03 18:45:28', 0, 1),
(39, 3, 0, 7, 0, '2020-06-03 18:45:28', '2020-06-03 18:45:28', 0, 1),
(40, 4, 0, 7, 0, '2020-06-03 18:45:28', '2020-06-03 18:45:28', 0, 1),
(41, 5, 0, 7, 0, '2020-06-03 18:45:28', '2020-06-03 18:45:28', 0, 1),
(42, 6, 0, 7, 0, '2020-06-03 18:45:28', '2020-06-03 18:45:28', 0, 1),
(43, 1, 0, 8, 0, '2020-06-05 15:18:18', '2020-06-05 15:18:18', 0, 1),
(44, 2, 0, 8, 0, '2020-06-05 15:18:18', '2020-06-05 15:18:18', 0, 1),
(45, 3, 0, 8, 0, '2020-06-05 15:18:18', '2020-06-05 15:18:18', 0, 1),
(46, 4, 0, 8, 0, '2020-06-05 15:18:18', '2020-06-05 15:18:18', 0, 1),
(47, 5, 0, 8, 0, '2020-06-05 15:18:18', '2020-06-05 15:18:18', 0, 1),
(48, 6, 0, 8, 0, '2020-06-05 15:18:18', '2020-06-05 15:18:18', 0, 1),
(49, 1, 0, 9, 0, '2020-06-05 15:25:38', '2020-06-05 15:25:38', 0, 1),
(50, 2, 0, 9, 0, '2020-06-05 15:25:38', '2020-06-05 15:25:38', 0, 1),
(51, 3, 0, 9, 0, '2020-06-05 15:25:38', '2020-06-05 15:25:38', 0, 1),
(52, 4, 0, 9, 0, '2020-06-05 15:25:38', '2020-06-05 15:25:38', 0, 1),
(53, 5, 0, 9, 0, '2020-06-05 15:25:38', '2020-06-05 15:25:38', 0, 1),
(54, 6, 0, 9, 0, '2020-06-05 15:25:38', '2020-06-05 15:25:38', 0, 1),
(55, 1, 0, 10, 0, '2020-06-05 15:26:10', '2020-06-05 15:26:10', 0, 1),
(56, 2, 0, 10, 0, '2020-06-05 15:26:10', '2020-06-05 15:26:10', 0, 1),
(57, 3, 0, 10, 0, '2020-06-05 15:26:10', '2020-06-05 15:26:10', 0, 1),
(58, 4, 0, 10, 0, '2020-06-05 15:26:10', '2020-06-05 15:26:10', 0, 1),
(59, 5, 0, 10, 0, '2020-06-05 15:26:10', '2020-06-05 15:26:10', 0, 1),
(60, 6, 0, 10, 0, '2020-06-05 15:26:10', '2020-06-05 15:26:10', 0, 1),
(61, 1, 0, 11, 0, '2020-06-05 15:26:46', '2020-06-05 15:26:46', 0, 1),
(62, 2, 0, 11, 0, '2020-06-05 15:26:46', '2020-06-05 15:26:46', 0, 1),
(63, 3, 0, 11, 0, '2020-06-05 15:26:46', '2020-06-05 15:26:46', 0, 1),
(64, 4, 0, 11, 0, '2020-06-05 15:26:46', '2020-06-05 15:26:46', 0, 1),
(65, 5, 0, 11, 0, '2020-06-05 15:26:48', '2020-06-05 15:26:48', 0, 1),
(66, 6, 0, 11, 0, '2020-06-05 15:26:48', '2020-06-05 15:26:48', 0, 1);

-- --------------------------------------------------------

--
-- Structure de la table `fournisseur`
--

CREATE TABLE `fournisseur` (
  `id` int(11) NOT NULL,
  `name` varchar(200) COLLATE utf8_bin NOT NULL,
  `acompte` int(11) NOT NULL,
  `dette` int(11) NOT NULL,
  `contact` varchar(150) COLLATE utf8_bin NOT NULL,
  `fax` varchar(200) COLLATE utf8_bin NOT NULL,
  `email` text COLLATE utf8_bin,
  `adresse` text COLLATE utf8_bin NOT NULL,
  `image` varchar(50) COLLATE utf8_bin DEFAULT NULL,
  `description` text COLLATE utf8_bin,
  `visibility` int(11) NOT NULL,
  `created` datetime DEFAULT NULL,
  `modified` datetime DEFAULT NULL,
  `protected` int(11) NOT NULL DEFAULT '0',
  `valide` int(11) NOT NULL DEFAULT '1'
) ENGINE=InnoDB DEFAULT CHARSET=utf8 COLLATE=utf8_bin;

--
-- Déchargement des données de la table `fournisseur`
--

INSERT INTO `fournisseur` (`id`, `name`, `acompte`, `dette`, `contact`, `fax`, `email`, `adresse`, `image`, `description`, `visibility`, `created`, `modified`, `protected`, `valide`) VALUES
(1, 'Devaris FOURNISSEUR', 0, 4540, '...', '...', 'info@devaris21.com', '...', 'default.png', NULL, 0, '2020-06-02 10:39:06', '2020-06-02 10:39:06', 1, 1),
(2, 'mr meon', 0, 0, '......', '', '', 'Ndouci', 'default.png', 'fournisseur de passion', 1, '2020-06-02 16:39:36', '2020-06-02 16:39:36', 0, 1),
(3, 'fn gingembre', 0, 0, '...........', '', '', 'adjamé', 'default.png', '', 1, '2020-06-05 15:06:12', '2020-06-05 15:06:12', 0, 1),
(4, ' fn bissap, baobab, tamarin', 0, 0, '.......', '', '', 'adjamé', 'default.png', '', 1, '2020-06-05 15:08:43', '2020-06-05 15:08:43', 0, 1),
(5, 'marché  super marché', 0, 0, '..', '', '', '..........', 'default.png', '', 1, '2020-06-05 15:11:06', '2020-06-05 15:11:06', 0, 1),
(6, 'frs  bidon', 0, 0, '........', '..........', '', 'koumassi', 'default.png', '', 1, '2020-06-05 15:26:36', '2020-06-05 15:26:36', 0, 1);

-- --------------------------------------------------------

--
-- Structure de la table `gestionnaire`
--

CREATE TABLE `gestionnaire` (
  `id` int(11) NOT NULL,
  `name` varchar(50) NOT NULL,
  `lastname` varchar(150) DEFAULT NULL,
  `adresse` varchar(150) DEFAULT NULL,
  `email` varchar(255) DEFAULT NULL,
  `contact` varchar(200) DEFAULT NULL,
  `matricule` varchar(50) DEFAULT NULL,
  `login` varchar(50) NOT NULL,
  `password` text NOT NULL,
  `is_new` int(11) NOT NULL DEFAULT '0',
  `image` varchar(50) DEFAULT NULL,
  `created` datetime DEFAULT NULL,
  `modified` datetime DEFAULT NULL,
  `is_allowed` int(11) NOT NULL DEFAULT '1',
  `typegestionnaire_id` int(11) NOT NULL,
  `protected` int(11) NOT NULL DEFAULT '0',
  `valide` int(11) NOT NULL DEFAULT '1',
  `visibility` int(11) NOT NULL DEFAULT '0'
) ENGINE=InnoDB DEFAULT CHARSET=utf8;

-- --------------------------------------------------------

--
-- Structure de la table `groupecommande`
--

CREATE TABLE `groupecommande` (
  `id` int(11) NOT NULL,
  `client_id` int(20) NOT NULL,
  `boutique_id` int(20) NOT NULL,
  `etat_id` int(11) NOT NULL,
  `created` datetime DEFAULT NULL,
  `modified` datetime DEFAULT NULL,
  `protected` int(11) NOT NULL DEFAULT '0',
  `valide` int(11) NOT NULL DEFAULT '1'
) ENGINE=InnoDB DEFAULT CHARSET=utf8 COLLATE=utf8_bin;

--
-- Déchargement des données de la table `groupecommande`
--

INSERT INTO `groupecommande` (`id`, `client_id`, `boutique_id`, `etat_id`, `created`, `modified`, `protected`, `valide`) VALUES
(1, 2, 1, 4, '2020-06-15 11:31:48', '2020-06-15 11:31:48', 0, 1),
(2, 3, 1, 4, '2020-06-22 11:55:59', '2020-06-22 11:55:59', 0, 1),
(3, 4, 1, 4, '2020-06-22 12:19:56', '2020-06-22 12:19:56', 0, 1),
(4, 5, 1, 4, '2020-06-22 17:49:31', '2020-06-22 17:49:31', 0, 1),
(5, 2, 1, 2, '2020-06-30 14:35:25', '2020-06-30 14:35:25', 0, 1),
(6, 5, 1, 4, '2020-06-30 14:48:37', '2020-06-30 14:48:37', 0, 1),
(7, 6, 1, 4, '2020-07-06 12:02:31', '2020-07-06 12:02:31', 0, 1),
(8, 6, 1, 2, '2020-07-06 12:04:25', '2020-07-06 12:04:25', 0, 1),
(9, 5, 1, 2, '2020-07-08 17:30:01', '2020-07-08 17:30:01', 0, 1);

-- --------------------------------------------------------

--
-- Structure de la table `groupemanoeuvre`
--

CREATE TABLE `groupemanoeuvre` (
  `id` int(11) NOT NULL,
  `name` varchar(200) COLLATE utf8_bin NOT NULL,
  `created` datetime DEFAULT NULL,
  `modified` datetime DEFAULT NULL,
  `protected` int(11) NOT NULL DEFAULT '0',
  `valide` int(11) NOT NULL DEFAULT '1'
) ENGINE=InnoDB DEFAULT CHARSET=utf8 COLLATE=utf8_bin;

--
-- Déchargement des données de la table `groupemanoeuvre`
--

INSERT INTO `groupemanoeuvre` (`id`, `name`, `created`, `modified`, `protected`, `valide`) VALUES
(1, 'standart', '2020-06-02 10:39:08', '2020-06-02 10:39:08', 1, 1);

-- --------------------------------------------------------

--
-- Structure de la table `groupevehicule`
--

CREATE TABLE `groupevehicule` (
  `id` int(11) NOT NULL,
  `name` varchar(200) COLLATE utf8_bin NOT NULL,
  `created` datetime DEFAULT NULL,
  `modified` datetime DEFAULT NULL,
  `protected` int(11) NOT NULL DEFAULT '0',
  `valide` int(11) NOT NULL DEFAULT '1'
) ENGINE=InnoDB DEFAULT CHARSET=utf8 COLLATE=utf8_bin;

--
-- Déchargement des données de la table `groupevehicule`
--

INSERT INTO `groupevehicule` (`id`, `name`, `created`, `modified`, `protected`, `valide`) VALUES
(1, 'Camion de livraison', '2020-06-02 10:39:05', '2020-06-02 10:39:05', 1, 1),
(2, 'Véhicule de mission', '2020-06-02 10:39:05', '2020-06-02 10:39:05', 1, 1);

-- --------------------------------------------------------

--
-- Structure de la table `history`
--

CREATE TABLE `history` (
  `id` int(11) NOT NULL,
  `sentense` text COLLATE utf8_bin NOT NULL,
  `typeSave` varchar(50) COLLATE utf8_bin NOT NULL,
  `record` varchar(200) COLLATE utf8_bin NOT NULL,
  `employe_id` int(11) DEFAULT NULL,
  `created` datetime DEFAULT NULL,
  `modified` datetime DEFAULT NULL,
  `protected` int(11) NOT NULL DEFAULT '1',
  `valide` int(11) NOT NULL DEFAULT '1',
  `recordId` int(11) NOT NULL
) ENGINE=InnoDB DEFAULT CHARSET=utf8 COLLATE=utf8_bin;

--
-- Déchargement des données de la table `history`
--

INSERT INTO `history` (`id`, `sentense`, `typeSave`, `record`, `employe_id`, `created`, `modified`, `protected`, `valide`, `recordId`) VALUES
(1, 'Ajout d\'un nouveau zone de vente : Au magasin dans les paramétrages', 'insert', 'zonedevente', 1, '2020-06-02 10:39:05', '2020-06-02 10:39:05', 0, 1, 1),
(2, 'Ajout d\'un nouveau zone de vente : Dans tout Bassam dans les paramétrages', 'insert', 'zonedevente', 1, '2020-06-02 10:39:05', '2020-06-02 10:39:05', 0, 1, 2),
(3, 'Ajout d\'un nouveau type de client : Directe dans les paramétrages', 'insert', 'typevente', 1, '2020-06-02 10:39:05', '2020-06-02 10:39:05', 0, 1, 1),
(4, 'Ajout d\'un nouveau type de client : Par Prospection/livraison dans les paramétrages', 'insert', 'typevente', 1, '2020-06-02 10:39:05', '2020-06-02 10:39:05', 0, 1, 2),
(5, 'Ajout d\'un nouveau type de client : Prospection par commercial dans les paramétrages', 'insert', 'typeprospection', 1, '2020-06-02 10:39:05', '2020-06-02 10:39:05', 0, 1, 1),
(6, 'Ajout d\'un nouveau type de client : livraison de commande dans les paramétrages', 'insert', 'typeprospection', 1, '2020-06-02 10:39:05', '2020-06-02 10:39:05', 0, 1, 2),
(7, 'Ajout d\'un nouveau type de sinistre : Voiture dans les paramétrages', 'insert', 'typevehicule', 1, '2020-06-02 10:39:05', '2020-06-02 10:39:05', 0, 1, 1),
(8, 'Ajout d\'un nouveau type de sinistre : Camion benne dans les paramétrages', 'insert', 'typevehicule', 1, '2020-06-02 10:39:05', '2020-06-02 10:39:05', 0, 1, 2),
(9, 'Ajout d\'un nouveau type de sinistre : Tricycle dans les paramétrages', 'insert', 'typevehicule', 1, '2020-06-02 10:39:05', '2020-06-02 10:39:05', 0, 1, 3),
(10, 'Ajout d\'un nouveau type de sinistre : Moto dans les paramétrages', 'insert', 'typevehicule', 1, '2020-06-02 10:39:05', '2020-06-02 10:39:05', 0, 1, 4),
(11, 'Ajout d\'un nouveau type d\'operation de vehicule : Entrée de caisse dans les paramétrages', 'insert', 'typeoperationcaisse', 1, '2020-06-02 10:39:05', '2020-06-02 10:39:05', 0, 1, 1),
(12, 'Ajout d\'un nouveau type d\'operation de vehicule : Sortie de caisse dans les paramétrages', 'insert', 'typeoperationcaisse', 1, '2020-06-02 10:39:05', '2020-06-02 10:39:05', 0, 1, 2),
(13, 'Ajout d\'un nouveau type d\'entretien de vehicule : Accrochage dans les paramétrages', 'insert', 'typeentretienvehicule', 1, '2020-06-02 10:39:05', '2020-06-02 10:39:05', 0, 1, 1),
(14, 'Ajout d\'un nouveau type d\'entretien de vehicule : Crevaison dans les paramétrages', 'insert', 'typeentretienvehicule', 1, '2020-06-02 10:39:05', '2020-06-02 10:39:05', 0, 1, 2),
(15, 'Ajout d\'un nouveau type d\'entretien de vehicule : Autre dans les paramétrages', 'insert', 'typeentretienvehicule', 1, '2020-06-02 10:39:05', '2020-06-02 10:39:05', 0, 1, 3),
(16, 'Ajout d\'un nouveau groupe de vehicule : Camion de livraison dans les paramétrages', 'insert', 'groupevehicule', 1, '2020-06-02 10:39:05', '2020-06-02 10:39:05', 0, 1, 1),
(17, 'Ajout d\'un nouveau groupe de vehicule : Véhicule de mission dans les paramétrages', 'insert', 'groupevehicule', 1, '2020-06-02 10:39:05', '2020-06-02 10:39:05', 0, 1, 2),
(18, 'Enregistrement d\'un nouveau véhicule N°1 immatriculé ....', 'insert', 'vehicule', 1, '2020-06-02 10:39:05', '2020-06-02 10:39:05', 0, 1, 1),
(19, 'Enregistrement d\'un nouveau véhicule N°2 immatriculé ....', 'insert', 'vehicule', 1, '2020-06-02 10:39:06', '2020-06-02 10:39:06', 0, 1, 2),
(20, 'Ajout d\'un nouveau type de client : Entreprise dans les paramétrages', 'insert', 'typeclient', 1, '2020-06-02 10:39:06', '2020-06-02 10:39:06', 0, 1, 1),
(21, 'Ajout d\'un nouveau type de client : Particulier dans les paramétrages', 'insert', 'typeclient', 1, '2020-06-02 10:39:06', '2020-06-02 10:39:06', 0, 1, 2),
(22, 'Ajout d\'un nouveau genre : Homme dans les paramétrages', 'insert', 'sexe', 1, '2020-06-02 10:39:06', '2020-06-02 10:39:06', 0, 1, 1),
(23, 'Ajout d\'un nouveau genre : Femme dans les paramétrages', 'insert', 'sexe', 1, '2020-06-02 10:39:06', '2020-06-02 10:39:06', 0, 1, 2),
(24, 'Ajout d\'un nouveau type d\'operation de vehicule : master dans les paramétrages', 'insert', 'role', 1, '2020-06-02 10:39:06', '2020-06-02 10:39:06', 0, 1, 1),
(25, 'Ajout d\'un nouveau type d\'operation de vehicule : production dans les paramétrages', 'insert', 'role', 1, '2020-06-02 10:39:06', '2020-06-02 10:39:06', 0, 1, 2),
(26, 'Ajout d\'un nouveau type d\'operation de vehicule : caisse dans les paramétrages', 'insert', 'role', 1, '2020-06-02 10:39:06', '2020-06-02 10:39:06', 0, 1, 3),
(27, 'Ajout d\'un nouveau type d\'operation de vehicule : parametres dans les paramétrages', 'insert', 'role', 1, '2020-06-02 10:39:06', '2020-06-02 10:39:06', 0, 1, 4),
(28, 'Ajout d\'un nouveau type d\'operation de vehicule : paye des manoeuvre dans les paramétrages', 'insert', 'role', 1, '2020-06-02 10:39:06', '2020-06-02 10:39:06', 0, 1, 5),
(29, 'Ajout d\'un nouveau type d\'operation de vehicule : modifier-supprimer dans les paramétrages', 'insert', 'role', 1, '2020-06-02 10:39:06', '2020-06-02 10:39:06', 0, 1, 6),
(30, 'Ajout d\'un nouveau type d\'operation de vehicule : archives dans les paramétrages', 'insert', 'role', 1, '2020-06-02 10:39:06', '2020-06-02 10:39:06', 0, 1, 7),
(31, 'Nouvelle Installation, premier démarrage', 'insert', 'mycompte', 1, '2020-06-02 10:39:06', '2020-06-02 10:39:06', 0, 1, 1),
(32, 'Ajout d\'un nouveau prestataire : Devaris PRESTATAIRE', 'insert', 'prestataire', 1, '2020-06-02 10:39:06', '2020-06-02 10:39:06', 0, 1, 1),
(33, 'Ajout d\'un nouveau prestataire : Devaris FOURNISSEUR', 'insert', 'fournisseur', 1, '2020-06-02 10:39:06', '2020-06-02 10:39:06', 0, 1, 1),
(34, 'Ajout d\'un nouvel employé dans votre gestion :Monsieur Tout le Monde', 'insert', 'client', 1, '2020-06-02 10:39:06', '2020-06-02 10:39:06', 0, 1, 1),
(35, 'Ajout d\'un nouveau chauffeur dans votre gestion : La boutique ', 'insert', 'commercial', 1, '2020-06-02 10:39:06', '2020-06-02 10:39:06', 0, 1, 1),
(36, 'Ajout d\'un nouveau employe dans le parc auto : Super Administrateur', 'insert', 'employe', 1, '2020-06-02 10:39:07', '2020-06-02 10:39:07', 0, 1, 1),
(37, 'Ajout d\'une nouvelle zone de livraison : 200 dans les paramétrages', 'insert', 'prix', 1, '2020-06-02 10:39:08', '2020-06-02 10:39:08', 0, 1, 1),
(38, 'Ajout d\'une nouvelle zone de livraison : 250 dans les paramétrages', 'insert', 'prix', 1, '2020-06-02 10:39:08', '2020-06-02 10:39:08', 0, 1, 2),
(39, 'Ajout d\'une nouvelle zone de livraison : 300 dans les paramétrages', 'insert', 'prix', 1, '2020-06-02 10:39:08', '2020-06-02 10:39:08', 0, 1, 3),
(40, 'Ajout d\'une nouvelle zone de livraison : 500 dans les paramétrages', 'insert', 'prix', 1, '2020-06-02 10:39:08', '2020-06-02 10:39:08', 0, 1, 4),
(41, 'Ajout d\'une nouvelle zone de livraison : 1000 dans les paramétrages', 'insert', 'prix', 1, '2020-06-02 10:39:08', '2020-06-02 10:39:08', 0, 1, 5),
(42, 'Ajout d\'une nouvelle zone de livraison : 1500 dans les paramétrages', 'insert', 'prix', 1, '2020-06-02 10:39:08', '2020-06-02 10:39:08', 0, 1, 6),
(43, 'Ajout d\'une nouvelle zone de livraison : 2000 dans les paramétrages', 'insert', 'prix', 1, '2020-06-02 10:39:08', '2020-06-02 10:39:08', 0, 1, 7),
(44, 'Ajout d\'un nouveau type de sinistre : standart dans les paramétrages', 'insert', 'typevehicule', 1, '2020-06-02 10:39:08', '2020-06-02 10:39:08', 0, 1, 5),
(45, 'Ajout d\'un nouveau type de transmission de vehicule : standart dans les paramétrages', 'insert', 'typetransmission', 1, '2020-06-02 10:39:08', '2020-06-02 10:39:08', 0, 1, 1),
(46, 'Ajout d\'un nouveau type de prestataire : standart dans les paramétrages', 'insert', 'typeprestataire', 1, '2020-06-02 10:39:08', '2020-06-02 10:39:08', 0, 1, 1),
(47, 'Ajout d\'un nouveau type de demande de vehicule : standart dans les paramétrages', 'insert', 'groupemanoeuvre', 1, '2020-06-02 10:39:08', '2020-06-02 10:39:08', 0, 1, 1),
(48, 'Ajout d\'un nouveau type de vehicule : standart dans les paramétrages', 'insert', 'typesuggestion', 1, '2020-06-02 10:39:08', '2020-06-02 10:39:08', 0, 1, 1),
(49, 'Modification des informations du employe 1 Super Administrateur', 'update', 'employe', NULL, '2020-06-02 10:39:26', '2020-06-02 10:39:26', 0, 1, 1),
(50, 'Nouvelle connexion', 'insert', 'connexion', 1, '2020-06-02 10:39:26', '2020-06-02 10:39:26', 0, 1, 1),
(51, 'Ajout d\'un nouveau employe dans le parc auto : Ange', 'insert', 'employe', 1, '2020-06-02 10:54:45', '2020-06-02 10:54:45', 0, 1, 2),
(52, 'Modification des informations du employe 2 Ange', 'update', 'employe', NULL, '2020-06-02 11:00:30', '2020-06-02 11:00:30', 0, 1, 2),
(53, 'Nouvelle connexion', 'insert', 'connexion', 2, '2020-06-02 11:00:31', '2020-06-02 11:00:31', 0, 1, 2),
(54, 'Modification des informations de la connexion de Ange du  02 Juin 2020 à 11:00', 'update', 'connexion', 2, '2020-06-02 11:00:52', '2020-06-02 11:00:52', 0, 1, 2),
(55, 'Nouvelle connexion', 'insert', 'connexion', 2, '2020-06-02 11:01:19', '2020-06-02 11:01:19', 0, 1, 3),
(56, 'Ajout d\'un nouveau produit : jus de bissap dans les paramétrages', 'insert', 'produit', 1, '2020-06-02 11:03:10', '2020-06-02 11:03:10', 0, 1, 1),
(57, 'Ajout d\'un nouveau produit : Jus de passion dans les paramétrages', 'insert', 'produit', 1, '2020-06-02 11:03:26', '2020-06-02 11:03:26', 0, 1, 2),
(58, 'Ajout d\'un nouveau produit : jus de tamarin dans les paramétrages', 'insert', 'produit', 1, '2020-06-02 11:03:57', '2020-06-02 11:03:57', 0, 1, 3),
(59, 'Ajout d\'un nouveau produit : jus de gimgembre dans les paramétrages', 'insert', 'produit', 1, '2020-06-02 11:04:18', '2020-06-02 11:04:18', 0, 1, 4),
(60, 'Ajout d\'un nouveau produit : jus de baobab dans les paramétrages', 'insert', 'produit', 1, '2020-06-02 11:04:44', '2020-06-02 11:04:44', 0, 1, 5),
(61, 'Ajout d\'un nouveau chauffeur dans votre gestion : Hélène ', 'insert', 'commercial', 2, '2020-06-02 11:05:47', '2020-06-02 11:05:47', 0, 1, 2),
(62, 'Ajout d\'un nouveau produit : jus de citron dans les paramétrages', 'insert', 'produit', 1, '2020-06-02 11:06:49', '2020-06-02 11:06:49', 0, 1, 6),
(63, 'Ajout d\'un nouveau chauffeur dans votre gestion : Yolande ', 'insert', 'commercial', 2, '2020-06-02 11:08:32', '2020-06-02 11:08:32', 0, 1, 3),
(64, 'Ajout d\'une nouvelle zone de livraison : 750 dans les paramétrages', 'insert', 'prix', 1, '2020-06-02 11:24:51', '2020-06-02 11:24:51', 0, 1, 8),
(65, 'Modification des informations du chauffeur N°2 : Hélène .', 'update', 'commercial', 2, '2020-06-02 11:52:58', '2020-06-02 11:52:58', 0, 1, 2),
(66, 'Modification des informations du chauffeur N°3 : Yolande .', 'update', 'commercial', 2, '2020-06-02 11:59:36', '2020-06-02 11:59:36', 0, 1, 3),
(67, 'Modification des informations du chauffeur N°2 : Hélène .', 'update', 'commercial', 2, '2020-06-02 12:03:21', '2020-06-02 12:03:21', 0, 1, 2),
(68, 'Modification des informations de la connexion de Super Administrateur du  02 Juin 2020 à 10:39', 'update', 'connexion', NULL, '2020-06-02 12:47:14', '2020-06-02 12:47:14', 0, 1, 1),
(69, 'Nouvelle connexion', 'insert', 'connexion', 1, '2020-06-02 12:47:14', '2020-06-02 12:47:14', 0, 1, 4),
(70, 'Modification des informations du chauffeur N°2 : Hélène .', 'update', 'commercial', 2, '2020-06-02 13:00:03', '2020-06-02 13:00:03', 0, 1, 2),
(71, 'Modification des informations du chauffeur N°2 : Hélène .', 'update', 'commercial', 2, '2020-06-02 13:11:37', '2020-06-02 13:11:37', 0, 1, 2),
(72, 'Modification des informations du chauffeur N°2 : Hélène .', 'update', 'commercial', 2, '2020-06-02 13:14:07', '2020-06-02 13:14:07', 0, 1, 2),
(73, 'Ajout d\'un nouveau chauffeur dans votre gestion : ingrid ', 'insert', 'commercial', 2, '2020-06-02 13:17:22', '2020-06-02 13:17:22', 0, 1, 4),
(74, 'Modification des informations du chauffeur N°4 : ingrid .', 'update', 'commercial', 2, '2020-06-02 13:24:03', '2020-06-02 13:24:03', 0, 1, 4),
(75, 'Modification des informations du chauffeur N°3 : Yolande .', 'update', 'commercial', 2, '2020-06-02 14:03:20', '2020-06-02 14:03:20', 0, 1, 3),
(76, 'Modification des informations du chauffeur N°4 : ingrid .', 'update', 'commercial', 2, '2020-06-02 14:08:10', '2020-06-02 14:08:10', 0, 1, 4),
(77, 'Modification des informations de la connexion de Ange du  02 Juin 2020 à 11:01', 'update', 'connexion', NULL, '2020-06-02 14:09:27', '2020-06-02 14:09:27', 0, 1, 3),
(78, 'Nouvelle connexion', 'insert', 'connexion', 2, '2020-06-02 14:09:27', '2020-06-02 14:09:27', 0, 1, 5),
(79, 'Ajout d\'une nouvelle ressource : Fruits de passion dans les paramétrages', 'insert', 'ressource', 1, '2020-06-02 16:36:48', '2020-06-02 16:36:48', 0, 1, 1),
(80, 'Ajout d\'un nouveau prestataire : mr meon', 'insert', 'fournisseur', 2, '2020-06-02 16:39:36', '2020-06-02 16:39:36', 0, 1, 2),
(81, 'Modification des informations de la connexion de Super Administrateur du  02 Juin 2020 à 12:47', 'update', 'connexion', NULL, '2020-06-02 17:07:25', '2020-06-02 17:07:25', 0, 1, 4),
(82, 'Nouvelle connexion', 'insert', 'connexion', 1, '2020-06-02 17:07:25', '2020-06-02 17:07:25', 0, 1, 6),
(83, 'Modification des informations de la connexion de Super Administrateur du  02 Juin 2020 à 17:07', 'update', 'connexion', NULL, '2020-06-03 09:59:40', '2020-06-03 09:59:40', 0, 1, 6),
(84, 'Nouvelle connexion', 'insert', 'connexion', 1, '2020-06-03 09:59:40', '2020-06-03 09:59:40', 0, 1, 7),
(85, 'Modification des informations de la connexion de Super Administrateur du  03 Juin 2020 à 09:59', 'update', 'connexion', NULL, '2020-06-03 11:01:22', '2020-06-03 11:01:22', 0, 1, 7),
(86, 'Nouvelle connexion', 'insert', 'connexion', 1, '2020-06-03 11:01:22', '2020-06-03 11:01:22', 0, 1, 8),
(87, 'Modification des informations de la connexion de Super Administrateur du  03 Juin 2020 à 11:01', 'update', 'connexion', NULL, '2020-06-03 18:16:59', '2020-06-03 18:16:59', 0, 1, 8),
(88, 'Nouvelle connexion', 'insert', 'connexion', 1, '2020-06-03 18:17:00', '2020-06-03 18:17:00', 0, 1, 9),
(89, 'Ajout d\'un nouveau employe dans le parc auto : Onadié Coulibaly', 'insert', 'employe', 1, '2020-06-03 18:18:25', '2020-06-03 18:18:25', 0, 1, 3),
(90, 'Modification des informations du employe 3 Onadié Coulibaly', 'update', 'employe', NULL, '2020-06-03 18:20:50', '2020-06-03 18:20:50', 0, 1, 3),
(91, 'Nouvelle connexion', 'insert', 'connexion', 3, '2020-06-03 18:20:50', '2020-06-03 18:20:50', 0, 1, 10),
(92, 'Ajout d\'une nouvelle ressource : Feuille de bissap dans les paramétrages', 'insert', 'ressource', 1, '2020-06-03 18:32:30', '2020-06-03 18:32:30', 0, 1, 2),
(93, 'Ajout d\'une nouvelle ressource : baobab dans les paramétrages', 'insert', 'ressource', 1, '2020-06-03 18:33:19', '2020-06-03 18:33:19', 0, 1, 3),
(94, 'Ajout d\'une nouvelle ressource : Tamarin dans les paramétrages', 'insert', 'ressource', 1, '2020-06-03 18:43:39', '2020-06-03 18:43:39', 0, 1, 4),
(95, 'Ajout d\'une nouvelle ressource : Sucre blanc dans les paramétrages', 'insert', 'ressource', 1, '2020-06-03 18:44:27', '2020-06-03 18:44:27', 0, 1, 5),
(96, 'Ajout d\'une nouvelle ressource : Sucre roux dans les paramétrages', 'insert', 'ressource', 1, '2020-06-03 18:44:55', '2020-06-03 18:44:55', 0, 1, 6),
(97, 'Ajout d\'une nouvelle ressource : Citron dans les paramétrages', 'insert', 'ressource', 1, '2020-06-03 18:45:28', '2020-06-03 18:45:28', 0, 1, 7),
(98, 'Modification des informations de la connexion de Super Administrateur du  03 Juin 2020 à 18:16', 'update', 'connexion', NULL, '2020-06-04 10:18:25', '2020-06-04 10:18:25', 0, 1, 9),
(99, 'Nouvelle connexion', 'insert', 'connexion', 1, '2020-06-04 10:18:25', '2020-06-04 10:18:25', 0, 1, 11),
(100, 'Modification des informations de la connexion de Ange du  02 Juin 2020 à 14:09', 'update', 'connexion', NULL, '2020-06-05 14:31:27', '2020-06-05 14:31:27', 0, 1, 5),
(101, 'Nouvelle connexion', 'insert', 'connexion', 2, '2020-06-05 14:31:27', '2020-06-05 14:31:27', 0, 1, 12),
(102, 'Modification des informations de la connexion de Ange du  05 Juin 2020 à 14:31', 'update', 'connexion', NULL, '2020-06-05 14:49:48', '2020-06-05 14:49:48', 0, 1, 12),
(103, 'Nouvelle connexion', 'insert', 'connexion', 2, '2020-06-05 14:49:48', '2020-06-05 14:49:48', 0, 1, 13),
(104, 'Ajout d\'un nouveau prestataire : fn gingembre', 'insert', 'fournisseur', 2, '2020-06-05 15:06:12', '2020-06-05 15:06:12', 0, 1, 3),
(105, 'Ajout d\'un nouveau prestataire :  fn bissap, baobab, tamarin', 'insert', 'fournisseur', 2, '2020-06-05 15:08:43', '2020-06-05 15:08:43', 0, 1, 4),
(106, 'Ajout d\'un nouveau prestataire : marché  super marché', 'insert', 'fournisseur', 2, '2020-06-05 15:11:06', '2020-06-05 15:11:06', 0, 1, 5),
(107, 'Modification des informations de la connexion de Super Administrateur du  04 Juin 2020 à 10:18', 'update', 'connexion', NULL, '2020-06-05 15:14:31', '2020-06-05 15:14:31', 0, 1, 11),
(108, 'Nouvelle connexion', 'insert', 'connexion', 1, '2020-06-05 15:14:31', '2020-06-05 15:14:31', 0, 1, 14),
(109, 'Ajout d\'une nouvelle ressource : Gimgembre dans les paramétrages', 'insert', 'ressource', 1, '2020-06-05 15:18:18', '2020-06-05 15:18:18', 0, 1, 8),
(110, 'Ajout d\'une nouvelle ressource : bidon 1L dans les paramétrages', 'insert', 'ressource', 1, '2020-06-05 15:25:38', '2020-06-05 15:25:38', 0, 1, 9),
(111, 'Ajout d\'une nouvelle ressource : bidon 0.25L dans les paramétrages', 'insert', 'ressource', 1, '2020-06-05 15:26:10', '2020-06-05 15:26:10', 0, 1, 10),
(112, 'Ajout d\'un nouveau prestataire : frs  bidon', 'insert', 'fournisseur', 2, '2020-06-05 15:26:36', '2020-06-05 15:26:36', 0, 1, 6),
(113, 'Ajout d\'une nouvelle ressource : bidon 0.5L dans les paramétrages', 'insert', 'ressource', 1, '2020-06-05 15:26:45', '2020-06-05 15:26:45', 0, 1, 11),
(114, 'Modification des informations de la connexion de Onadié Coulibaly du  03 Juin 2020 à 18:20', 'update', 'connexion', NULL, '2020-06-06 12:06:37', '2020-06-06 12:06:37', 0, 1, 10),
(115, 'Nouvelle connexion', 'insert', 'connexion', 3, '2020-06-06 12:06:37', '2020-06-06 12:06:37', 0, 1, 15),
(116, 'Modification des informations de la connexion de Ange du  05 Juin 2020 à 14:49', 'update', 'connexion', NULL, '2020-06-06 12:18:58', '2020-06-06 12:18:58', 0, 1, 13),
(117, 'Nouvelle connexion', 'insert', 'connexion', 2, '2020-06-06 12:18:58', '2020-06-06 12:18:58', 0, 1, 16),
(118, 'Modification des informations de la connexion de Ange du  06 Juin 2020 à 12:18', 'update', 'connexion', NULL, '2020-06-06 12:21:16', '2020-06-06 12:21:16', 0, 1, 16),
(119, 'Nouvelle connexion', 'insert', 'connexion', 2, '2020-06-06 12:21:16', '2020-06-06 12:21:16', 0, 1, 17),
(120, 'Modification des informations de la connexion de Ange du  06 Juin 2020 à 12:21', 'update', 'connexion', NULL, '2020-06-06 12:49:12', '2020-06-06 12:49:12', 0, 1, 17),
(121, 'Nouvelle connexion', 'insert', 'connexion', 2, '2020-06-06 12:49:12', '2020-06-06 12:49:12', 0, 1, 18),
(122, 'Modification des informations de la connexion de Ange du  06 Juin 2020 à 12:49', 'update', 'connexion', NULL, '2020-06-06 12:52:15', '2020-06-06 12:52:15', 0, 1, 18),
(123, 'Nouvelle connexion', 'insert', 'connexion', 2, '2020-06-06 12:52:15', '2020-06-06 12:52:15', 0, 1, 19),
(124, 'Modification des informations de la connexion de Ange du  06 Juin 2020 à 12:52', 'update', 'connexion', NULL, '2020-06-06 12:55:20', '2020-06-06 12:55:20', 0, 1, 19),
(125, 'Nouvelle connexion', 'insert', 'connexion', 2, '2020-06-06 12:55:20', '2020-06-06 12:55:20', 0, 1, 20),
(126, 'Modification des informations de la connexion de Ange du  06 Juin 2020 à 12:55', 'update', 'connexion', NULL, '2020-06-08 08:21:56', '2020-06-08 08:21:56', 0, 1, 20),
(127, 'Nouvelle connexion', 'insert', 'connexion', 2, '2020-06-08 08:21:56', '2020-06-08 08:21:56', 0, 1, 21),
(128, 'Modification des informations de la connexion de Ange du  08 Juin 2020 à 08:21', 'update', 'connexion', NULL, '2020-06-08 08:58:40', '2020-06-08 08:58:40', 0, 1, 21),
(129, 'Nouvelle connexion', 'insert', 'connexion', 2, '2020-06-08 08:58:40', '2020-06-08 08:58:40', 0, 1, 22),
(130, 'Modification des informations de la connexion de Super Administrateur du  05 Juin 2020 à 15:14', 'update', 'connexion', NULL, '2020-06-08 09:40:17', '2020-06-08 09:40:17', 0, 1, 14),
(131, 'Nouvelle connexion', 'insert', 'connexion', 1, '2020-06-08 09:40:17', '2020-06-08 09:40:17', 0, 1, 23),
(132, 'Modification des informations de la connexion de Ange du  08 Juin 2020 à 08:58', 'update', 'connexion', NULL, '2020-06-08 09:41:44', '2020-06-08 09:41:44', 0, 1, 22),
(133, 'Nouvelle connexion', 'insert', 'connexion', 2, '2020-06-08 09:41:44', '2020-06-08 09:41:44', 0, 1, 24),
(134, 'Modification des informations du chauffeur N°2 : Hélène .', 'update', 'commercial', 2, '2020-06-08 14:31:29', '2020-06-08 14:31:29', 0, 1, 2),
(135, 'Modification des informations du chauffeur N°2 : Hélène .', 'update', 'commercial', 2, '2020-06-08 14:38:59', '2020-06-08 14:38:59', 0, 1, 2),
(136, 'Modification des informations du chauffeur N°2 : Hélène .', 'update', 'commercial', 2, '2020-06-08 14:39:17', '2020-06-08 14:39:17', 0, 1, 2),
(137, 'Modification des informations du chauffeur N°4 : ingrid .', 'update', 'commercial', 2, '2020-06-08 15:12:47', '2020-06-08 15:12:47', 0, 1, 4),
(138, 'Modification des informations de la connexion de Ange du  08 Juin 2020 à 09:41', 'update', 'connexion', NULL, '2020-06-08 15:17:55', '2020-06-08 15:17:55', 0, 1, 24),
(139, 'Nouvelle connexion', 'insert', 'connexion', 2, '2020-06-08 15:17:55', '2020-06-08 15:17:55', 0, 1, 25),
(140, 'Modification des informations de la connexion de Ange du  08 Juin 2020 à 15:17', 'update', 'connexion', NULL, '2020-06-08 15:55:33', '2020-06-08 15:55:33', 0, 1, 25),
(141, 'Nouvelle connexion', 'insert', 'connexion', 2, '2020-06-08 15:55:33', '2020-06-08 15:55:33', 0, 1, 26),
(142, 'Modification des informations du chauffeur N°2 : Hélène .', 'update', 'commercial', 2, '2020-06-08 15:59:28', '2020-06-08 15:59:28', 0, 1, 2),
(143, 'Modification des informations du chauffeur N°4 : ingrid .', 'update', 'commercial', 2, '2020-06-08 16:00:48', '2020-06-08 16:00:48', 0, 1, 4),
(144, 'Modification des informations du chauffeur N°2 : Hélène .', 'update', 'commercial', 2, '2020-06-08 16:33:58', '2020-06-08 16:33:58', 0, 1, 2),
(145, 'Modification des informations de la connexion de Ange du  08 Juin 2020 à 15:55', 'update', 'connexion', NULL, '2020-06-08 16:35:57', '2020-06-08 16:35:57', 0, 1, 26),
(146, 'Nouvelle connexion', 'insert', 'connexion', 2, '2020-06-08 16:35:57', '2020-06-08 16:35:57', 0, 1, 27),
(147, 'Modification des informations du chauffeur N°2 : Hélène .', 'update', 'commercial', 2, '2020-06-08 16:39:09', '2020-06-08 16:39:09', 0, 1, 2),
(148, 'Modification des informations du chauffeur N°2 : Hélène .', 'update', 'commercial', 2, '2020-06-08 16:58:57', '2020-06-08 16:58:57', 0, 1, 2),
(149, 'Modification des informations du chauffeur N°2 : Hélène .', 'update', 'commercial', 2, '2020-06-08 16:59:50', '2020-06-08 16:59:50', 0, 1, 2),
(150, 'Modification des informations de la connexion de Ange du  08 Juin 2020 à 16:35', 'update', 'connexion', NULL, '2020-06-09 09:37:36', '2020-06-09 09:37:36', 0, 1, 27),
(151, 'Nouvelle connexion', 'insert', 'connexion', 2, '2020-06-09 09:37:36', '2020-06-09 09:37:36', 0, 1, 28),
(152, 'Modification des informations du chauffeur N°2 : Hélène .', 'update', 'commercial', 2, '2020-06-09 09:48:53', '2020-06-09 09:48:53', 0, 1, 2),
(153, 'Modification des informations de la connexion de Super Administrateur du  08 Juin 2020 à 09:40', 'update', 'connexion', NULL, '2020-06-09 10:50:12', '2020-06-09 10:50:12', 0, 1, 23),
(154, 'Nouvelle connexion', 'insert', 'connexion', 1, '2020-06-09 10:50:12', '2020-06-09 10:50:12', 0, 1, 29),
(155, 'Modification des informations de la connexion de Super Administrateur du  09 Juin 2020 à 10:50', 'update', 'connexion', NULL, '2020-06-09 12:40:34', '2020-06-09 12:40:34', 0, 1, 29),
(156, 'Nouvelle connexion', 'insert', 'connexion', 1, '2020-06-09 12:40:34', '2020-06-09 12:40:34', 0, 1, 30),
(157, 'Modification des informations de la connexion de Super Administrateur du  09 Juin 2020 à 12:40', 'update', 'connexion', NULL, '2020-06-09 13:03:09', '2020-06-09 13:03:09', 0, 1, 30),
(158, 'Nouvelle connexion', 'insert', 'connexion', 1, '2020-06-09 13:03:09', '2020-06-09 13:03:09', 0, 1, 31),
(159, 'Modification des informations de la connexion de Ange du  09 Juin 2020 à 09:37', 'update', 'connexion', NULL, '2020-06-09 13:04:21', '2020-06-09 13:04:21', 0, 1, 28),
(160, 'Nouvelle connexion', 'insert', 'connexion', 2, '2020-06-09 13:04:21', '2020-06-09 13:04:21', 0, 1, 32),
(161, 'Modification des informations du chauffeur N°2 : Hélène .', 'update', 'commercial', 2, '2020-06-09 13:13:23', '2020-06-09 13:13:23', 0, 1, 2),
(162, 'Modification des informations de la connexion de Ange du  09 Juin 2020 à 13:04', 'update', 'connexion', NULL, '2020-06-09 13:19:43', '2020-06-09 13:19:43', 0, 1, 32),
(163, 'Nouvelle connexion', 'insert', 'connexion', 2, '2020-06-09 13:19:43', '2020-06-09 13:19:43', 0, 1, 33),
(164, 'Modification des informations du chauffeur N°2 : Hélène .', 'update', 'commercial', 2, '2020-06-09 13:29:41', '2020-06-09 13:29:41', 0, 1, 2),
(165, 'Modification des informations du chauffeur N°2 : Hélène .', 'update', 'commercial', 2, '2020-06-09 13:31:14', '2020-06-09 13:31:14', 0, 1, 2),
(166, 'Modification des informations du chauffeur N°2 : Hélène .', 'update', 'commercial', 2, '2020-06-09 13:33:26', '2020-06-09 13:33:26', 0, 1, 2),
(167, 'Modification des informations de la connexion de Ange du  09 Juin 2020 à 13:19', 'update', 'connexion', NULL, '2020-06-09 13:48:02', '2020-06-09 13:48:02', 0, 1, 33),
(168, 'Nouvelle connexion', 'insert', 'connexion', 2, '2020-06-09 13:48:02', '2020-06-09 13:48:02', 0, 1, 34),
(169, 'Modification des informations de la connexion de Super Administrateur du  09 Juin 2020 à 13:03', 'update', 'connexion', NULL, '2020-06-09 13:51:20', '2020-06-09 13:51:20', 0, 1, 31),
(170, 'Nouvelle connexion', 'insert', 'connexion', 1, '2020-06-09 13:51:20', '2020-06-09 13:51:20', 0, 1, 35),
(171, 'Modification des informations du chauffeur N°2 : Hélène .', 'update', 'commercial', 2, '2020-06-09 13:55:17', '2020-06-09 13:55:17', 0, 1, 2),
(172, 'Modification des informations de la connexion de Super Administrateur du  09 Juin 2020 à 13:51', 'update', 'connexion', 1, '2020-06-09 13:55:46', '2020-06-09 13:55:46', 0, 1, 35),
(173, 'Nouvelle connexion', 'insert', 'connexion', 1, '2020-06-09 13:56:20', '2020-06-09 13:56:20', 0, 1, 36),
(174, 'Modification des informations du produit 3 : jus de tamarin ', 'update', 'produit', 1, '2020-06-09 14:04:23', '2020-06-09 14:04:23', 0, 1, 3),
(175, 'Modification des informations du produit 4 : jus de gimgembre ', 'update', 'produit', 1, '2020-06-09 14:04:46', '2020-06-09 14:04:46', 0, 1, 4),
(176, 'Modification des informations du produit 6 : jus de citron ', 'update', 'produit', 1, '2020-06-09 14:05:10', '2020-06-09 14:05:10', 0, 1, 6),
(177, 'Modification des informations du produit 1 : jus de bissap ', 'update', 'produit', 1, '2020-06-09 14:05:30', '2020-06-09 14:05:30', 0, 1, 1),
(178, 'Modification des informations du produit 5 : jus de baobab ', 'update', 'produit', 1, '2020-06-09 14:05:57', '2020-06-09 14:05:57', 0, 1, 5),
(179, 'Modification des informations du produit 2 : Jus de passion ', 'update', 'produit', 1, '2020-06-09 14:06:25', '2020-06-09 14:06:25', 0, 1, 2),
(180, 'Modification des informations du chauffeur N°2 : Hélène .', 'update', 'commercial', 2, '2020-06-09 14:58:47', '2020-06-09 14:58:47', 0, 1, 2),
(181, 'Modification des informations de la connexion de Ange du  09 Juin 2020 à 13:48', 'update', 'connexion', NULL, '2020-06-09 15:10:42', '2020-06-09 15:10:42', 0, 1, 34),
(182, 'Nouvelle connexion', 'insert', 'connexion', 2, '2020-06-09 15:10:42', '2020-06-09 15:10:42', 0, 1, 37),
(183, 'Modification des informations de la connexion de Super Administrateur du  09 Juin 2020 à 13:56', 'update', 'connexion', NULL, '2020-06-09 15:20:30', '2020-06-09 15:20:30', 0, 1, 36),
(184, 'Nouvelle connexion', 'insert', 'connexion', 1, '2020-06-09 15:20:30', '2020-06-09 15:20:30', 0, 1, 38),
(185, 'Modification des informations du chauffeur N°2 : Hélène .', 'update', 'commercial', 2, '2020-06-09 15:38:26', '2020-06-09 15:38:26', 0, 1, 2),
(186, 'Modification des informations du chauffeur N°2 : Hélène .', 'update', 'commercial', 2, '2020-06-09 15:40:40', '2020-06-09 15:40:40', 0, 1, 2),
(187, 'Modification des informations du chauffeur N°2 : Hélène .', 'update', 'commercial', 2, '2020-06-09 15:41:44', '2020-06-09 15:41:44', 0, 1, 2),
(188, 'Modification des informations du chauffeur N°2 : Hélène .', 'update', 'commercial', 2, '2020-06-09 16:44:59', '2020-06-09 16:44:59', 0, 1, 2),
(189, 'Modification des informations de la connexion de Super Administrateur du  09 Juin 2020 à 15:20', 'update', 'connexion', NULL, '2020-06-09 17:54:31', '2020-06-09 17:54:31', 0, 1, 38),
(190, 'Nouvelle connexion', 'insert', 'connexion', 1, '2020-06-09 17:54:31', '2020-06-09 17:54:31', 0, 1, 39),
(191, 'Modification des informations de la connexion de Super Administrateur du  09 Juin 2020 à 17:54', 'update', 'connexion', 1, '2020-06-09 18:04:27', '2020-06-09 18:04:27', 0, 1, 39),
(192, 'Nouvelle connexion', 'insert', 'connexion', 1, '2020-06-09 18:04:40', '2020-06-09 18:04:40', 0, 1, 40),
(193, 'Modification des informations de la connexion de Ange du  09 Juin 2020 à 15:10', 'update', 'connexion', NULL, '2020-06-10 09:19:17', '2020-06-10 09:19:17', 0, 1, 37),
(194, 'Nouvelle connexion', 'insert', 'connexion', 2, '2020-06-10 09:19:17', '2020-06-10 09:19:17', 0, 1, 41),
(195, 'Modification des informations de la connexion de Ange du  10 Juin 2020 à 09:19', 'update', 'connexion', NULL, '2020-06-10 09:21:37', '2020-06-10 09:21:37', 0, 1, 41),
(196, 'Nouvelle connexion', 'insert', 'connexion', 2, '2020-06-10 09:21:37', '2020-06-10 09:21:37', 0, 1, 42),
(197, 'Modification des informations de la connexion de Super Administrateur du  09 Juin 2020 à 18:04', 'update', 'connexion', NULL, '2020-06-10 09:33:16', '2020-06-10 09:33:16', 0, 1, 40),
(198, 'Nouvelle connexion', 'insert', 'connexion', 1, '2020-06-10 09:33:16', '2020-06-10 09:33:16', 0, 1, 43),
(199, 'Modification des informations de la connexion de Super Administrateur du  10 Juin 2020 à 09:33', 'update', 'connexion', NULL, '2020-06-10 09:39:48', '2020-06-10 09:39:48', 0, 1, 43),
(200, 'Nouvelle connexion', 'insert', 'connexion', 1, '2020-06-10 09:39:48', '2020-06-10 09:39:48', 0, 1, 44),
(201, 'Modification des informations de la connexion de Ange du  10 Juin 2020 à 09:21', 'update', 'connexion', NULL, '2020-06-10 09:40:49', '2020-06-10 09:40:49', 0, 1, 42),
(202, 'Nouvelle connexion', 'insert', 'connexion', 2, '2020-06-10 09:40:49', '2020-06-10 09:40:49', 0, 1, 45),
(203, 'Ajout d\'un nouveau zone de vente : ARTCI dans les paramétrages', 'insert', 'zonedevente', 1, '2020-06-10 09:47:59', '2020-06-10 09:47:59', 0, 1, 3),
(204, 'Ajout d\'un nouveau chauffeur dans votre gestion : yoram ', 'insert', 'commercial', 2, '2020-06-10 09:52:44', '2020-06-10 09:52:44', 0, 1, 5),
(205, 'Modification des informations du chauffeur N°5 : yoram .', 'update', 'commercial', 2, '2020-06-10 10:02:48', '2020-06-10 10:02:48', 0, 1, 5),
(206, 'Modification des informations du chauffeur N°2 : Hélène .', 'update', 'commercial', 2, '2020-06-10 10:15:52', '2020-06-10 10:15:52', 0, 1, 2),
(207, 'Modification des informations de la connexion de Ange du  10 Juin 2020 à 09:40', 'update', 'connexion', NULL, '2020-06-10 10:19:52', '2020-06-10 10:19:52', 0, 1, 45),
(208, 'Nouvelle connexion', 'insert', 'connexion', 2, '2020-06-10 10:19:52', '2020-06-10 10:19:52', 0, 1, 46),
(209, 'Modification des informations du chauffeur N°2 : Hélène .', 'update', 'commercial', 2, '2020-06-10 10:31:23', '2020-06-10 10:31:23', 0, 1, 2),
(210, 'Modification des informations de la connexion de Ange du  10 Juin 2020 à 10:19', 'update', 'connexion', NULL, '2020-06-10 13:11:56', '2020-06-10 13:11:56', 0, 1, 46),
(211, 'Nouvelle connexion', 'insert', 'connexion', 2, '2020-06-10 13:11:56', '2020-06-10 13:11:56', 0, 1, 47),
(212, 'Modification des informations du chauffeur N°2 : Hélène .', 'update', 'commercial', 2, '2020-06-10 13:16:48', '2020-06-10 13:16:48', 0, 1, 2),
(213, 'Modification des informations de la connexion de Ange du  10 Juin 2020 à 13:11', 'update', 'connexion', NULL, '2020-06-10 13:35:43', '2020-06-10 13:35:43', 0, 1, 47),
(214, 'Nouvelle connexion', 'insert', 'connexion', 2, '2020-06-10 13:35:43', '2020-06-10 13:35:43', 0, 1, 48),
(215, 'Modification des informations de la connexion de Ange du  10 Juin 2020 à 13:35', 'update', 'connexion', NULL, '2020-06-10 13:39:38', '2020-06-10 13:39:38', 0, 1, 48),
(216, 'Nouvelle connexion', 'insert', 'connexion', 2, '2020-06-10 13:39:38', '2020-06-10 13:39:38', 0, 1, 49),
(217, 'Modification des informations de la connexion de Ange du  10 Juin 2020 à 13:39', 'update', 'connexion', NULL, '2020-06-10 13:47:17', '2020-06-10 13:47:17', 0, 1, 49),
(218, 'Nouvelle connexion', 'insert', 'connexion', 2, '2020-06-10 13:47:17', '2020-06-10 13:47:17', 0, 1, 50),
(219, 'Modification des informations de la connexion de Ange du  10 Juin 2020 à 13:47', 'update', 'connexion', NULL, '2020-06-10 13:55:46', '2020-06-10 13:55:46', 0, 1, 50),
(220, 'Nouvelle connexion', 'insert', 'connexion', 2, '2020-06-10 13:55:46', '2020-06-10 13:55:46', 0, 1, 51),
(221, 'Modification des informations de la connexion de Super Administrateur du  10 Juin 2020 à 09:39', 'update', 'connexion', NULL, '2020-06-10 16:22:53', '2020-06-10 16:22:53', 0, 1, 44),
(222, 'Nouvelle connexion', 'insert', 'connexion', 1, '2020-06-10 16:22:53', '2020-06-10 16:22:53', 0, 1, 52),
(223, 'Modification des informations de la connexion de Ange du  10 Juin 2020 à 13:55', 'update', 'connexion', NULL, '2020-06-10 16:29:23', '2020-06-10 16:29:23', 0, 1, 51),
(224, 'Nouvelle connexion', 'insert', 'connexion', 2, '2020-06-10 16:29:23', '2020-06-10 16:29:23', 0, 1, 53),
(225, 'Modification des informations de la connexion de Super Administrateur du  10 Juin 2020 à 16:22', 'update', 'connexion', NULL, '2020-06-10 16:30:53', '2020-06-10 16:30:53', 0, 1, 52),
(226, 'Nouvelle connexion', 'insert', 'connexion', 1, '2020-06-10 16:30:53', '2020-06-10 16:30:53', 0, 1, 54),
(227, 'Modification des informations du chauffeur N°5 : yoram .', 'update', 'commercial', 2, '2020-06-10 16:38:14', '2020-06-10 16:38:14', 0, 1, 5),
(228, 'Modification des informations de la connexion de Onadié Coulibaly du  06 Juin 2020 à 12:06', 'update', 'connexion', NULL, '2020-06-10 20:29:45', '2020-06-10 20:29:45', 0, 1, 15),
(229, 'Nouvelle connexion', 'insert', 'connexion', 3, '2020-06-10 20:29:45', '2020-06-10 20:29:45', 0, 1, 55),
(230, 'Modification des informations de la connexion de Ange du  10 Juin 2020 à 16:29', 'update', 'connexion', NULL, '2020-06-11 17:16:00', '2020-06-11 17:16:00', 0, 1, 53),
(231, 'Nouvelle connexion', 'insert', 'connexion', 2, '2020-06-11 17:16:00', '2020-06-11 17:16:00', 0, 1, 56),
(232, 'Modification des informations du chauffeur N°2 : Hélène .', 'update', 'commercial', 2, '2020-06-11 17:36:31', '2020-06-11 17:36:31', 0, 1, 2),
(233, 'Modification des informations du chauffeur N°2 : Hélène .', 'update', 'commercial', 2, '2020-06-11 17:50:06', '2020-06-11 17:50:06', 0, 1, 2),
(234, 'Modification des informations de la connexion de Super Administrateur du  10 Juin 2020 à 16:30', 'update', 'connexion', NULL, '2020-06-11 17:54:40', '2020-06-11 17:54:40', 0, 1, 54),
(235, 'Nouvelle connexion', 'insert', 'connexion', 1, '2020-06-11 17:54:40', '2020-06-11 17:54:40', 0, 1, 57),
(236, 'Modification des informations de la connexion de Super Administrateur du  11 Juin 2020 à 17:54', 'update', 'connexion', NULL, '2020-06-11 18:17:05', '2020-06-11 18:17:05', 0, 1, 57),
(237, 'Nouvelle connexion', 'insert', 'connexion', 1, '2020-06-11 18:17:05', '2020-06-11 18:17:05', 0, 1, 58),
(238, 'Modification des informations de la connexion de Ange du  11 Juin 2020 à 17:16', 'update', 'connexion', NULL, '2020-06-11 18:22:32', '2020-06-11 18:22:32', 0, 1, 56),
(239, 'Nouvelle connexion', 'insert', 'connexion', 2, '2020-06-11 18:22:32', '2020-06-11 18:22:32', 0, 1, 59),
(240, 'Modification des informations du chauffeur N°2 : Hélène .', 'update', 'commercial', 2, '2020-06-11 18:25:36', '2020-06-11 18:25:36', 0, 1, 2),
(241, 'Modification des informations du chauffeur N°5 : yoram .', 'update', 'commercial', 2, '2020-06-11 18:39:38', '2020-06-11 18:39:38', 0, 1, 5),
(242, 'Modification des informations de la connexion de Onadié Coulibaly du  10 Juin 2020 à 20:29', 'update', 'connexion', NULL, '2020-06-11 18:52:26', '2020-06-11 18:52:26', 0, 1, 55),
(243, 'Nouvelle connexion', 'insert', 'connexion', 3, '2020-06-11 18:52:26', '2020-06-11 18:52:26', 0, 1, 60),
(244, 'Modification des informations de la connexion de Ange du  11 Juin 2020 à 18:22', 'update', 'connexion', NULL, '2020-06-12 10:21:01', '2020-06-12 10:21:01', 0, 1, 59),
(245, 'Nouvelle connexion', 'insert', 'connexion', 2, '2020-06-12 10:21:01', '2020-06-12 10:21:01', 0, 1, 61),
(246, 'Modification des informations de la connexion de Ange du  12 Juin 2020 à 10:21', 'update', 'connexion', NULL, '2020-06-12 10:27:32', '2020-06-12 10:27:32', 0, 1, 61),
(247, 'Nouvelle connexion', 'insert', 'connexion', 2, '2020-06-12 10:27:32', '2020-06-12 10:27:32', 0, 1, 62),
(248, 'Modification des informations du chauffeur N°2 : Hélène .', 'update', 'commercial', 2, '2020-06-12 10:28:40', '2020-06-12 10:28:40', 0, 1, 2),
(249, 'Modification des informations de la connexion de Super Administrateur du  11 Juin 2020 à 18:17', 'update', 'connexion', NULL, '2020-06-12 10:32:11', '2020-06-12 10:32:11', 0, 1, 58),
(250, 'Nouvelle connexion', 'insert', 'connexion', 1, '2020-06-12 10:32:11', '2020-06-12 10:32:11', 0, 1, 63),
(251, 'Modification des informations de la connexion de Ange du  12 Juin 2020 à 10:27', 'update', 'connexion', NULL, '2020-06-12 12:02:22', '2020-06-12 12:02:22', 0, 1, 62),
(252, 'Nouvelle connexion', 'insert', 'connexion', 2, '2020-06-12 12:02:22', '2020-06-12 12:02:22', 0, 1, 64),
(253, 'Modification des informations de la connexion de Ange du  12 Juin 2020 à 12:02', 'update', 'connexion', NULL, '2020-06-12 12:49:15', '2020-06-12 12:49:15', 0, 1, 64),
(254, 'Nouvelle connexion', 'insert', 'connexion', 2, '2020-06-12 12:49:15', '2020-06-12 12:49:15', 0, 1, 65),
(255, 'Modification des informations du chauffeur N°2 : Hélène .', 'update', 'commercial', 2, '2020-06-12 13:01:49', '2020-06-12 13:01:49', 0, 1, 2),
(256, 'Modification des informations du chauffeur N°2 : Hélène .', 'update', 'commercial', 2, '2020-06-12 13:06:13', '2020-06-12 13:06:13', 0, 1, 2),
(257, 'Modification des informations du chauffeur N°2 : Hélène .', 'update', 'commercial', 2, '2020-06-12 13:49:30', '2020-06-12 13:49:30', 0, 1, 2),
(258, 'Modification des informations du chauffeur N°2 : Hélène .', 'update', 'commercial', 2, '2020-06-12 13:59:24', '2020-06-12 13:59:24', 0, 1, 2),
(259, 'Modification des informations du chauffeur N°5 : yoram .', 'update', 'commercial', 2, '2020-06-12 14:20:46', '2020-06-12 14:20:46', 0, 1, 5),
(260, 'Modification des informations de la connexion de Super Administrateur du  12 Juin 2020 à 10:32', 'update', 'connexion', NULL, '2020-06-12 14:33:19', '2020-06-12 14:33:19', 0, 1, 63),
(261, 'Nouvelle connexion', 'insert', 'connexion', 1, '2020-06-12 14:33:19', '2020-06-12 14:33:19', 0, 1, 66),
(262, 'Modification des informations de la connexion de Super Administrateur du  12 Juin 2020 à 14:33', 'update', 'connexion', NULL, '2020-06-12 14:33:46', '2020-06-12 14:33:46', 0, 1, 66),
(263, 'Nouvelle connexion', 'insert', 'connexion', 1, '2020-06-12 14:33:46', '2020-06-12 14:33:46', 0, 1, 67),
(264, 'Modification des informations du chauffeur N°5 : yoram .', 'update', 'commercial', 2, '2020-06-12 14:40:19', '2020-06-12 14:40:19', 0, 1, 5),
(265, 'Modification des informations de la connexion de Super Administrateur du  12 Juin 2020 à 14:33', 'update', 'connexion', NULL, '2020-06-12 15:23:31', '2020-06-12 15:23:31', 0, 1, 67),
(266, 'Nouvelle connexion', 'insert', 'connexion', 1, '2020-06-12 15:23:31', '2020-06-12 15:23:31', 0, 1, 68),
(267, 'Modification des informations de la connexion de Ange du  12 Juin 2020 à 12:49', 'update', 'connexion', NULL, '2020-06-12 17:30:49', '2020-06-12 17:30:49', 0, 1, 65),
(268, 'Nouvelle connexion', 'insert', 'connexion', 2, '2020-06-12 17:30:49', '2020-06-12 17:30:49', 0, 1, 69),
(269, 'Modification des informations du chauffeur N°5 : yoram .', 'update', 'commercial', 2, '2020-06-12 17:37:14', '2020-06-12 17:37:14', 0, 1, 5),
(270, 'Modification des informations de la connexion de Ange du  12 Juin 2020 à 17:30', 'update', 'connexion', NULL, '2020-06-12 17:37:45', '2020-06-12 17:37:45', 0, 1, 69),
(271, 'Nouvelle connexion', 'insert', 'connexion', 2, '2020-06-12 17:37:45', '2020-06-12 17:37:45', 0, 1, 70),
(272, 'Modification des informations du chauffeur N°5 : yoram .', 'update', 'commercial', 2, '2020-06-12 17:39:54', '2020-06-12 17:39:54', 0, 1, 5),
(273, 'Modification des informations du chauffeur N°5 : yoram .', 'update', 'commercial', 2, '2020-06-12 17:47:11', '2020-06-12 17:47:11', 0, 1, 5),
(274, 'Modification des informations de la connexion de Ange du  12 Juin 2020 à 17:37', 'update', 'connexion', NULL, '2020-06-13 11:48:12', '2020-06-13 11:48:12', 0, 1, 70),
(275, 'Nouvelle connexion', 'insert', 'connexion', 2, '2020-06-13 11:48:12', '2020-06-13 11:48:12', 0, 1, 71),
(276, 'Modification des informations de la connexion de Ange du  13 Juin 2020 à 11:48', 'update', 'connexion', NULL, '2020-06-13 16:59:52', '2020-06-13 16:59:52', 0, 1, 71),
(277, 'Nouvelle connexion', 'insert', 'connexion', 2, '2020-06-13 16:59:52', '2020-06-13 16:59:52', 0, 1, 72),
(278, 'Modification des informations de la connexion de Ange du  13 Juin 2020 à 16:59', 'update', 'connexion', NULL, '2020-06-14 16:03:50', '2020-06-14 16:03:50', 0, 1, 72),
(279, 'Nouvelle connexion', 'insert', 'connexion', 2, '2020-06-14 16:03:50', '2020-06-14 16:03:50', 0, 1, 73),
(280, 'Modification des informations de la connexion de Ange du  14 Juin 2020 à 16:03', 'update', 'connexion', NULL, '2020-06-14 16:23:50', '2020-06-14 16:23:50', 0, 1, 73),
(281, 'Nouvelle connexion', 'insert', 'connexion', 2, '2020-06-14 16:23:50', '2020-06-14 16:23:50', 0, 1, 74),
(282, 'Modification des informations de la connexion de Ange du  14 Juin 2020 à 16:23', 'update', 'connexion', NULL, '2020-06-14 16:37:56', '2020-06-14 16:37:56', 0, 1, 74),
(283, 'Nouvelle connexion', 'insert', 'connexion', 2, '2020-06-14 16:37:56', '2020-06-14 16:37:56', 0, 1, 75),
(284, 'Modification des informations de la connexion de Onadié Coulibaly du  11 Juin 2020 à 18:52', 'update', 'connexion', NULL, '2020-06-14 17:05:47', '2020-06-14 17:05:47', 0, 1, 60),
(285, 'Nouvelle connexion', 'insert', 'connexion', 3, '2020-06-14 17:05:47', '2020-06-14 17:05:47', 0, 1, 76),
(286, 'Modification des informations de la connexion de Ange du  14 Juin 2020 à 16:37', 'update', 'connexion', NULL, '2020-06-14 18:28:38', '2020-06-14 18:28:38', 0, 1, 75),
(287, 'Nouvelle connexion', 'insert', 'connexion', 2, '2020-06-14 18:28:38', '2020-06-14 18:28:38', 0, 1, 77),
(288, 'Modification des informations de la connexion de Super Administrateur du  12 Juin 2020 à 15:23', 'update', 'connexion', NULL, '2020-06-15 10:16:54', '2020-06-15 10:16:54', 0, 1, 68),
(289, 'Nouvelle connexion', 'insert', 'connexion', 1, '2020-06-15 10:16:54', '2020-06-15 10:16:54', 0, 1, 78),
(290, 'Modification des informations de la connexion de Ange du  14 Juin 2020 à 18:28', 'update', 'connexion', NULL, '2020-06-15 10:19:59', '2020-06-15 10:19:59', 0, 1, 77),
(291, 'Nouvelle connexion', 'insert', 'connexion', 2, '2020-06-15 10:19:59', '2020-06-15 10:19:59', 0, 1, 79),
(292, 'Modification des informations de la connexion de Super Administrateur du  15 Juin 2020 à 10:16', 'update', 'connexion', NULL, '2020-06-15 10:37:22', '2020-06-15 10:37:22', 0, 1, 78),
(293, 'Nouvelle connexion', 'insert', 'connexion', 1, '2020-06-15 10:37:22', '2020-06-15 10:37:22', 0, 1, 80),
(294, 'Modification des informations de la connexion de Super Administrateur du  15 Juin 2020 à 10:37', 'update', 'connexion', NULL, '2020-06-15 10:43:02', '2020-06-15 10:43:02', 0, 1, 80),
(295, 'Nouvelle connexion', 'insert', 'connexion', 1, '2020-06-15 10:43:02', '2020-06-15 10:43:02', 0, 1, 81),
(296, 'Modification des informations de la connexion de Super Administrateur du  15 Juin 2020 à 10:43', 'update', 'connexion', NULL, '2020-06-15 10:57:19', '2020-06-15 10:57:19', 0, 1, 81),
(297, 'Nouvelle connexion', 'insert', 'connexion', 1, '2020-06-15 10:57:19', '2020-06-15 10:57:19', 0, 1, 82),
(298, 'Modification des informations du chauffeur N°5 : yoram .', 'update', 'commercial', 2, '2020-06-15 11:09:07', '2020-06-15 11:09:07', 0, 1, 5),
(299, 'Modification des informations du chauffeur N°2 : Hélène .', 'update', 'commercial', 2, '2020-06-15 11:16:25', '2020-06-15 11:16:25', 0, 1, 2),
(300, 'Modification des informations de la connexion de Ange du  15 Juin 2020 à 10:19', 'update', 'connexion', NULL, '2020-06-15 11:18:28', '2020-06-15 11:18:28', 0, 1, 79),
(301, 'Nouvelle connexion', 'insert', 'connexion', 2, '2020-06-15 11:18:28', '2020-06-15 11:18:28', 0, 1, 83),
(302, 'Ajout d\'un nouvel employé dans votre gestion :mme ngué', 'insert', 'client', 2, '2020-06-15 11:25:22', '2020-06-15 11:25:22', 0, 1, 2),
(303, 'Modification des informations de l\'employé mme ngué', 'update', 'client', 2, '2020-06-15 11:31:48', '2020-06-15 11:31:48', 0, 1, 2),
(304, 'Modification des informations du chauffeur N°2 : Hélène .', 'update', 'commercial', 2, '2020-06-15 11:43:11', '2020-06-15 11:43:11', 0, 1, 2),
(305, 'Modification des informations du chauffeur N°5 : yoram .', 'update', 'commercial', 2, '2020-06-15 13:50:33', '2020-06-15 13:50:33', 0, 1, 5),
(306, 'Modification des informations de la connexion de Ange du  15 Juin 2020 à 11:18', 'update', 'connexion', NULL, '2020-06-15 14:08:25', '2020-06-15 14:08:25', 0, 1, 83),
(307, 'Nouvelle connexion', 'insert', 'connexion', 2, '2020-06-15 14:08:25', '2020-06-15 14:08:25', 0, 1, 84),
(308, 'Modification des informations de la connexion de Super Administrateur du  15 Juin 2020 à 10:57', 'update', 'connexion', NULL, '2020-06-15 14:29:52', '2020-06-15 14:29:52', 0, 1, 82),
(309, 'Nouvelle connexion', 'insert', 'connexion', 1, '2020-06-15 14:29:52', '2020-06-15 14:29:52', 0, 1, 85),
(310, 'Modification des informations de la connexion de Super Administrateur du  15 Juin 2020 à 14:29', 'update', 'connexion', NULL, '2020-06-15 18:00:44', '2020-06-15 18:00:44', 0, 1, 85),
(311, 'Nouvelle connexion', 'insert', 'connexion', 1, '2020-06-15 18:00:44', '2020-06-15 18:00:44', 0, 1, 86),
(312, 'Ajout d\'un nouveau employe dans le parc auto : Aduono', 'insert', 'employe', 1, '2020-06-15 18:02:03', '2020-06-15 18:02:03', 0, 1, 4),
(313, 'Modification des informations de la connexion de Ange du  15 Juin 2020 à 14:08', 'update', 'connexion', NULL, '2020-06-16 10:26:56', '2020-06-16 10:26:56', 0, 1, 84),
(314, 'Nouvelle connexion', 'insert', 'connexion', 2, '2020-06-16 10:26:56', '2020-06-16 10:26:56', 0, 1, 87),
(315, 'Modification des informations du chauffeur N°2 : Hélène .', 'update', 'commercial', 2, '2020-06-16 10:39:02', '2020-06-16 10:39:02', 0, 1, 2),
(316, 'Modification des informations du chauffeur N°3 : Yolande .', 'update', 'commercial', 2, '2020-06-16 10:44:44', '2020-06-16 10:44:44', 0, 1, 3),
(317, 'Modification des informations de la connexion de Ange du  16 Juin 2020 à 10:26', 'update', 'connexion', NULL, '2020-06-16 11:14:10', '2020-06-16 11:14:10', 0, 1, 87),
(318, 'Nouvelle connexion', 'insert', 'connexion', 2, '2020-06-16 11:14:10', '2020-06-16 11:14:10', 0, 1, 88),
(319, 'Modification des informations du chauffeur N°2 : Hélène .', 'update', 'commercial', 2, '2020-06-16 11:49:20', '2020-06-16 11:49:20', 0, 1, 2),
(320, 'Modification des informations de la connexion de Ange du  16 Juin 2020 à 11:14', 'update', 'connexion', NULL, '2020-06-16 12:44:55', '2020-06-16 12:44:55', 0, 1, 88),
(321, 'Nouvelle connexion', 'insert', 'connexion', 2, '2020-06-16 12:44:55', '2020-06-16 12:44:55', 0, 1, 89),
(322, 'Modification des informations du chauffeur N°2 : Hélène .', 'update', 'commercial', 2, '2020-06-16 12:49:46', '2020-06-16 12:49:46', 0, 1, 2),
(323, 'Modification des informations de la connexion de Ange du  16 Juin 2020 à 12:44', 'update', 'connexion', NULL, '2020-06-16 13:17:24', '2020-06-16 13:17:24', 0, 1, 89),
(324, 'Nouvelle connexion', 'insert', 'connexion', 2, '2020-06-16 13:17:24', '2020-06-16 13:17:24', 0, 1, 90),
(325, 'Modification des informations du chauffeur N°3 : Yolande .', 'update', 'commercial', 2, '2020-06-16 13:24:46', '2020-06-16 13:24:46', 0, 1, 3),
(326, 'Modification des informations du chauffeur N°2 : Hélène .', 'update', 'commercial', 2, '2020-06-16 14:10:57', '2020-06-16 14:10:57', 0, 1, 2),
(327, 'Modification des informations de la connexion de Ange du  16 Juin 2020 à 13:17', 'update', 'connexion', NULL, '2020-06-16 14:40:06', '2020-06-16 14:40:06', 0, 1, 90),
(328, 'Nouvelle connexion', 'insert', 'connexion', 2, '2020-06-16 14:40:06', '2020-06-16 14:40:06', 0, 1, 91),
(329, 'Modification des informations du chauffeur N°3 : Yolande .', 'update', 'commercial', 2, '2020-06-16 15:22:13', '2020-06-16 15:22:13', 0, 1, 3),
(330, 'Modification des informations du chauffeur N°3 : Yolande .', 'update', 'commercial', 2, '2020-06-16 15:38:28', '2020-06-16 15:38:28', 0, 1, 3),
(331, 'Modification des informations de la connexion de Super Administrateur du  15 Juin 2020 à 18:00', 'update', 'connexion', NULL, '2020-06-16 16:07:49', '2020-06-16 16:07:49', 0, 1, 86),
(332, 'Nouvelle connexion', 'insert', 'connexion', 1, '2020-06-16 16:07:49', '2020-06-16 16:07:49', 0, 1, 92),
(333, 'Modification des informations de la connexion de Ange du  16 Juin 2020 à 14:40', 'update', 'connexion', NULL, '2020-06-16 19:26:16', '2020-06-16 19:26:16', 0, 1, 91),
(334, 'Nouvelle connexion', 'insert', 'connexion', 2, '2020-06-16 19:26:16', '2020-06-16 19:26:16', 0, 1, 93),
(335, 'Modification des informations de la connexion de Ange du  16 Juin 2020 à 19:26', 'update', 'connexion', NULL, '2020-06-17 11:11:04', '2020-06-17 11:11:04', 0, 1, 93),
(336, 'Nouvelle connexion', 'insert', 'connexion', 2, '2020-06-17 11:11:04', '2020-06-17 11:11:04', 0, 1, 94),
(337, 'Modification des informations du chauffeur N°2 : Hélène .', 'update', 'commercial', 2, '2020-06-17 11:23:47', '2020-06-17 11:23:47', 0, 1, 2),
(338, 'Modification des informations de la connexion de Ange du  17 Juin 2020 à 11:11', 'update', 'connexion', 2, '2020-06-17 11:26:47', '2020-06-17 11:26:47', 0, 1, 94);
INSERT INTO `history` (`id`, `sentense`, `typeSave`, `record`, `employe_id`, `created`, `modified`, `protected`, `valide`, `recordId`) VALUES
(339, 'Nouvelle connexion', 'insert', 'connexion', 2, '2020-06-17 11:49:52', '2020-06-17 11:49:52', 0, 1, 95),
(340, 'Modification des informations de la connexion de Ange du  17 Juin 2020 à 11:49', 'update', 'connexion', NULL, '2020-06-17 12:22:06', '2020-06-17 12:22:06', 0, 1, 95),
(341, 'Nouvelle connexion', 'insert', 'connexion', 2, '2020-06-17 12:22:06', '2020-06-17 12:22:06', 0, 1, 96),
(342, 'Modification des informations de la connexion de Ange du  17 Juin 2020 à 12:22', 'update', 'connexion', NULL, '2020-06-17 12:32:52', '2020-06-17 12:32:52', 0, 1, 96),
(343, 'Nouvelle connexion', 'insert', 'connexion', 2, '2020-06-17 12:32:52', '2020-06-17 12:32:52', 0, 1, 97),
(344, 'Modification des informations du chauffeur N°2 : Hélène .', 'update', 'commercial', 2, '2020-06-17 13:01:17', '2020-06-17 13:01:17', 0, 1, 2),
(345, 'Modification des informations du chauffeur N°2 : Hélène .', 'update', 'commercial', 2, '2020-06-17 13:21:29', '2020-06-17 13:21:29', 0, 1, 2),
(346, 'Modification des informations du chauffeur N°2 : Hélène .', 'update', 'commercial', 2, '2020-06-17 13:23:24', '2020-06-17 13:23:24', 0, 1, 2),
(347, 'Modification des informations de la connexion de Ange du  17 Juin 2020 à 12:32', 'update', 'connexion', NULL, '2020-06-17 14:22:17', '2020-06-17 14:22:17', 0, 1, 97),
(348, 'Nouvelle connexion', 'insert', 'connexion', 2, '2020-06-17 14:22:18', '2020-06-17 14:22:18', 0, 1, 98),
(349, 'Modification des informations du chauffeur N°3 : Yolande .', 'update', 'commercial', 2, '2020-06-17 14:30:29', '2020-06-17 14:30:29', 0, 1, 3),
(350, 'Modification des informations de la connexion de Ange du  17 Juin 2020 à 14:22', 'update', 'connexion', NULL, '2020-06-17 14:39:21', '2020-06-17 14:39:21', 0, 1, 98),
(351, 'Nouvelle connexion', 'insert', 'connexion', 2, '2020-06-17 14:39:21', '2020-06-17 14:39:21', 0, 1, 99),
(352, 'Modification des informations de la connexion de Ange du  17 Juin 2020 à 14:39', 'update', 'connexion', NULL, '2020-06-17 15:50:11', '2020-06-17 15:50:11', 0, 1, 99),
(353, 'Nouvelle connexion', 'insert', 'connexion', 2, '2020-06-17 15:50:11', '2020-06-17 15:50:11', 0, 1, 100),
(354, 'Modification des informations de la connexion de Ange du  17 Juin 2020 à 15:50', 'update', 'connexion', NULL, '2020-06-18 14:21:18', '2020-06-18 14:21:18', 0, 1, 100),
(355, 'Nouvelle connexion', 'insert', 'connexion', 2, '2020-06-18 14:21:18', '2020-06-18 14:21:18', 0, 1, 101),
(356, 'Modification des informations du chauffeur N°3 : Yolande .', 'update', 'commercial', 2, '2020-06-18 14:40:52', '2020-06-18 14:40:52', 0, 1, 3),
(357, 'Modification des informations du chauffeur N°3 : Yolande .', 'update', 'commercial', 2, '2020-06-18 14:45:35', '2020-06-18 14:45:35', 0, 1, 3),
(358, 'Modification des informations du chauffeur N°3 : Yolande .', 'update', 'commercial', 2, '2020-06-18 14:47:43', '2020-06-18 14:47:43', 0, 1, 3),
(359, 'Modification des informations du chauffeur N°2 : Hélène .', 'update', 'commercial', 2, '2020-06-18 15:07:06', '2020-06-18 15:07:06', 0, 1, 2),
(360, 'Modification des informations de la connexion de Ange du  18 Juin 2020 à 14:21', 'update', 'connexion', NULL, '2020-06-18 15:36:41', '2020-06-18 15:36:41', 0, 1, 101),
(361, 'Nouvelle connexion', 'insert', 'connexion', 2, '2020-06-18 15:36:41', '2020-06-18 15:36:41', 0, 1, 102),
(362, 'Modification des informations de la connexion de Ange du  18 Juin 2020 à 15:36', 'update', 'connexion', NULL, '2020-06-18 16:20:49', '2020-06-18 16:20:49', 0, 1, 102),
(363, 'Nouvelle connexion', 'insert', 'connexion', 2, '2020-06-18 16:20:49', '2020-06-18 16:20:49', 0, 1, 103),
(364, 'Modification des informations du chauffeur N°2 : Hélène .', 'update', 'commercial', 2, '2020-06-18 16:36:48', '2020-06-18 16:36:48', 0, 1, 2),
(365, 'Modification des informations du chauffeur N°2 : Hélène .', 'update', 'commercial', 2, '2020-06-18 17:04:11', '2020-06-18 17:04:11', 0, 1, 2),
(366, 'Modification des informations du chauffeur N°2 : Hélène .', 'update', 'commercial', 2, '2020-06-18 17:11:26', '2020-06-18 17:11:26', 0, 1, 2),
(367, 'Modification des informations de la connexion de Ange du  18 Juin 2020 à 16:20', 'update', 'connexion', NULL, '2020-06-18 17:20:59', '2020-06-18 17:20:59', 0, 1, 103),
(368, 'Nouvelle connexion', 'insert', 'connexion', 2, '2020-06-18 17:20:59', '2020-06-18 17:20:59', 0, 1, 104),
(369, 'Modification des informations de la connexion de Ange du  18 Juin 2020 à 17:20', 'update', 'connexion', NULL, '2020-06-18 17:37:18', '2020-06-18 17:37:18', 0, 1, 104),
(370, 'Nouvelle connexion', 'insert', 'connexion', 2, '2020-06-18 17:37:18', '2020-06-18 17:37:18', 0, 1, 105),
(371, 'Modification des informations de la connexion de Super Administrateur du  16 Juin 2020 à 16:07', 'update', 'connexion', NULL, '2020-06-19 10:13:47', '2020-06-19 10:13:47', 0, 1, 92),
(372, 'Nouvelle connexion', 'insert', 'connexion', 1, '2020-06-19 10:13:47', '2020-06-19 10:13:47', 0, 1, 106),
(373, 'Modification des informations de la connexion de Super Administrateur du  19 Juin 2020 à 10:13', 'update', 'connexion', NULL, '2020-06-19 10:27:22', '2020-06-19 10:27:22', 0, 1, 106),
(374, 'Nouvelle connexion', 'insert', 'connexion', 1, '2020-06-19 10:27:22', '2020-06-19 10:27:22', 0, 1, 107),
(375, 'Modification des informations du employe 4 Aduono', 'update', 'employe', NULL, '2020-06-19 11:16:11', '2020-06-19 11:16:11', 0, 1, 4),
(376, 'Nouvelle connexion', 'insert', 'connexion', 4, '2020-06-19 11:16:11', '2020-06-19 11:16:11', 0, 1, 108),
(377, 'Modification des informations de la connexion de Ange du  18 Juin 2020 à 17:37', 'update', 'connexion', NULL, '2020-06-19 12:53:36', '2020-06-19 12:53:36', 0, 1, 105),
(378, 'Nouvelle connexion', 'insert', 'connexion', 2, '2020-06-19 12:53:36', '2020-06-19 12:53:36', 0, 1, 109),
(379, 'Modification des informations de la connexion de Super Administrateur du  19 Juin 2020 à 10:27', 'update', 'connexion', NULL, '2020-06-19 13:02:13', '2020-06-19 13:02:13', 0, 1, 107),
(380, 'Nouvelle connexion', 'insert', 'connexion', 1, '2020-06-19 13:02:13', '2020-06-19 13:02:13', 0, 1, 110),
(381, 'Modification des informations du chauffeur N°3 : Yolande .', 'update', 'commercial', 2, '2020-06-19 13:44:19', '2020-06-19 13:44:19', 0, 1, 3),
(382, 'Modification des informations de la connexion de Ange du  19 Juin 2020 à 12:53', 'update', 'connexion', NULL, '2020-06-19 14:20:06', '2020-06-19 14:20:06', 0, 1, 109),
(383, 'Nouvelle connexion', 'insert', 'connexion', 2, '2020-06-19 14:20:06', '2020-06-19 14:20:06', 0, 1, 111),
(384, 'Modification des informations du chauffeur N°2 : Hélène .', 'update', 'commercial', 2, '2020-06-19 14:44:58', '2020-06-19 14:44:58', 0, 1, 2),
(385, 'Modification des informations du chauffeur N°3 : Yolande .', 'update', 'commercial', 2, '2020-06-19 17:25:44', '2020-06-19 17:25:44', 0, 1, 3),
(386, 'Modification des informations du chauffeur N°3 : Yolande .', 'update', 'commercial', 2, '2020-06-19 17:26:00', '2020-06-19 17:26:00', 0, 1, 3),
(387, 'Modification des informations du chauffeur N°3 : Yolande .', 'update', 'commercial', 2, '2020-06-19 17:32:46', '2020-06-19 17:32:46', 0, 1, 3),
(388, 'Modification des informations du chauffeur N°2 : Hélène .', 'update', 'commercial', 2, '2020-06-19 17:33:40', '2020-06-19 17:33:40', 0, 1, 2),
(389, 'Modification des informations du chauffeur N°3 : Yolande .', 'update', 'commercial', 2, '2020-06-19 17:34:43', '2020-06-19 17:34:43', 0, 1, 3),
(390, 'Modification des informations de la connexion de Ange du  19 Juin 2020 à 14:20', 'update', 'connexion', NULL, '2020-06-20 10:53:34', '2020-06-20 10:53:34', 0, 1, 111),
(391, 'Nouvelle connexion', 'insert', 'connexion', 2, '2020-06-20 10:53:34', '2020-06-20 10:53:34', 0, 1, 112),
(392, 'Modification des informations du chauffeur N°3 : Yolande .', 'update', 'commercial', 2, '2020-06-20 11:01:14', '2020-06-20 11:01:14', 0, 1, 3),
(393, 'Modification des informations du chauffeur N°2 : Hélène .', 'update', 'commercial', 2, '2020-06-20 11:06:10', '2020-06-20 11:06:10', 0, 1, 2),
(394, 'Modification des informations du chauffeur N°2 : Hélène .', 'update', 'commercial', 2, '2020-06-20 11:21:14', '2020-06-20 11:21:14', 0, 1, 2),
(395, 'Modification des informations du chauffeur N°2 : Hélène .', 'update', 'commercial', 2, '2020-06-20 11:23:50', '2020-06-20 11:23:50', 0, 1, 2),
(396, 'Modification des informations de la connexion de Super Administrateur du  19 Juin 2020 à 13:02', 'update', 'connexion', NULL, '2020-06-20 11:44:05', '2020-06-20 11:44:05', 0, 1, 110),
(397, 'Nouvelle connexion', 'insert', 'connexion', 1, '2020-06-20 11:44:05', '2020-06-20 11:44:05', 0, 1, 113),
(398, 'Modification des informations du chauffeur N°2 : Hélène .', 'update', 'commercial', 2, '2020-06-20 12:04:39', '2020-06-20 12:04:39', 0, 1, 2),
(399, 'Modification des informations de la connexion de Ange du  20 Juin 2020 à 10:53', 'update', 'connexion', NULL, '2020-06-20 12:05:05', '2020-06-20 12:05:05', 0, 1, 112),
(400, 'Nouvelle connexion', 'insert', 'connexion', 2, '2020-06-20 12:05:05', '2020-06-20 12:05:05', 0, 1, 114),
(401, 'Modification des informations de la connexion de Onadié Coulibaly du  14 Juin 2020 à 17:05', 'update', 'connexion', NULL, '2020-06-20 12:06:53', '2020-06-20 12:06:53', 0, 1, 76),
(402, 'Nouvelle connexion', 'insert', 'connexion', 3, '2020-06-20 12:06:53', '2020-06-20 12:06:53', 0, 1, 115),
(403, 'Modification des informations de la connexion de Super Administrateur du  20 Juin 2020 à 11:44', 'update', 'connexion', NULL, '2020-06-20 12:33:40', '2020-06-20 12:33:40', 0, 1, 113),
(404, 'Nouvelle connexion', 'insert', 'connexion', 1, '2020-06-20 12:33:40', '2020-06-20 12:33:40', 0, 1, 116),
(405, 'Modification des informations de la connexion de Ange du  20 Juin 2020 à 12:05', 'update', 'connexion', NULL, '2020-06-20 14:14:40', '2020-06-20 14:14:40', 0, 1, 114),
(406, 'Nouvelle connexion', 'insert', 'connexion', 2, '2020-06-20 14:14:40', '2020-06-20 14:14:40', 0, 1, 117),
(407, 'Modification des informations du chauffeur N°2 : Hélène .', 'update', 'commercial', 2, '2020-06-20 14:24:05', '2020-06-20 14:24:05', 0, 1, 2),
(408, 'Modification des informations de la connexion de Ange du  20 Juin 2020 à 14:14', 'update', 'connexion', NULL, '2020-06-20 14:56:11', '2020-06-20 14:56:11', 0, 1, 117),
(409, 'Nouvelle connexion', 'insert', 'connexion', 2, '2020-06-20 14:56:11', '2020-06-20 14:56:11', 0, 1, 118),
(410, 'Modification des informations du chauffeur N°2 : Hélène .', 'update', 'commercial', 2, '2020-06-20 15:06:23', '2020-06-20 15:06:23', 0, 1, 2),
(411, 'Modification des informations du chauffeur N°3 : Yolande .', 'update', 'commercial', 2, '2020-06-20 15:43:39', '2020-06-20 15:43:39', 0, 1, 3),
(412, 'Modification des informations du chauffeur N°2 : Hélène .', 'update', 'commercial', 2, '2020-06-20 15:48:17', '2020-06-20 15:48:17', 0, 1, 2),
(413, 'Modification des informations de la connexion de Ange du  20 Juin 2020 à 14:56', 'update', 'connexion', NULL, '2020-06-20 16:33:37', '2020-06-20 16:33:37', 0, 1, 118),
(414, 'Nouvelle connexion', 'insert', 'connexion', 2, '2020-06-20 16:33:37', '2020-06-20 16:33:37', 0, 1, 119),
(415, 'Modification des informations du chauffeur N°2 : Hélène .', 'update', 'commercial', 2, '2020-06-20 17:10:56', '2020-06-20 17:10:56', 0, 1, 2),
(416, 'Modification des informations du chauffeur N°2 : Hélène .', 'update', 'commercial', 2, '2020-06-20 17:22:28', '2020-06-20 17:22:28', 0, 1, 2),
(417, 'Modification des informations du chauffeur N°2 : Hélène .', 'update', 'commercial', 2, '2020-06-20 17:24:05', '2020-06-20 17:24:05', 0, 1, 2),
(418, 'Modification des informations de la connexion de Ange du  20 Juin 2020 à 16:33', 'update', 'connexion', NULL, '2020-06-20 17:51:56', '2020-06-20 17:51:56', 0, 1, 119),
(419, 'Nouvelle connexion', 'insert', 'connexion', 2, '2020-06-20 17:51:56', '2020-06-20 17:51:56', 0, 1, 120),
(420, 'Modification des informations de la connexion de Ange du  20 Juin 2020 à 17:51', 'update', 'connexion', NULL, '2020-06-21 12:32:25', '2020-06-21 12:32:25', 0, 1, 120),
(421, 'Nouvelle connexion', 'insert', 'connexion', 2, '2020-06-21 12:32:25', '2020-06-21 12:32:25', 0, 1, 121),
(422, 'Modification des informations de la connexion de Ange du  21 Juin 2020 à 12:32', 'update', 'connexion', NULL, '2020-06-21 12:48:13', '2020-06-21 12:48:13', 0, 1, 121),
(423, 'Nouvelle connexion', 'insert', 'connexion', 2, '2020-06-21 12:48:14', '2020-06-21 12:48:14', 0, 1, 122),
(424, 'Modification des informations de la connexion de Ange du  21 Juin 2020 à 12:48', 'update', 'connexion', NULL, '2020-06-22 11:40:48', '2020-06-22 11:40:48', 0, 1, 122),
(425, 'Nouvelle connexion', 'insert', 'connexion', 2, '2020-06-22 11:40:48', '2020-06-22 11:40:48', 0, 1, 123),
(426, 'Modification des informations de la connexion de Ange du  22 Juin 2020 à 11:40', 'update', 'connexion', 2, '2020-06-22 11:40:59', '2020-06-22 11:40:59', 0, 1, 123),
(427, 'Nouvelle connexion', 'insert', 'connexion', 2, '2020-06-22 11:40:59', '2020-06-22 11:40:59', 0, 1, 124),
(428, 'Ajout d\'un nouvel employé dans votre gestion :cyrille', 'insert', 'client', 2, '2020-06-22 11:47:17', '2020-06-22 11:47:17', 0, 1, 3),
(429, 'Modification des informations de la connexion de Super Administrateur du  20 Juin 2020 à 12:33', 'update', 'connexion', NULL, '2020-06-22 11:52:59', '2020-06-22 11:52:59', 0, 1, 116),
(430, 'Nouvelle connexion', 'insert', 'connexion', 1, '2020-06-22 11:52:59', '2020-06-22 11:52:59', 0, 1, 125),
(431, 'Modification des informations de l\'employé cyrille', 'update', 'client', 2, '2020-06-22 11:55:59', '2020-06-22 11:55:59', 0, 1, 3),
(432, 'Ajout d\'un nouveau zone de vente : Abidjan dans les paramétrages', 'insert', 'zonedevente', 1, '2020-06-22 11:57:37', '2020-06-22 11:57:37', 0, 1, 4),
(433, 'Modification des informations du chauffeur N°2 : Hélène .', 'update', 'commercial', 2, '2020-06-22 12:12:29', '2020-06-22 12:12:29', 0, 1, 2),
(434, 'Modification des informations du chauffeur N°2 : Hélène .', 'update', 'commercial', 2, '2020-06-22 12:13:57', '2020-06-22 12:13:57', 0, 1, 2),
(435, 'Ajout d\'un nouvel employé dans votre gestion :casmir', 'insert', 'client', 2, '2020-06-22 12:18:26', '2020-06-22 12:18:26', 0, 1, 4),
(436, 'Modification des informations de l\'employé casmir', 'update', 'client', 2, '2020-06-22 12:19:57', '2020-06-22 12:19:57', 0, 1, 4),
(437, 'Modification des informations de la connexion de Ange du  22 Juin 2020 à 11:40', 'update', 'connexion', NULL, '2020-06-22 12:29:57', '2020-06-22 12:29:57', 0, 1, 124),
(438, 'Nouvelle connexion', 'insert', 'connexion', 2, '2020-06-22 12:29:57', '2020-06-22 12:29:57', 0, 1, 126),
(439, 'Modification des informations de la connexion de Ange du  22 Juin 2020 à 12:29', 'update', 'connexion', NULL, '2020-06-22 15:32:20', '2020-06-22 15:32:20', 0, 1, 126),
(440, 'Nouvelle connexion', 'insert', 'connexion', 2, '2020-06-22 15:32:20', '2020-06-22 15:32:20', 0, 1, 127),
(441, 'Modification des informations de la connexion de Ange du  22 Juin 2020 à 15:32', 'update', 'connexion', NULL, '2020-06-22 16:24:51', '2020-06-22 16:24:51', 0, 1, 127),
(442, 'Nouvelle connexion', 'insert', 'connexion', 2, '2020-06-22 16:24:51', '2020-06-22 16:24:51', 0, 1, 128),
(443, 'Modification des informations du chauffeur N°2 : Hélène .', 'update', 'commercial', 2, '2020-06-22 17:34:16', '2020-06-22 17:34:16', 0, 1, 2),
(444, 'Modification des informations du chauffeur N°3 : Yolande .', 'update', 'commercial', 2, '2020-06-22 17:37:35', '2020-06-22 17:37:35', 0, 1, 3),
(445, 'Ajout d\'un nouvel employé dans votre gestion :mr malo', 'insert', 'client', 2, '2020-06-22 17:45:35', '2020-06-22 17:45:35', 0, 1, 5),
(446, 'Modification des informations de l\'employé mr malo', 'update', 'client', 2, '2020-06-22 17:49:32', '2020-06-22 17:49:32', 0, 1, 5),
(447, 'Modification des informations du chauffeur N°3 : Yolande .', 'update', 'commercial', 2, '2020-06-22 17:59:35', '2020-06-22 17:59:35', 0, 1, 3),
(448, 'Modification des informations de la connexion de Ange du  22 Juin 2020 à 16:24', 'update', 'connexion', NULL, '2020-06-22 18:49:10', '2020-06-22 18:49:10', 0, 1, 128),
(449, 'Nouvelle connexion', 'insert', 'connexion', 2, '2020-06-22 18:49:10', '2020-06-22 18:49:10', 0, 1, 129),
(450, 'Modification des informations de la connexion de Ange du  22 Juin 2020 à 18:49', 'update', 'connexion', NULL, '2020-06-23 09:18:20', '2020-06-23 09:18:20', 0, 1, 129),
(451, 'Nouvelle connexion', 'insert', 'connexion', 2, '2020-06-23 09:18:20', '2020-06-23 09:18:20', 0, 1, 130),
(452, 'Modification des informations de l\'employé mme ngué', 'update', 'client', 2, '2020-06-23 09:23:42', '2020-06-23 09:23:42', 0, 1, 2),
(453, 'Modification des informations de la connexion de Ange du  23 Juin 2020 à 09:18', 'update', 'connexion', NULL, '2020-06-23 10:00:38', '2020-06-23 10:00:38', 0, 1, 130),
(454, 'Nouvelle connexion', 'insert', 'connexion', 2, '2020-06-23 10:00:38', '2020-06-23 10:00:38', 0, 1, 131),
(455, 'Modification des informations du chauffeur N°2 : Hélène .', 'update', 'commercial', 2, '2020-06-23 10:11:43', '2020-06-23 10:11:43', 0, 1, 2),
(456, 'Modification des informations du chauffeur N°2 : Hélène .', 'update', 'commercial', 2, '2020-06-23 11:44:14', '2020-06-23 11:44:14', 0, 1, 2),
(457, 'Modification des informations du chauffeur N°2 : Hélène .', 'update', 'commercial', 2, '2020-06-23 11:46:50', '2020-06-23 11:46:50', 0, 1, 2),
(458, 'Modification des informations du chauffeur N°3 : Yolande .', 'update', 'commercial', 2, '2020-06-23 13:22:26', '2020-06-23 13:22:26', 0, 1, 3),
(459, 'Modification des informations du chauffeur N°3 : Yolande .', 'update', 'commercial', 2, '2020-06-23 13:27:32', '2020-06-23 13:27:32', 0, 1, 3),
(460, 'Modification des informations de l\'employé mr malo', 'update', 'client', 2, '2020-06-23 13:35:30', '2020-06-23 13:35:30', 0, 1, 5),
(461, 'Modification des informations de la connexion de Ange du  23 Juin 2020 à 10:00', 'update', 'connexion', NULL, '2020-06-23 16:34:18', '2020-06-23 16:34:18', 0, 1, 131),
(462, 'Nouvelle connexion', 'insert', 'connexion', 2, '2020-06-23 16:34:19', '2020-06-23 16:34:19', 0, 1, 132),
(463, 'Modification des informations de la connexion de Ange du  23 Juin 2020 à 16:34', 'update', 'connexion', NULL, '2020-06-23 16:47:23', '2020-06-23 16:47:23', 0, 1, 132),
(464, 'Nouvelle connexion', 'insert', 'connexion', 2, '2020-06-23 16:47:24', '2020-06-23 16:47:24', 0, 1, 133),
(465, 'Modification des informations de l\'employé cyrille', 'update', 'client', 2, '2020-06-23 17:17:55', '2020-06-23 17:17:55', 0, 1, 3),
(466, 'Modification des informations de l\'employé casmir', 'update', 'client', 2, '2020-06-23 17:34:24', '2020-06-23 17:34:24', 0, 1, 4),
(467, 'Modification des informations de l\'employé mr malo', 'update', 'client', 2, '2020-06-23 17:35:28', '2020-06-23 17:35:28', 0, 1, 5),
(468, 'Modification des informations de la connexion de Onadié Coulibaly du  20 Juin 2020 à 12:06', 'update', 'connexion', NULL, '2020-06-24 00:47:51', '2020-06-24 00:47:51', 0, 1, 115),
(469, 'Nouvelle connexion', 'insert', 'connexion', 3, '2020-06-24 00:47:52', '2020-06-24 00:47:52', 0, 1, 134),
(470, 'Modification des informations de la connexion de Onadié Coulibaly du  24 Juin 2020 à 00:47', 'update', 'connexion', 3, '2020-06-24 00:53:48', '2020-06-24 00:53:48', 0, 1, 134),
(471, 'Modification des informations de la connexion de Ange du  23 Juin 2020 à 16:47', 'update', 'connexion', NULL, '2020-06-24 12:13:25', '2020-06-24 12:13:25', 0, 1, 133),
(472, 'Nouvelle connexion', 'insert', 'connexion', 2, '2020-06-24 12:13:25', '2020-06-24 12:13:25', 0, 1, 135),
(473, 'Modification des informations du chauffeur N°2 : Hélène .', 'update', 'commercial', 2, '2020-06-24 12:56:49', '2020-06-24 12:56:49', 0, 1, 2),
(474, 'Modification des informations du chauffeur N°2 : Hélène .', 'update', 'commercial', 2, '2020-06-24 13:06:47', '2020-06-24 13:06:47', 0, 1, 2),
(475, 'Modification des informations de la connexion de Ange du  24 Juin 2020 à 12:13', 'update', 'connexion', NULL, '2020-06-24 13:45:23', '2020-06-24 13:45:23', 0, 1, 135),
(476, 'Nouvelle connexion', 'insert', 'connexion', 2, '2020-06-24 13:45:23', '2020-06-24 13:45:23', 0, 1, 136),
(477, 'Modification des informations de la connexion de Ange du  24 Juin 2020 à 13:45', 'update', 'connexion', NULL, '2020-06-24 14:28:25', '2020-06-24 14:28:25', 0, 1, 136),
(478, 'Nouvelle connexion', 'insert', 'connexion', 2, '2020-06-24 14:28:25', '2020-06-24 14:28:25', 0, 1, 137),
(479, 'Modification des informations de la connexion de Ange du  24 Juin 2020 à 14:28', 'update', 'connexion', NULL, '2020-06-24 15:16:55', '2020-06-24 15:16:55', 0, 1, 137),
(480, 'Nouvelle connexion', 'insert', 'connexion', 2, '2020-06-24 15:16:55', '2020-06-24 15:16:55', 0, 1, 138),
(481, 'Modification des informations de la connexion de Super Administrateur du  22 Juin 2020 à 11:52', 'update', 'connexion', NULL, '2020-06-24 15:17:43', '2020-06-24 15:17:43', 0, 1, 125),
(482, 'Nouvelle connexion', 'insert', 'connexion', 1, '2020-06-24 15:17:43', '2020-06-24 15:17:43', 0, 1, 139),
(483, 'Modification des informations du chauffeur N°2 : Hélène .', 'update', 'commercial', 2, '2020-06-24 15:19:39', '2020-06-24 15:19:39', 0, 1, 2),
(484, 'Modification des informations du chauffeur N°2 : Hélène .', 'update', 'commercial', 2, '2020-06-24 15:31:09', '2020-06-24 15:31:09', 0, 1, 2),
(485, 'Modification des informations de la connexion de Super Administrateur du  24 Juin 2020 à 15:17', 'update', 'connexion', NULL, '2020-06-24 17:41:42', '2020-06-24 17:41:42', 0, 1, 139),
(486, 'Nouvelle connexion', 'insert', 'connexion', 1, '2020-06-24 17:41:42', '2020-06-24 17:41:42', 0, 1, 140),
(487, 'Modification des informations de la connexion de Ange du  24 Juin 2020 à 15:16', 'update', 'connexion', NULL, '2020-06-24 17:41:55', '2020-06-24 17:41:55', 0, 1, 138),
(488, 'Nouvelle connexion', 'insert', 'connexion', 2, '2020-06-24 17:41:55', '2020-06-24 17:41:55', 0, 1, 141),
(489, 'Modification des informations du chauffeur N°3 : Yolande .', 'update', 'commercial', 2, '2020-06-24 17:46:04', '2020-06-24 17:46:04', 0, 1, 3),
(490, 'Modification des informations du chauffeur N°3 : Yolande .', 'update', 'commercial', 2, '2020-06-24 17:48:26', '2020-06-24 17:48:26', 0, 1, 3),
(491, 'Modification des informations du chauffeur N°3 : Yolande .', 'update', 'commercial', 2, '2020-06-24 18:10:10', '2020-06-24 18:10:10', 0, 1, 3),
(492, 'Modification des informations du chauffeur N°3 : Yolande .', 'update', 'commercial', 2, '2020-06-24 18:12:32', '2020-06-24 18:12:32', 0, 1, 3),
(493, 'Modification des informations de la connexion de Super Administrateur du  24 Juin 2020 à 17:41', 'update', 'connexion', NULL, '2020-06-25 10:00:44', '2020-06-25 10:00:44', 0, 1, 140),
(494, 'Nouvelle connexion', 'insert', 'connexion', 1, '2020-06-25 10:00:44', '2020-06-25 10:00:44', 0, 1, 142),
(495, 'Modification des informations de la connexion de Ange du  24 Juin 2020 à 17:41', 'update', 'connexion', NULL, '2020-06-25 11:41:55', '2020-06-25 11:41:55', 0, 1, 141),
(496, 'Nouvelle connexion', 'insert', 'connexion', 2, '2020-06-25 11:41:55', '2020-06-25 11:41:55', 0, 1, 143),
(497, 'Modification des informations du chauffeur N°5 : yoram .', 'update', 'commercial', 2, '2020-06-25 11:50:56', '2020-06-25 11:50:56', 0, 1, 5),
(498, 'Modification des informations de la connexion de Super Administrateur du  25 Juin 2020 à 10:00', 'update', 'connexion', NULL, '2020-06-25 12:03:20', '2020-06-25 12:03:20', 0, 1, 142),
(499, 'Nouvelle connexion', 'insert', 'connexion', 1, '2020-06-25 12:03:20', '2020-06-25 12:03:20', 0, 1, 144),
(500, 'Modification des informations de la connexion de Ange du  25 Juin 2020 à 11:41', 'update', 'connexion', NULL, '2020-06-25 12:09:00', '2020-06-25 12:09:00', 0, 1, 143),
(501, 'Nouvelle connexion', 'insert', 'connexion', 2, '2020-06-25 12:09:00', '2020-06-25 12:09:00', 0, 1, 145),
(502, 'Modification des informations du chauffeur N°2 : Hélène .', 'update', 'commercial', 2, '2020-06-25 12:30:30', '2020-06-25 12:30:30', 0, 1, 2),
(503, 'Modification des informations de la connexion de Ange du  25 Juin 2020 à 12:09', 'update', 'connexion', NULL, '2020-06-25 13:06:24', '2020-06-25 13:06:24', 0, 1, 145),
(504, 'Nouvelle connexion', 'insert', 'connexion', 2, '2020-06-25 13:06:24', '2020-06-25 13:06:24', 0, 1, 146),
(505, 'Modification des informations du chauffeur N°2 : Hélène .', 'update', 'commercial', 2, '2020-06-25 13:18:55', '2020-06-25 13:18:55', 0, 1, 2),
(506, 'Ajout d\'une nouvelle ressource : Caisse courante dans les paramétrages', 'insert', 'comptebanque', NULL, '2020-06-25 14:20:28', '2020-06-25 14:20:28', 0, 1, 1),
(507, 'Ajout d\'un nouveau type d\'operation de vehicule : Dépôt dans les paramétrages', 'insert', 'typemouvement', NULL, '2020-06-25 14:20:28', '2020-06-25 14:20:28', 0, 1, 1),
(508, 'Ajout d\'un nouveau type d\'operation de vehicule : Retrait dans les paramétrages', 'insert', 'typemouvement', NULL, '2020-06-25 14:20:29', '2020-06-25 14:20:29', 0, 1, 2),
(509, 'Ajout d\'un nouveau type de transmission de vehicule : Amortissement linéaire dans les paramétrages', 'insert', 'typeamortissement', NULL, '2020-06-25 14:20:29', '2020-06-25 14:20:29', 0, 1, 1),
(510, 'Ajout d\'un nouveau type de transmission de vehicule : Amortissement dégressif dans les paramétrages', 'insert', 'typeamortissement', NULL, '2020-06-25 14:20:30', '2020-06-25 14:20:30', 0, 1, 2),
(511, 'Ajout d\'un nouveau type de bien : Magasin / Entrepot / Usine dans les paramétrages', 'insert', 'typebien', NULL, '2020-06-25 14:20:30', '2020-06-25 14:20:30', 0, 1, 1),
(512, 'Ajout d\'un nouveau type de bien : Meubles / Mobiliers dans les paramétrages', 'insert', 'typebien', NULL, '2020-06-25 14:20:30', '2020-06-25 14:20:30', 0, 1, 2),
(513, 'Ajout d\'un nouveau type de bien : Véhicules dans les paramétrages', 'insert', 'typebien', NULL, '2020-06-25 14:20:30', '2020-06-25 14:20:30', 0, 1, 3),
(514, 'Ajout d\'un nouveau type de bien : Materiels industriels / Outillages dans les paramétrages', 'insert', 'typebien', NULL, '2020-06-25 14:20:30', '2020-06-25 14:20:30', 0, 1, 4),
(515, 'Ajout d\'un nouveau type de bien : Materiels informatiques dans les paramétrages', 'insert', 'typebien', NULL, '2020-06-25 14:20:30', '2020-06-25 14:20:30', 0, 1, 5),
(516, 'Ajout d\'un nouveau type de bien : Brevets dans les paramétrages', 'insert', 'typebien', NULL, '2020-06-25 14:20:30', '2020-06-25 14:20:30', 0, 1, 6),
(517, 'Ajout d\'un nouveau type de bien : Logiciels / Sites internet dans les paramétrages', 'insert', 'typebien', NULL, '2020-06-25 14:20:30', '2020-06-25 14:20:30', 0, 1, 7),
(518, 'Ajout d\'un nouveau type d\'immobilisation : Immobilisation corporelle dans les paramétrages', 'insert', 'typeimmobilisation', NULL, '2020-06-25 14:20:30', '2020-06-25 14:20:30', 0, 1, 1),
(519, 'Ajout d\'un nouveau type d\'immobilisation : Immobilisation incorporelle dans les paramétrages', 'insert', 'typeimmobilisation', NULL, '2020-06-25 14:20:30', '2020-06-25 14:20:30', 0, 1, 2),
(520, 'Ajout d\'un nouveau type d\'immobilisation : Immobilisation financière dans les paramétrages', 'insert', 'typeimmobilisation', NULL, '2020-06-25 14:20:30', '2020-06-25 14:20:30', 0, 1, 3),
(521, 'Ajout d\'une nouvelle quantité : 0.25 dans les paramétrages', 'insert', 'quantite', NULL, '2020-06-25 14:20:30', '2020-06-25 14:20:30', 0, 1, 1),
(522, 'Ajout d\'une nouvelle quantité : 0.33 dans les paramétrages', 'insert', 'quantite', NULL, '2020-06-25 14:20:30', '2020-06-25 14:20:30', 0, 1, 2),
(523, 'Ajout d\'une nouvelle quantité : 0.5 dans les paramétrages', 'insert', 'quantite', NULL, '2020-06-25 14:20:30', '2020-06-25 14:20:30', 0, 1, 3),
(524, 'Ajout d\'une nouvelle quantité : 1 dans les paramétrages', 'insert', 'quantite', NULL, '2020-06-25 14:20:30', '2020-06-25 14:20:30', 0, 1, 4),
(525, 'Modification des informations de la connexion de Super Administrateur du  25 Juin 2020 à 12:03', 'update', 'connexion', NULL, '2020-06-25 14:20:52', '2020-06-25 14:20:52', 0, 1, 144),
(526, 'Nouvelle connexion', 'insert', 'connexion', 1, '2020-06-25 14:20:52', '2020-06-25 14:20:52', 0, 1, 147),
(527, 'Nouvel exercice comptable : 25 Juin 2020 - aujourd\'hui ', 'insert', 'exercicecomptable', 1, '2020-06-25 14:20:52', '2020-06-25 14:20:52', 0, 1, 1),
(528, 'Ajout d\'une nouvelle ressource : Fond de commerce dans les paramétrages', 'insert', 'comptebanque', 1, '2020-06-25 14:21:34', '2020-06-25 14:21:34', 0, 1, 2),
(529, 'Modification des informations du produit 6 : jus de citron ', 'update', 'produit', 1, '2020-06-25 14:30:20', '2020-06-25 14:30:20', 0, 1, 6),
(530, 'Modification des informations de la quantité 2 : 0.33 ', 'update', 'quantite', 1, '2020-06-25 14:30:23', '2020-06-25 14:30:23', 0, 1, 2),
(531, 'Modification des informations de la zone de livraison 2 : 250 ', 'update', 'prix', 1, '2020-06-25 14:30:26', '2020-06-25 14:30:26', 0, 1, 2),
(532, 'Modification des informations de la zone de livraison 6 : 1500 ', 'update', 'prix', 1, '2020-06-25 14:30:31', '2020-06-25 14:30:31', 0, 1, 6),
(533, 'Modification des informations de la zone de livraison 8 : 750 ', 'update', 'prix', 1, '2020-06-25 14:30:33', '2020-06-25 14:30:33', 0, 1, 8),
(534, 'Modification des informations du produit 2 : Jus de passion ', 'update', 'produit', 1, '2020-06-25 14:31:54', '2020-06-25 14:31:54', 0, 1, 2),
(535, 'Modification des informations du produit 2 : Jus de passion ', 'update', 'produit', 1, '2020-06-25 14:31:54', '2020-06-25 14:31:54', 0, 1, 2),
(536, 'Modification des informations du produit 2 : Jus de passion ', 'update', 'produit', 1, '2020-06-25 14:32:01', '2020-06-25 14:32:01', 0, 1, 2),
(537, 'Modification des informations du produit 2 : Jus de passion ', 'update', 'produit', 1, '2020-06-25 14:32:03', '2020-06-25 14:32:03', 0, 1, 2),
(538, 'Modification des informations du produit 2 : Jus de passion ', 'update', 'produit', 1, '2020-06-25 14:32:48', '2020-06-25 14:32:48', 0, 1, 2),
(539, 'Modification des informations du produit 2 : Jus de passion ', 'update', 'produit', 1, '2020-06-25 14:32:48', '2020-06-25 14:32:48', 0, 1, 2),
(540, 'Modification des informations du produit 1 : jus de bissap ', 'update', 'produit', 1, '2020-06-25 14:33:56', '2020-06-25 14:33:56', 0, 1, 1),
(541, 'Modification des informations du produit 1 : jus de bissap ', 'update', 'produit', 1, '2020-06-25 14:33:56', '2020-06-25 14:33:56', 0, 1, 1),
(542, 'Modification des informations de la connexion de Ange du  25 Juin 2020 à 13:06', 'update', 'connexion', NULL, '2020-06-25 15:23:29', '2020-06-25 15:23:29', 0, 1, 146),
(543, 'Nouvelle connexion', 'insert', 'connexion', 2, '2020-06-25 15:23:29', '2020-06-25 15:23:29', 0, 1, 148),
(544, 'Ajout d\'une nouvelle ressource : compte epargne dans les paramétrages', 'insert', 'comptebanque', 2, '2020-06-25 15:27:24', '2020-06-25 15:27:24', 0, 1, 3),
(545, 'Modification des informations du chauffeur N°2 : Hélène .', 'update', 'commercial', 2, '2020-06-25 15:45:31', '2020-06-25 15:45:31', 0, 1, 2),
(546, 'Modification des informations de la connexion de Ange du  25 Juin 2020 à 15:23', 'update', 'connexion', NULL, '2020-06-25 15:46:44', '2020-06-25 15:46:44', 0, 1, 148),
(547, 'Nouvelle connexion', 'insert', 'connexion', 2, '2020-06-25 15:46:44', '2020-06-25 15:46:44', 0, 1, 149),
(548, 'Modification des informations du chauffeur N°2 : Hélène .', 'update', 'commercial', 2, '2020-06-25 15:49:26', '2020-06-25 15:49:26', 0, 1, 2),
(549, 'Modification des informations du chauffeur N°2 : Hélène .', 'update', 'commercial', 2, '2020-06-25 16:59:41', '2020-06-25 16:59:41', 0, 1, 2),
(550, 'Modification des informations du chauffeur N°3 : Yolande .', 'update', 'commercial', 2, '2020-06-25 17:08:00', '2020-06-25 17:08:00', 0, 1, 3),
(551, 'Modification des informations de la connexion de Ange du  25 Juin 2020 à 15:46', 'update', 'connexion', NULL, '2020-06-25 17:38:30', '2020-06-25 17:38:30', 0, 1, 149),
(552, 'Nouvelle connexion', 'insert', 'connexion', 2, '2020-06-25 17:38:30', '2020-06-25 17:38:30', 0, 1, 150),
(553, 'Modification des informations du chauffeur N°3 : Yolande .', 'update', 'commercial', 2, '2020-06-25 17:49:33', '2020-06-25 17:49:33', 0, 1, 3),
(554, 'Modification des informations de la connexion de Ange du  25 Juin 2020 à 17:38', 'update', 'connexion', NULL, '2020-06-26 12:16:52', '2020-06-26 12:16:52', 0, 1, 150),
(555, 'Nouvelle connexion', 'insert', 'connexion', 2, '2020-06-26 12:16:52', '2020-06-26 12:16:52', 0, 1, 151),
(556, 'Modification des informations de la connexion de Super Administrateur du  25 Juin 2020 à 14:20', 'update', 'connexion', NULL, '2020-06-26 12:21:00', '2020-06-26 12:21:00', 0, 1, 147),
(557, 'Nouvelle connexion', 'insert', 'connexion', 1, '2020-06-26 12:21:00', '2020-06-26 12:21:00', 0, 1, 152),
(558, 'Modification des informations de la connexion de Super Administrateur du  26 Juin 2020 à 12:21', 'update', 'connexion', 1, '2020-06-26 12:26:49', '2020-06-26 12:26:49', 0, 1, 152),
(559, 'Modification des informations de la connexion de Ange du  26 Juin 2020 à 12:16', 'update', 'connexion', NULL, '2020-06-26 12:36:51', '2020-06-26 12:36:51', 0, 1, 151),
(560, 'Nouvelle connexion', 'insert', 'connexion', 2, '2020-06-26 12:36:51', '2020-06-26 12:36:51', 0, 1, 153),
(561, 'Modification des informations du chauffeur N°5 : yoram .', 'update', 'commercial', 2, '2020-06-26 12:42:02', '2020-06-26 12:42:02', 0, 1, 5),
(562, 'Modification des informations du chauffeur N°2 : Hélène .', 'update', 'commercial', 2, '2020-06-26 12:43:43', '2020-06-26 12:43:43', 0, 1, 2),
(563, 'Modification des informations de la connexion de Ange du  26 Juin 2020 à 12:36', 'update', 'connexion', NULL, '2020-06-26 16:15:36', '2020-06-26 16:15:36', 0, 1, 153),
(564, 'Nouvelle connexion', 'insert', 'connexion', 2, '2020-06-26 16:15:36', '2020-06-26 16:15:36', 0, 1, 154),
(565, 'Modification des informations du chauffeur N°3 : Yolande .', 'update', 'commercial', 2, '2020-06-26 17:49:16', '2020-06-26 17:49:16', 0, 1, 3),
(566, 'Modification des informations du chauffeur N°3 : Yolande .', 'update', 'commercial', 2, '2020-06-26 17:52:26', '2020-06-26 17:52:26', 0, 1, 3),
(567, 'Modification des informations de la connexion de Ange du  26 Juin 2020 à 16:15', 'update', 'connexion', NULL, '2020-06-26 18:03:04', '2020-06-26 18:03:04', 0, 1, 154),
(568, 'Nouvelle connexion', 'insert', 'connexion', 2, '2020-06-26 18:03:04', '2020-06-26 18:03:04', 0, 1, 155),
(569, 'Modification des informations du chauffeur N°3 : Yolande .', 'update', 'commercial', 2, '2020-06-26 18:27:20', '2020-06-26 18:27:20', 0, 1, 3),
(570, 'Nouvelle connexion', 'insert', 'connexion', 1, '2020-06-30 12:36:28', '2020-06-30 12:36:28', 0, 1, 156),
(571, 'Modification des informations de la connexion de Ange du  26 Juin 2020 à 18:03', 'update', 'connexion', NULL, '2020-06-30 13:27:56', '2020-06-30 13:27:56', 0, 1, 155),
(572, 'Nouvelle connexion', 'insert', 'connexion', 2, '2020-06-30 13:27:56', '2020-06-30 13:27:56', 0, 1, 157),
(573, 'Modification des informations du chauffeur N°3 : Yolande .', 'update', 'commercial', 2, '2020-06-30 13:54:46', '2020-06-30 13:54:46', 0, 1, 3),
(574, 'Modification des informations du chauffeur N°3 : Yolande .', 'update', 'commercial', 2, '2020-06-30 14:01:38', '2020-06-30 14:01:38', 0, 1, 3),
(575, 'Modification des informations de la connexion de Super Administrateur du  30 Juin 2020 à 12:36', 'update', 'connexion', NULL, '2020-06-30 14:17:08', '2020-06-30 14:17:08', 0, 1, 156),
(576, 'Nouvelle connexion', 'insert', 'connexion', 1, '2020-06-30 14:17:08', '2020-06-30 14:17:08', 0, 1, 158),
(577, 'Modification des informations du chauffeur N°3 : Yolande .', 'update', 'commercial', 2, '2020-06-30 14:18:23', '2020-06-30 14:18:23', 0, 1, 3),
(578, 'Modification des informations du chauffeur N°3 : Yolande .', 'update', 'commercial', 2, '2020-06-30 14:23:25', '2020-06-30 14:23:25', 0, 1, 3),
(579, 'Modification des informations de l\'employé mme ngué', 'update', 'client', 2, '2020-06-30 14:35:26', '2020-06-30 14:35:26', 0, 1, 2),
(580, 'Modification des informations de la connexion de Ange du  30 Juin 2020 à 13:27', 'update', 'connexion', 2, '2020-06-30 14:38:52', '2020-06-30 14:38:52', 0, 1, 157),
(581, 'Modification des informations de la connexion de Super Administrateur du  30 Juin 2020 à 14:17', 'update', 'connexion', NULL, '2020-06-30 14:39:03', '2020-06-30 14:39:03', 0, 1, 158),
(582, 'Nouvelle connexion', 'insert', 'connexion', 1, '2020-06-30 14:39:03', '2020-06-30 14:39:03', 0, 1, 159),
(583, 'Modification des informations du produit 6 : jus de citron ', 'update', 'produit', 1, '2020-06-30 14:39:43', '2020-06-30 14:39:43', 0, 1, 6),
(584, 'Modification des informations de la quantité 2 : 0.33 ', 'update', 'quantite', 1, '2020-06-30 14:39:46', '2020-06-30 14:39:46', 0, 1, 2),
(585, 'Modification des informations de la zone de livraison 2 : 250 ', 'update', 'prix', 1, '2020-06-30 14:39:48', '2020-06-30 14:39:48', 0, 1, 2),
(586, 'Modification des informations de la zone de livraison 6 : 1500 ', 'update', 'prix', 1, '2020-06-30 14:40:47', '2020-06-30 14:40:47', 0, 1, 6),
(587, 'Modification des informations de la zone de livraison 8 : 750 ', 'update', 'prix', 1, '2020-06-30 14:40:48', '2020-06-30 14:40:48', 0, 1, 8),
(588, 'Modification des informations du produit 6 : jus de citron ', 'update', 'produit', 1, '2020-06-30 14:43:08', '2020-06-30 14:43:08', 0, 1, 6),
(589, 'Modification des informations du chauffeur N°3 : Yolande .', 'update', 'commercial', 1, '2020-06-30 14:50:21', '2020-06-30 14:50:21', 0, 1, 3),
(590, 'Nouvelle connexion', 'insert', 'connexion', 2, '2020-06-30 15:16:33', '2020-06-30 15:16:33', 0, 1, 160),
(591, 'Modification des informations du chauffeur N°2 : Hélène .', 'update', 'commercial', 2, '2020-06-30 15:29:32', '2020-06-30 15:29:32', 0, 1, 2),
(592, 'Modification des informations du chauffeur N°3 : Yolande .', 'update', 'commercial', 2, '2020-06-30 15:34:15', '2020-06-30 15:34:15', 0, 1, 3),
(593, 'Modification des informations du chauffeur N°3 : Yolande .', 'update', 'commercial', 2, '2020-06-30 15:38:31', '2020-06-30 15:38:31', 0, 1, 3),
(594, 'Modification des informations du chauffeur N°2 : Hélène .', 'update', 'commercial', 2, '2020-06-30 16:05:25', '2020-06-30 16:05:25', 0, 1, 2),
(595, 'Modification des informations de la connexion de Super Administrateur du  30 Juin 2020 à 14:39', 'update', 'connexion', NULL, '2020-06-30 16:43:47', '2020-06-30 16:43:47', 0, 1, 159),
(596, 'Nouvelle connexion', 'insert', 'connexion', 1, '2020-06-30 16:43:47', '2020-06-30 16:43:47', 0, 1, 161),
(597, 'Modification des informations de la connexion de Super Administrateur du  30 Juin 2020 à 16:43', 'update', 'connexion', 1, '2020-06-30 16:44:09', '2020-06-30 16:44:09', 0, 1, 161),
(598, 'Nouvelle connexion', 'insert', 'connexion', 3, '2020-06-30 16:45:14', '2020-06-30 16:45:14', 0, 1, 162),
(599, 'Modification des informations de la connexion de Ange du  30 Juin 2020 à 15:16', 'update', 'connexion', NULL, '2020-06-30 17:34:03', '2020-06-30 17:34:03', 0, 1, 160),
(600, 'Nouvelle connexion', 'insert', 'connexion', 2, '2020-06-30 17:34:03', '2020-06-30 17:34:03', 0, 1, 163),
(601, 'Modification des informations de la connexion de Ange du  30 Juin 2020 à 17:34', 'update', 'connexion', NULL, '2020-06-30 18:03:13', '2020-06-30 18:03:13', 0, 1, 163),
(602, 'Nouvelle connexion', 'insert', 'connexion', 2, '2020-06-30 18:03:13', '2020-06-30 18:03:13', 0, 1, 164),
(603, 'Modification des informations de la connexion de Ange du  30 Juin 2020 à 18:03', 'update', 'connexion', NULL, '2020-07-01 13:31:10', '2020-07-01 13:31:10', 0, 1, 164),
(604, 'Nouvelle connexion', 'insert', 'connexion', 2, '2020-07-01 13:31:10', '2020-07-01 13:31:10', 0, 1, 165),
(605, 'Modification des informations du chauffeur N°3 : Yolande .', 'update', 'commercial', 2, '2020-07-01 13:37:45', '2020-07-01 13:37:45', 0, 1, 3),
(606, 'Modification des informations du chauffeur N°2 : Hélène .', 'update', 'commercial', 2, '2020-07-01 13:43:36', '2020-07-01 13:43:36', 0, 1, 2),
(607, 'Modification des informations du chauffeur N°3 : Yolande .', 'update', 'commercial', 2, '2020-07-01 14:22:22', '2020-07-01 14:22:22', 0, 1, 3),
(608, 'Ajout d\'un nouveau type de sinistre : Prix normal de boutique dans les paramétrages', 'insert', 'typebareme', NULL, '2020-07-01 16:07:03', '2020-07-01 16:07:03', 0, 1, 1),
(609, 'Ajout d\'un nouveau type de sinistre : Prix de gros dans les paramétrages', 'insert', 'typebareme', NULL, '2020-07-01 16:07:03', '2020-07-01 16:07:03', 0, 1, 2),
(610, 'Ajout d\'un nouveau type de sinistre : Prix normal de boutique dans les paramétrages', 'insert', 'typebareme', NULL, '2020-07-01 16:07:12', '2020-07-01 16:07:12', 0, 1, 3),
(611, 'Ajout d\'un nouveau type de sinistre : Prix de gros dans les paramétrages', 'insert', 'typebareme', NULL, '2020-07-01 16:07:12', '2020-07-01 16:07:12', 0, 1, 4),
(612, 'Modification des informations de la connexion de Ange du  01 Juillet 2020 à 13:31', 'update', 'connexion', NULL, '2020-07-01 16:12:31', '2020-07-01 16:12:31', 0, 1, 165),
(613, 'Nouvelle connexion', 'insert', 'connexion', 2, '2020-07-01 16:12:31', '2020-07-01 16:12:31', 0, 1, 166),
(614, 'Nouvelle connexion', 'insert', 'connexion', 1, '2020-07-01 16:33:05', '2020-07-01 16:33:05', 0, 1, 167),
(615, 'Modification des informations de la connexion de Super Administrateur du  01 Juillet 2020 à 16:33', 'update', 'connexion', NULL, '2020-07-02 13:54:15', '2020-07-02 13:54:15', 0, 1, 167),
(616, 'Nouvelle connexion', 'insert', 'connexion', 1, '2020-07-02 13:54:15', '2020-07-02 13:54:15', 0, 1, 168),
(617, 'Ajout d\'un nouveau type de sinistre : Prix normal de boutique dans les paramétrages', 'insert', 'typebareme', 1, '2020-07-02 13:56:51', '2020-07-02 13:56:51', 0, 1, 5),
(618, 'Ajout d\'un nouveau type de sinistre : Prix de gros dans les paramétrages', 'insert', 'typebareme', 1, '2020-07-02 13:56:51', '2020-07-02 13:56:51', 0, 1, 6),
(619, 'Ajout d\'un nouveau type de client : Vente en cave dans les paramétrages', 'insert', 'typeprospection', 1, '2020-07-02 13:56:51', '2020-07-02 13:56:51', 0, 1, 3),
(620, 'Modification des infos de l\'accessoire N°1   .', 'update', 'lignecommande', 1, '2020-07-02 13:56:51', '2020-07-02 13:56:51', 0, 1, 1),
(621, 'Modification des infos de l\'accessoire N°2   .', 'update', 'lignecommande', 1, '2020-07-02 13:56:51', '2020-07-02 13:56:51', 0, 1, 2),
(622, 'Modification des infos de l\'accessoire N°3   .', 'update', 'lignecommande', 1, '2020-07-02 13:56:51', '2020-07-02 13:56:51', 0, 1, 3),
(623, 'Modification des infos de l\'accessoire N°4   .', 'update', 'lignecommande', 1, '2020-07-02 13:56:52', '2020-07-02 13:56:52', 0, 1, 4),
(624, 'Modification des infos de l\'accessoire N°5   .', 'update', 'lignecommande', 1, '2020-07-02 13:56:52', '2020-07-02 13:56:52', 0, 1, 5),
(625, 'Modification des infos de l\'accessoire N°6   .', 'update', 'lignecommande', 1, '2020-07-02 13:56:52', '2020-07-02 13:56:52', 0, 1, 6),
(626, 'Modification des infos de l\'accessoire N°7   .', 'update', 'lignecommande', 1, '2020-07-02 13:56:52', '2020-07-02 13:56:52', 0, 1, 7),
(627, 'Modification des infos de l\'accessoire N°8   .', 'update', 'lignecommande', 1, '2020-07-02 13:56:52', '2020-07-02 13:56:52', 0, 1, 8),
(628, 'Modification des infos de l\'accessoire N°9   .', 'update', 'lignecommande', 1, '2020-07-02 13:56:53', '2020-07-02 13:56:53', 0, 1, 9),
(629, 'Modification des infos de l\'accessoire N°10   .', 'update', 'lignecommande', 1, '2020-07-02 13:56:53', '2020-07-02 13:56:53', 0, 1, 10),
(630, 'Modification des infos de l\'accessoire N°11   .', 'update', 'lignecommande', 1, '2020-07-02 13:56:53', '2020-07-02 13:56:53', 0, 1, 11),
(631, 'Modification des infos de l\'accessoire N°12   .', 'update', 'lignecommande', 1, '2020-07-02 13:56:53', '2020-07-02 13:56:53', 0, 1, 12),
(632, 'Modification des infos de l\'accessoire N°13   .', 'update', 'lignecommande', 1, '2020-07-02 13:56:53', '2020-07-02 13:56:53', 0, 1, 13),
(633, 'Modification des infos de l\'accessoire N°14   .', 'update', 'lignecommande', 1, '2020-07-02 13:56:54', '2020-07-02 13:56:54', 0, 1, 14),
(634, 'Modification des infos de l\'accessoire N°15   .', 'update', 'lignecommande', 1, '2020-07-02 13:56:54', '2020-07-02 13:56:54', 0, 1, 15),
(635, 'Modification des infos de l\'accessoire N°16   .', 'update', 'lignecommande', 1, '2020-07-02 13:56:55', '2020-07-02 13:56:55', 0, 1, 16),
(636, 'Modification des infos de l\'accessoire N°17   .', 'update', 'lignecommande', 1, '2020-07-02 13:56:56', '2020-07-02 13:56:56', 0, 1, 17),
(637, 'Modification des infos de l\'accessoire N°1   .', 'update', 'lignecommande', 1, '2020-07-02 14:00:03', '2020-07-02 14:00:03', 0, 1, 1),
(638, 'Modification des infos de l\'accessoire N°2   .', 'update', 'lignecommande', 1, '2020-07-02 14:00:03', '2020-07-02 14:00:03', 0, 1, 2),
(639, 'Modification des infos de l\'accessoire N°3   .', 'update', 'lignecommande', 1, '2020-07-02 14:00:03', '2020-07-02 14:00:03', 0, 1, 3),
(640, 'Modification des infos de l\'accessoire N°4   .', 'update', 'lignecommande', 1, '2020-07-02 14:00:04', '2020-07-02 14:00:04', 0, 1, 4),
(641, 'Modification des infos de l\'accessoire N°5   .', 'update', 'lignecommande', 1, '2020-07-02 14:00:04', '2020-07-02 14:00:04', 0, 1, 5),
(642, 'Modification des infos de l\'accessoire N°6   .', 'update', 'lignecommande', 1, '2020-07-02 14:00:05', '2020-07-02 14:00:05', 0, 1, 6),
(643, 'Modification des infos de l\'accessoire N°7   .', 'update', 'lignecommande', 1, '2020-07-02 14:00:05', '2020-07-02 14:00:05', 0, 1, 7),
(644, 'Modification des infos de l\'accessoire N°8   .', 'update', 'lignecommande', 1, '2020-07-02 14:00:06', '2020-07-02 14:00:06', 0, 1, 8),
(645, 'Modification des infos de l\'accessoire N°9   .', 'update', 'lignecommande', 1, '2020-07-02 14:00:07', '2020-07-02 14:00:07', 0, 1, 9),
(646, 'Modification des infos de l\'accessoire N°10   .', 'update', 'lignecommande', 1, '2020-07-02 14:00:07', '2020-07-02 14:00:07', 0, 1, 10),
(647, 'Modification des infos de l\'accessoire N°11   .', 'update', 'lignecommande', 1, '2020-07-02 14:00:07', '2020-07-02 14:00:07', 0, 1, 11),
(648, 'Modification des infos de l\'accessoire N°12   .', 'update', 'lignecommande', 1, '2020-07-02 14:00:08', '2020-07-02 14:00:08', 0, 1, 12),
(649, 'Modification des infos de l\'accessoire N°13   .', 'update', 'lignecommande', 1, '2020-07-02 14:00:08', '2020-07-02 14:00:08', 0, 1, 13),
(650, 'Modification des infos de l\'accessoire N°14   .', 'update', 'lignecommande', 1, '2020-07-02 14:00:09', '2020-07-02 14:00:09', 0, 1, 14),
(651, 'Modification des infos de l\'accessoire N°15   .', 'update', 'lignecommande', 1, '2020-07-02 14:00:10', '2020-07-02 14:00:10', 0, 1, 15),
(652, 'Modification des infos de l\'accessoire N°16   .', 'update', 'lignecommande', 1, '2020-07-02 14:00:10', '2020-07-02 14:00:10', 0, 1, 16),
(653, 'Modification des infos de l\'accessoire N°17   .', 'update', 'lignecommande', 1, '2020-07-02 14:00:11', '2020-07-02 14:00:11', 0, 1, 17),
(654, 'Modification des infos de l\'accessoire N°1   .', 'update', 'lignecommande', 1, '2020-07-02 14:13:28', '2020-07-02 14:13:28', 0, 1, 1),
(655, 'Modification des infos de l\'accessoire N°2   .', 'update', 'lignecommande', 1, '2020-07-02 14:13:28', '2020-07-02 14:13:28', 0, 1, 2),
(656, 'Modification des infos de l\'accessoire N°3   .', 'update', 'lignecommande', 1, '2020-07-02 14:13:28', '2020-07-02 14:13:28', 0, 1, 3),
(657, 'Modification des infos de l\'accessoire N°4   .', 'update', 'lignecommande', 1, '2020-07-02 14:13:28', '2020-07-02 14:13:28', 0, 1, 4),
(658, 'Modification des infos de l\'accessoire N°5   .', 'update', 'lignecommande', 1, '2020-07-02 14:13:29', '2020-07-02 14:13:29', 0, 1, 5),
(659, 'Modification des infos de l\'accessoire N°6   .', 'update', 'lignecommande', 1, '2020-07-02 14:13:30', '2020-07-02 14:13:30', 0, 1, 6),
(660, 'Modification des infos de l\'accessoire N°7   .', 'update', 'lignecommande', 1, '2020-07-02 14:13:30', '2020-07-02 14:13:30', 0, 1, 7),
(661, 'Modification des infos de l\'accessoire N°8   .', 'update', 'lignecommande', 1, '2020-07-02 14:13:30', '2020-07-02 14:13:30', 0, 1, 8),
(662, 'Modification des infos de l\'accessoire N°9   .', 'update', 'lignecommande', 1, '2020-07-02 14:13:31', '2020-07-02 14:13:31', 0, 1, 9),
(663, 'Modification des infos de l\'accessoire N°10   .', 'update', 'lignecommande', 1, '2020-07-02 14:13:31', '2020-07-02 14:13:31', 0, 1, 10),
(664, 'Modification des infos de l\'accessoire N°11   .', 'update', 'lignecommande', 1, '2020-07-02 14:13:31', '2020-07-02 14:13:31', 0, 1, 11),
(665, 'Modification des infos de l\'accessoire N°12   .', 'update', 'lignecommande', 1, '2020-07-02 14:13:32', '2020-07-02 14:13:32', 0, 1, 12),
(666, 'Modification des infos de l\'accessoire N°13   .', 'update', 'lignecommande', 1, '2020-07-02 14:13:32', '2020-07-02 14:13:32', 0, 1, 13),
(667, 'Modification des infos de l\'accessoire N°14   .', 'update', 'lignecommande', 1, '2020-07-02 14:13:32', '2020-07-02 14:13:32', 0, 1, 14),
(668, 'Modification des infos de l\'accessoire N°15   .', 'update', 'lignecommande', 1, '2020-07-02 14:13:32', '2020-07-02 14:13:32', 0, 1, 15),
(669, 'Modification des infos de l\'accessoire N°16   .', 'update', 'lignecommande', 1, '2020-07-02 14:13:33', '2020-07-02 14:13:33', 0, 1, 16),
(670, 'Modification des infos de l\'accessoire N°17   .', 'update', 'lignecommande', 1, '2020-07-02 14:13:33', '2020-07-02 14:13:33', 0, 1, 17),
(671, 'Modification des infos de l\'accessoire N°1   .', 'update', 'lignecommande', 1, '2020-07-02 14:14:52', '2020-07-02 14:14:52', 0, 1, 1),
(672, 'Modification des infos de l\'accessoire N°2   .', 'update', 'lignecommande', 1, '2020-07-02 14:14:52', '2020-07-02 14:14:52', 0, 1, 2),
(673, 'Modification des infos de l\'accessoire N°3   .', 'update', 'lignecommande', 1, '2020-07-02 14:14:53', '2020-07-02 14:14:53', 0, 1, 3),
(674, 'Modification des infos de l\'accessoire N°4   .', 'update', 'lignecommande', 1, '2020-07-02 14:14:53', '2020-07-02 14:14:53', 0, 1, 4),
(675, 'Modification des infos de l\'accessoire N°5   .', 'update', 'lignecommande', 1, '2020-07-02 14:14:54', '2020-07-02 14:14:54', 0, 1, 5),
(676, 'Modification des infos de l\'accessoire N°6   .', 'update', 'lignecommande', 1, '2020-07-02 14:14:54', '2020-07-02 14:14:54', 0, 1, 6),
(677, 'Modification des infos de l\'accessoire N°7   .', 'update', 'lignecommande', 1, '2020-07-02 14:14:55', '2020-07-02 14:14:55', 0, 1, 7),
(678, 'Modification des infos de l\'accessoire N°8   .', 'update', 'lignecommande', 1, '2020-07-02 14:14:55', '2020-07-02 14:14:55', 0, 1, 8);
INSERT INTO `history` (`id`, `sentense`, `typeSave`, `record`, `employe_id`, `created`, `modified`, `protected`, `valide`, `recordId`) VALUES
(679, 'Modification des infos de l\'accessoire N°9   .', 'update', 'lignecommande', 1, '2020-07-02 14:14:56', '2020-07-02 14:14:56', 0, 1, 9),
(680, 'Modification des infos de l\'accessoire N°10   .', 'update', 'lignecommande', 1, '2020-07-02 14:14:57', '2020-07-02 14:14:57', 0, 1, 10),
(681, 'Modification des infos de l\'accessoire N°11   .', 'update', 'lignecommande', 1, '2020-07-02 14:14:58', '2020-07-02 14:14:58', 0, 1, 11),
(682, 'Modification des infos de l\'accessoire N°12   .', 'update', 'lignecommande', 1, '2020-07-02 14:14:58', '2020-07-02 14:14:58', 0, 1, 12),
(683, 'Modification des infos de l\'accessoire N°13   .', 'update', 'lignecommande', 1, '2020-07-02 14:14:59', '2020-07-02 14:14:59', 0, 1, 13),
(684, 'Modification des infos de l\'accessoire N°14   .', 'update', 'lignecommande', 1, '2020-07-02 14:15:00', '2020-07-02 14:15:00', 0, 1, 14),
(685, 'Modification des infos de l\'accessoire N°15   .', 'update', 'lignecommande', 1, '2020-07-02 14:15:01', '2020-07-02 14:15:01', 0, 1, 15),
(686, 'Modification des infos de l\'accessoire N°16   .', 'update', 'lignecommande', 1, '2020-07-02 14:15:02', '2020-07-02 14:15:02', 0, 1, 16),
(687, 'Modification des infos de l\'accessoire N°17   .', 'update', 'lignecommande', 1, '2020-07-02 14:15:03', '2020-07-02 14:15:03', 0, 1, 17),
(688, 'Modification des informations de la connexion de Ange du  01 Juillet 2020 à 16:12', 'update', 'connexion', NULL, '2020-07-02 16:21:32', '2020-07-02 16:21:32', 0, 1, 166),
(689, 'Nouvelle connexion', 'insert', 'connexion', 2, '2020-07-02 16:21:32', '2020-07-02 16:21:32', 0, 1, 169),
(690, 'Modification des informations de la connexion de Ange du  02 Juillet 2020 à 16:21', 'update', 'connexion', NULL, '2020-07-02 17:09:42', '2020-07-02 17:09:42', 0, 1, 169),
(691, 'Nouvelle connexion', 'insert', 'connexion', 2, '2020-07-02 17:09:42', '2020-07-02 17:09:42', 0, 1, 170),
(692, 'Modification des informations de la connexion de Ange du  02 Juillet 2020 à 17:09', 'update', 'connexion', NULL, '2020-07-02 18:27:20', '2020-07-02 18:27:20', 0, 1, 170),
(693, 'Nouvelle connexion', 'insert', 'connexion', 2, '2020-07-02 18:27:20', '2020-07-02 18:27:20', 0, 1, 171),
(694, 'Modification des informations de la connexion de Ange du  02 Juillet 2020 à 18:27', 'update', 'connexion', NULL, '2020-07-02 18:44:15', '2020-07-02 18:44:15', 0, 1, 171),
(695, 'Nouvelle connexion', 'insert', 'connexion', 2, '2020-07-02 18:44:15', '2020-07-02 18:44:15', 0, 1, 172),
(696, 'Modification des informations de la connexion de Ange du  02 Juillet 2020 à 18:44', 'update', 'connexion', NULL, '2020-07-05 08:16:39', '2020-07-05 08:16:39', 0, 1, 172),
(697, 'Nouvelle connexion', 'insert', 'connexion', 2, '2020-07-05 08:16:39', '2020-07-05 08:16:39', 0, 1, 173),
(698, 'Modification des informations du chauffeur N°3 : Yolande .', 'update', 'commercial', 2, '2020-07-05 08:18:45', '2020-07-05 08:18:45', 0, 1, 3),
(699, 'Modification des informations de la connexion de Ange du  05 Juillet 2020 à 08:16', 'update', 'connexion', NULL, '2020-07-05 08:34:05', '2020-07-05 08:34:05', 0, 1, 173),
(700, 'Nouvelle connexion', 'insert', 'connexion', 2, '2020-07-05 08:34:05', '2020-07-05 08:34:05', 0, 1, 174),
(701, 'Modification des informations du chauffeur N°3 : Yolande .', 'update', 'commercial', 2, '2020-07-05 08:41:49', '2020-07-05 08:41:49', 0, 1, 3),
(702, 'Modification des informations de la connexion de Ange du  05 Juillet 2020 à 08:34', 'update', 'connexion', NULL, '2020-07-05 08:46:27', '2020-07-05 08:46:27', 0, 1, 174),
(703, 'Nouvelle connexion', 'insert', 'connexion', 2, '2020-07-05 08:46:27', '2020-07-05 08:46:27', 0, 1, 175),
(704, 'Modification des informations de la connexion de Ange du  05 Juillet 2020 à 08:46', 'update', 'connexion', NULL, '2020-07-05 08:59:16', '2020-07-05 08:59:16', 0, 1, 175),
(705, 'Nouvelle connexion', 'insert', 'connexion', 2, '2020-07-05 08:59:16', '2020-07-05 08:59:16', 0, 1, 176),
(706, 'Modification des informations de la connexion de Ange du  05 Juillet 2020 à 08:59', 'update', 'connexion', NULL, '2020-07-05 09:01:26', '2020-07-05 09:01:26', 0, 1, 176),
(707, 'Nouvelle connexion', 'insert', 'connexion', 2, '2020-07-05 09:01:26', '2020-07-05 09:01:26', 0, 1, 177),
(708, 'Modification des informations de la connexion de Ange du  05 Juillet 2020 à 09:01', 'update', 'connexion', NULL, '2020-07-06 11:23:21', '2020-07-06 11:23:21', 0, 1, 177),
(709, 'Nouvelle connexion', 'insert', 'connexion', 2, '2020-07-06 11:23:21', '2020-07-06 11:23:21', 0, 1, 178),
(710, 'Ajout d\'un nouvel employé dans votre gestion :mme Ehling', 'insert', 'client', 2, '2020-07-06 11:52:21', '2020-07-06 11:52:21', 0, 1, 6),
(711, 'Modification des informations de la connexion de Super Administrateur du  02 Juillet 2020 à 13:54', 'update', 'connexion', NULL, '2020-07-06 12:01:49', '2020-07-06 12:01:49', 0, 1, 168),
(712, 'Nouvelle connexion', 'insert', 'connexion', 1, '2020-07-06 12:01:49', '2020-07-06 12:01:49', 0, 1, 179),
(713, 'Modification des informations de l\'employé mme Ehling', 'update', 'client', 2, '2020-07-06 12:04:26', '2020-07-06 12:04:26', 0, 1, 6),
(714, 'Modification des informations du prestataire 1 : Devaris FOURNISSEUR ', 'update', 'fournisseur', 2, '2020-07-06 15:57:15', '2020-07-06 15:57:15', 0, 1, 1),
(715, 'Modification des informations de la connexion de Super Administrateur du  06 Juillet 2020 à 12:01', 'update', 'connexion', NULL, '2020-07-06 17:30:17', '2020-07-06 17:30:17', 0, 1, 179),
(716, 'Nouvelle connexion', 'insert', 'connexion', 1, '2020-07-06 17:30:17', '2020-07-06 17:30:17', 0, 1, 180),
(717, 'Modification des informations de la connexion de Ange du  06 Juillet 2020 à 11:23', 'update', 'connexion', NULL, '2020-07-06 17:32:56', '2020-07-06 17:32:56', 0, 1, 178),
(718, 'Nouvelle connexion', 'insert', 'connexion', 2, '2020-07-06 17:32:56', '2020-07-06 17:32:56', 0, 1, 181),
(719, 'Modification des informations de la connexion de Ange du  06 Juillet 2020 à 17:32', 'update', 'connexion', NULL, '2020-07-06 17:58:53', '2020-07-06 17:58:53', 0, 1, 181),
(720, 'Nouvelle connexion', 'insert', 'connexion', 2, '2020-07-06 17:58:53', '2020-07-06 17:58:53', 0, 1, 182),
(721, 'Modification des informations de la connexion de Ange du  06 Juillet 2020 à 17:58', 'update', 'connexion', NULL, '2020-07-07 17:10:16', '2020-07-07 17:10:16', 0, 1, 182),
(722, 'Nouvelle connexion', 'insert', 'connexion', 2, '2020-07-07 17:10:16', '2020-07-07 17:10:16', 0, 1, 183),
(723, 'Modification des informations du chauffeur N°3 : Yolande .', 'update', 'commercial', 2, '2020-07-07 17:16:04', '2020-07-07 17:16:04', 0, 1, 3),
(724, 'Modification des informations de la connexion de Ange du  07 Juillet 2020 à 17:10', 'update', 'connexion', NULL, '2020-07-07 17:31:55', '2020-07-07 17:31:55', 0, 1, 183),
(725, 'Nouvelle connexion', 'insert', 'connexion', 2, '2020-07-07 17:31:55', '2020-07-07 17:31:55', 0, 1, 184),
(726, 'Modification des informations de la connexion de Ange du  07 Juillet 2020 à 17:31', 'update', 'connexion', NULL, '2020-07-07 17:54:13', '2020-07-07 17:54:13', 0, 1, 184),
(727, 'Nouvelle connexion', 'insert', 'connexion', 2, '2020-07-07 17:54:13', '2020-07-07 17:54:13', 0, 1, 185),
(728, 'Modification des informations de la connexion de Super Administrateur du  06 Juillet 2020 à 17:30', 'update', 'connexion', NULL, '2020-07-07 17:56:51', '2020-07-07 17:56:51', 0, 1, 180),
(729, 'Nouvelle connexion', 'insert', 'connexion', 1, '2020-07-07 17:56:52', '2020-07-07 17:56:52', 0, 1, 186),
(730, 'Modification des informations du chauffeur N°3 : Yolande .', 'update', 'commercial', 2, '2020-07-07 18:05:14', '2020-07-07 18:05:14', 0, 1, 3),
(731, 'Modification des informations du chauffeur N°3 : Yolande .', 'update', 'commercial', 2, '2020-07-07 18:06:20', '2020-07-07 18:06:20', 0, 1, 3),
(732, 'Modification des informations du chauffeur N°3 : Yolande .', 'update', 'commercial', 2, '2020-07-07 18:08:54', '2020-07-07 18:08:54', 0, 1, 3),
(733, 'Modification des informations de la connexion de Ange du  07 Juillet 2020 à 17:54', 'update', 'connexion', NULL, '2020-07-08 17:17:10', '2020-07-08 17:17:10', 0, 1, 185),
(734, 'Nouvelle connexion', 'insert', 'connexion', 2, '2020-07-08 17:17:10', '2020-07-08 17:17:10', 0, 1, 187),
(735, 'Modification des informations de la connexion de Super Administrateur du  07 Juillet 2020 à 17:56', 'update', 'connexion', NULL, '2020-07-08 17:20:56', '2020-07-08 17:20:56', 0, 1, 186),
(736, 'Nouvelle connexion', 'insert', 'connexion', 1, '2020-07-08 17:20:56', '2020-07-08 17:20:56', 0, 1, 188),
(737, 'Modification des informations de l\'employé mr malo', 'update', 'client', 2, '2020-07-08 17:30:02', '2020-07-08 17:30:02', 0, 1, 5),
(738, 'Modification des informations de la connexion de Super Administrateur du  08 Juillet 2020 à 17:20', 'update', 'connexion', NULL, '2020-07-08 17:30:55', '2020-07-08 17:30:55', 0, 1, 188),
(739, 'Nouvelle connexion', 'insert', 'connexion', 1, '2020-07-08 17:30:56', '2020-07-08 17:30:56', 0, 1, 189),
(740, 'Modification des informations de la connexion de Super Administrateur du  08 Juillet 2020 à 17:30', 'update', 'connexion', NULL, '2020-07-08 18:08:50', '2020-07-08 18:08:50', 0, 1, 189),
(741, 'Nouvelle connexion', 'insert', 'connexion', 1, '2020-07-08 18:08:50', '2020-07-08 18:08:50', 0, 1, 190),
(742, 'Modification des informations de la connexion de Super Administrateur du  08 Juillet 2020 à 18:08', 'update', 'connexion', NULL, '2020-07-09 10:13:09', '2020-07-09 10:13:09', 0, 1, 190),
(743, 'Nouvelle connexion', 'insert', 'connexion', 1, '2020-07-09 10:13:09', '2020-07-09 10:13:09', 0, 1, 191),
(744, 'Ajout d\'un nouveau type de client : Vente par commande dans les paramétrages', 'insert', 'typevente', 1, '2020-07-09 15:14:21', NULL, 0, 1, 3),
(745, 'Ajout d\'un nouveau type de client : Vente en Cave dans les paramétrages', 'insert', 'typevente', 1, '2020-07-09 15:14:21', NULL, 0, 1, 4),
(746, 'Modification des informations du employe 1 Super Administrateur', 'update', 'employe', 1, '2020-07-09 15:14:21', NULL, 0, 1, 1),
(747, 'Modification des informations du employe 2 Ange', 'update', 'employe', 1, '2020-07-09 15:14:21', NULL, 0, 1, 2),
(748, 'Modification des informations du employe 3 Onadié Coulibaly', 'update', 'employe', 1, '2020-07-09 15:14:21', NULL, 0, 1, 3),
(749, 'Modification des informations du employe 4 Aduono', 'update', 'employe', 1, '2020-07-09 15:14:22', NULL, 0, 1, 4),
(750, 'Modification des informations de la boutique 1 : Boutique principale ', 'update', 'boutique', 1, '2020-07-09 15:14:22', NULL, 0, 1, 1),
(751, 'Modification des informations de l\'entrepot 1 : Entropot principal ', 'update', 'entrepot', 1, '2020-07-09 15:14:22', NULL, 0, 1, 1),
(752, 'Modification des informations du chauffeur N°4 : ingrid .', 'update', 'commercial', 1, '2020-07-09 15:32:19', NULL, 0, 1, 4),
(753, 'Modification des informations de la connexion de Super Administrateur du  09 Juillet 2020 à 10:13', 'update', 'connexion', NULL, '2020-07-09 16:08:13', NULL, 0, 1, 191),
(754, 'Nouvelle connexion', 'insert', 'connexion', 1, '2020-07-09 16:08:13', NULL, 0, 1, 192),
(755, 'Modification des informations de la connexion de Super Administrateur du  09 Juillet 2020 à 16:08', 'update', 'connexion', NULL, '2020-07-09 16:20:58', NULL, 0, 1, 192),
(756, 'Nouvelle connexion', 'insert', 'connexion', 1, '2020-07-09 16:20:58', NULL, 0, 1, 193),
(757, 'Modification des informations du chauffeur N°2 : Hélène .', 'update', 'commercial', 1, '2020-07-09 16:24:38', NULL, 0, 1, 2),
(758, 'Modification des informations du chauffeur N°2 : Hélène .', 'update', 'commercial', 1, '2020-07-09 16:29:38', NULL, 0, 1, 2),
(759, 'Modification des informations du chauffeur N°2 : Hélène .', 'update', 'commercial', 1, '2020-07-09 16:31:52', NULL, 0, 1, 2),
(760, 'Modification des informations de la connexion de Super Administrateur du  09 Juillet 2020 à 16:20', 'update', 'connexion', NULL, '2020-07-09 17:10:47', NULL, 0, 1, 193),
(761, 'Nouvelle connexion', 'insert', 'connexion', 1, '2020-07-09 17:10:47', NULL, 0, 1, 194),
(762, 'Modification des informations de la connexion de Super Administrateur du  09 Juillet 2020 à 17:10', 'update', 'connexion', NULL, '2020-07-09 17:31:33', NULL, 0, 1, 194),
(763, 'Nouvelle connexion', 'insert', 'connexion', 1, '2020-07-09 17:31:33', NULL, 0, 1, 195),
(764, 'Modification des informations de la connexion de Super Administrateur du  09 Juillet 2020 à 17:31', 'update', 'connexion', NULL, '2020-07-09 17:36:42', NULL, 0, 1, 195),
(765, 'Nouvelle connexion', 'insert', 'connexion', 1, '2020-07-09 17:36:42', NULL, 0, 1, 196);

-- --------------------------------------------------------

--
-- Structure de la table `immobilisation`
--

CREATE TABLE `immobilisation` (
  `id` int(11) NOT NULL,
  `name` varchar(200) COLLATE utf8_bin NOT NULL,
  `typeimmobilisation_id` int(11) NOT NULL DEFAULT '0',
  `montant` int(11) NOT NULL DEFAULT '0',
  `started` date DEFAULT NULL,
  `comment` text COLLATE utf8_bin,
  `created` datetime DEFAULT NULL,
  `modified` datetime DEFAULT NULL,
  `protected` int(11) NOT NULL DEFAULT '0',
  `valide` int(11) NOT NULL DEFAULT '1'
) ENGINE=InnoDB DEFAULT CHARSET=utf8 COLLATE=utf8_bin ROW_FORMAT=DYNAMIC;

--
-- Déchargement des données de la table `immobilisation`
--

INSERT INTO `immobilisation` (`id`, `name`, `typeimmobilisation_id`, `montant`, `started`, `comment`, `created`, `modified`, `protected`, `valide`) VALUES
(1, 'ordinateur portable', 1, 350000, NULL, 'ordinateur portable', '2020-06-02 16:10:28', '2020-06-02 16:10:28', 0, 1),
(2, 'pose des cloisons', 1, 450000, NULL, 'pose des cloisons', '2020-06-02 16:16:11', '2020-06-02 16:16:11', 0, 1),
(3, 'congelateur', 1, 450000, NULL, 'congelateur', '2020-06-02 16:17:54', '2020-06-02 16:17:54', 0, 1),
(4, 'Mobilier pour le magasin, rue congo', 1, 485000, NULL, 'Mobilier pour le magasin, rue congo', '2020-06-02 16:07:02', '2020-06-02 16:07:02', 0, 1),
(5, '2 mois caution et 3 mois avance', 3, 360000, NULL, '2 mois caution et 3 mois avance', '2020-06-02 16:05:04', '2020-06-02 16:05:04', 0, 1);

-- --------------------------------------------------------

--
-- Structure de la table `intrant`
--

CREATE TABLE `intrant` (
  `id` int(11) NOT NULL,
  `typeressource_id` int(11) NOT NULL DEFAULT '0',
  `name` varchar(200) COLLATE utf8_bin NOT NULL,
  `unite` varchar(20) COLLATE utf8_bin DEFAULT NULL,
  `abbr` varchar(20) COLLATE utf8_bin NOT NULL,
  `stock` int(11) DEFAULT NULL,
  `image` varchar(50) COLLATE utf8_bin DEFAULT NULL,
  `created` datetime DEFAULT NULL,
  `modified` datetime DEFAULT NULL,
  `protected` int(11) NOT NULL DEFAULT '0',
  `valide` int(11) NOT NULL DEFAULT '1'
) ENGINE=InnoDB DEFAULT CHARSET=utf8 COLLATE=utf8_bin ROW_FORMAT=DYNAMIC;

-- --------------------------------------------------------

--
-- Structure de la table `ligneamortissement`
--

CREATE TABLE `ligneamortissement` (
  `id` int(11) NOT NULL,
  `amortissement_id` int(11) NOT NULL,
  `exercicecomptable_id` int(11) NOT NULL,
  `montant` int(11) NOT NULL,
  `restait` int(11) NOT NULL DEFAULT '0',
  `created` datetime DEFAULT NULL,
  `modified` datetime DEFAULT NULL,
  `protected` int(11) NOT NULL DEFAULT '0',
  `valide` int(11) NOT NULL DEFAULT '1'
) ENGINE=InnoDB DEFAULT CHARSET=utf8 COLLATE=utf8_bin ROW_FORMAT=DYNAMIC;

-- --------------------------------------------------------

--
-- Structure de la table `ligneapproemballage`
--

CREATE TABLE `ligneapproemballage` (
  `id` int(11) NOT NULL,
  `approemballage_id` int(11) NOT NULL,
  `emballage_id` int(11) NOT NULL,
  `quantite` float NOT NULL,
  `quantite_recu` float NOT NULL,
  `price` int(11) NOT NULL,
  `created` datetime DEFAULT NULL,
  `modified` datetime DEFAULT NULL,
  `protected` int(11) NOT NULL DEFAULT '0',
  `valide` int(11) NOT NULL DEFAULT '1'
) ENGINE=InnoDB DEFAULT CHARSET=utf8 COLLATE=utf8_bin ROW_FORMAT=DYNAMIC;

-- --------------------------------------------------------

--
-- Structure de la table `ligneapproetiquette`
--

CREATE TABLE `ligneapproetiquette` (
  `id` int(11) NOT NULL,
  `approetiquette_id` int(11) NOT NULL,
  `etiquette_id` int(11) NOT NULL,
  `quantite` float NOT NULL,
  `quantite_recu` float NOT NULL,
  `price` int(11) NOT NULL,
  `created` datetime DEFAULT NULL,
  `modified` datetime DEFAULT NULL,
  `protected` int(11) NOT NULL DEFAULT '0',
  `valide` int(11) NOT NULL DEFAULT '1'
) ENGINE=InnoDB DEFAULT CHARSET=utf8 COLLATE=utf8_bin ROW_FORMAT=DYNAMIC;

--
-- Déchargement des données de la table `ligneapproetiquette`
--

INSERT INTO `ligneapproetiquette` (`id`, `approetiquette_id`, `etiquette_id`, `quantite`, `quantite_recu`, `price`, `created`, `modified`, `protected`, `valide`) VALUES
(1, 1, 10, 863, 863, 17260, '2020-07-06 15:57:15', '2020-07-06 15:57:15', 0, 1),
(2, 1, 14, 423, 423, 8460, '2020-07-06 15:57:16', '2020-07-06 15:57:16', 0, 1),
(3, 1, 15, 425, 425, 8500, '2020-07-06 15:57:16', '2020-07-06 15:57:16', 0, 1),
(4, 1, 18, 423, 423, 8460, '2020-07-06 15:57:16', '2020-07-06 15:57:16', 0, 1),
(5, 1, 19, 416, 416, 8320, '2020-07-06 15:57:17', '2020-07-06 15:57:17', 0, 1),
(6, 1, 22, 423, 423, 8460, '2020-07-06 15:57:17', '2020-07-06 15:57:17', 0, 1),
(7, 1, 25, 421, 421, 8420, '2020-07-06 15:57:17', '2020-07-06 15:57:17', 0, 1),
(8, 1, 26, 424, 424, 8480, '2020-07-06 15:57:17', '2020-07-06 15:57:17', 0, 1),
(9, 1, 37, 861, 861, 17220, '2020-07-06 15:57:17', '2020-07-06 15:57:17', 0, 1),
(10, 1, 41, 426, 426, 8520, '2020-07-06 15:57:18', '2020-07-06 15:57:18', 0, 1),
(11, 1, 1, 484, 484, 9680, '2020-07-06 15:57:18', '2020-07-06 15:57:18', 0, 1),
(12, 1, 4, 428, 428, 8560, '2020-07-06 15:57:18', '2020-07-06 15:57:18', 0, 1),
(13, 1, 5, 427, 427, 8540, '2020-07-06 15:57:18', '2020-07-06 15:57:18', 0, 1),
(14, 1, 29, 425, 425, 8500, '2020-07-06 15:57:18', '2020-07-06 15:57:18', 0, 1),
(15, 1, 32, 431, 431, 8620, '2020-07-06 15:57:18', '2020-07-06 15:57:18', 0, 1),
(16, 1, 33, 427, 427, 8540, '2020-07-06 15:57:18', '2020-07-06 15:57:18', 0, 1);

-- --------------------------------------------------------

--
-- Structure de la table `ligneapprovisionnement`
--

CREATE TABLE `ligneapprovisionnement` (
  `id` int(11) NOT NULL,
  `approvisionnement_id` int(11) NOT NULL,
  `ressource_id` int(11) NOT NULL,
  `quantite` float NOT NULL,
  `quantite_recu` float NOT NULL,
  `price` int(11) NOT NULL,
  `created` datetime DEFAULT NULL,
  `modified` datetime DEFAULT NULL,
  `protected` int(11) NOT NULL DEFAULT '0',
  `valide` int(11) NOT NULL DEFAULT '1'
) ENGINE=InnoDB DEFAULT CHARSET=utf8 COLLATE=utf8_bin;

--
-- Déchargement des données de la table `ligneapprovisionnement`
--

INSERT INTO `ligneapprovisionnement` (`id`, `approvisionnement_id`, `ressource_id`, `quantite`, `quantite_recu`, `price`, `created`, `modified`, `protected`, `valide`) VALUES
(1, 1, 1, 500, 500, 80000, '2020-06-03 18:24:42', '2020-06-03 18:24:42', 0, 1),
(2, 2, 2, 20, 20, 20000, '2020-06-05 15:20:22', '2020-06-05 15:20:22', 0, 1),
(3, 2, 3, 30, 30, 42000, '2020-06-05 15:20:23', '2020-06-05 15:20:23', 0, 1),
(4, 2, 4, 30, 30, 18000, '2020-06-05 15:20:23', '2020-06-05 15:20:23', 0, 1),
(5, 3, 8, 30, 30, 30000, '2020-06-05 15:21:44', '2020-06-05 15:21:44', 0, 1),
(6, 4, 6, 25, 25, 15000, '2020-06-05 15:24:13', '2020-06-05 15:24:13', 0, 1),
(7, 4, 5, 25, 25, 17500, '2020-06-05 15:24:13', '2020-06-05 15:24:13', 0, 1),
(8, 5, 9, 140, 140, 14000, '2020-06-05 15:32:25', '2020-06-05 15:32:25', 0, 1),
(9, 5, 11, 300, 300, 32000, '2020-06-05 15:32:25', '2020-06-05 15:32:25', 0, 1),
(10, 6, 10, 1250, 1250, 75000, '2020-06-05 15:34:42', '2020-06-05 15:34:42', 0, 1),
(11, 7, 7, 5, 5, 5000, '2020-06-05 15:37:38', '2020-06-05 15:37:38', 0, 1),
(12, 8, 5, 15, 15, 10500, '2020-07-01 16:27:05', '2020-07-01 16:27:05', 0, 1),
(13, 8, 6, 10, 10, 6500, '2020-07-01 16:27:05', '2020-07-01 16:27:05', 0, 1),
(14, 9, 8, 30, 30, 30000, '2020-07-01 16:29:20', '2020-07-01 16:29:20', 0, 1),
(15, 10, 7, 5, 5, 3500, '2020-07-01 16:31:01', '2020-07-01 16:31:01', 0, 1);

-- --------------------------------------------------------

--
-- Structure de la table `lignecommande`
--

CREATE TABLE `lignecommande` (
  `id` int(11) NOT NULL,
  `commande_id` int(11) NOT NULL,
  `prixdevente_id` int(11) NOT NULL,
  `quantite` int(11) NOT NULL,
  `price` int(11) NOT NULL,
  `created` datetime DEFAULT NULL,
  `modified` datetime DEFAULT NULL,
  `protected` int(11) NOT NULL DEFAULT '0',
  `valide` int(11) NOT NULL DEFAULT '1'
) ENGINE=InnoDB DEFAULT CHARSET=utf8 COLLATE=utf8_bin;

--
-- Déchargement des données de la table `lignecommande`
--

INSERT INTO `lignecommande` (`id`, `commande_id`, `prixdevente_id`, `quantite`, `price`, `created`, `modified`, `protected`, `valide`) VALUES
(1, 1, 4, 5, 2500, '2020-06-15 11:31:48', '2020-06-15 11:31:48', 0, 1),
(2, 1, 5, 1, 1000, '2020-06-15 11:31:48', '2020-06-15 11:31:48', 0, 1),
(3, 1, 26, 2, 2000, '2020-06-15 11:31:48', '2020-06-15 11:31:48', 0, 1),
(4, 2, 10, 20, 6000, '2020-06-22 11:55:59', '2020-06-22 11:55:59', 0, 1),
(5, 2, 1, 10, 2000, '2020-06-22 11:55:59', '2020-06-22 11:55:59', 0, 1),
(6, 2, 22, 20, 4000, '2020-06-22 11:55:59', '2020-06-22 11:55:59', 0, 1),
(7, 2, 29, 20, 4000, '2020-06-22 11:55:59', '2020-06-22 11:55:59', 0, 1),
(8, 2, 15, 30, 6000, '2020-06-22 11:55:59', '2020-06-22 11:55:59', 0, 1),
(9, 3, 1, 5, 1000, '2020-06-22 12:19:56', '2020-06-22 12:19:56', 0, 1),
(10, 4, 1, 12, 2400, '2020-06-22 17:49:32', '2020-06-22 17:49:32', 0, 1),
(11, 4, 15, 12, 2400, '2020-06-22 17:49:32', '2020-06-22 17:49:32', 0, 1),
(12, 4, 22, 12, 2400, '2020-06-22 17:49:32', '2020-06-22 17:49:32', 0, 1),
(13, 4, 10, 18, 5400, '2020-06-22 17:49:32', '2020-06-22 17:49:32', 0, 1),
(14, 5, 1, 30, 6000, '2020-06-30 14:35:25', '2020-06-30 14:35:25', 0, 1),
(15, 5, 26, 2, 2000, '2020-06-30 14:35:25', '2020-06-30 14:35:25', 0, 1),
(16, 6, 15, 25, 5000, '2020-06-30 14:48:38', '2020-06-30 14:48:38', 0, 1),
(17, 6, 37, 20, 5000, '2020-06-30 14:48:38', '2020-06-30 14:48:38', 0, 1),
(18, 7, 1, 90, 18000, '2020-07-06 12:04:25', '2020-07-06 12:04:25', 0, 1),
(19, 7, 5, 10, 10000, '2020-07-06 12:04:26', '2020-07-06 12:04:26', 0, 1),
(20, 7, 10, 40, 12000, '2020-07-06 12:04:26', '2020-07-06 12:04:26', 0, 1),
(21, 7, 14, 12, 24000, '2020-07-06 12:04:26', '2020-07-06 12:04:26', 0, 1),
(22, 7, 22, 70, 14000, '2020-07-06 12:04:26', '2020-07-06 12:04:26', 0, 1),
(23, 7, 26, 10, 10000, '2020-07-06 12:04:26', '2020-07-06 12:04:26', 0, 1),
(24, 7, 19, 12, 12000, '2020-07-06 12:04:26', '2020-07-06 12:04:26', 0, 1),
(25, 8, 10, 10, 3000, '2020-07-08 17:30:02', '2020-07-08 17:30:02', 0, 1),
(26, 8, 15, 25, 5000, '2020-07-08 17:30:02', '2020-07-08 17:30:02', 0, 1),
(27, 8, 29, 15, 3000, '2020-07-08 17:30:02', '2020-07-08 17:30:02', 0, 1);

-- --------------------------------------------------------

--
-- Structure de la table `ligneconsommationjour`
--

CREATE TABLE `ligneconsommationjour` (
  `id` int(11) NOT NULL,
  `production_id` int(11) NOT NULL,
  `ressource_id` int(11) NOT NULL,
  `consommation` int(11) NOT NULL,
  `created` datetime DEFAULT NULL,
  `modified` datetime DEFAULT NULL,
  `protected` int(11) NOT NULL DEFAULT '0',
  `valide` int(11) NOT NULL DEFAULT '1'
) ENGINE=InnoDB DEFAULT CHARSET=utf8 COLLATE=utf8_bin;

--
-- Déchargement des données de la table `ligneconsommationjour`
--

INSERT INTO `ligneconsommationjour` (`id`, `production_id`, `ressource_id`, `consommation`, `created`, `modified`, `protected`, `valide`) VALUES
(1, 1, 1, 0, '2020-06-02 16:36:49', '2020-06-02 16:36:49', 0, 1),
(2, 2, 1, 0, '2020-06-03 09:59:43', '2020-06-03 09:59:43', 0, 1),
(3, 3, 1, 0, '2020-06-04 10:18:25', '2020-06-04 10:18:25', 0, 1),
(4, 3, 2, 0, '2020-06-04 10:18:25', '2020-06-04 10:18:25', 0, 1),
(5, 3, 3, 0, '2020-06-04 10:18:25', '2020-06-04 10:18:25', 0, 1),
(6, 3, 4, 0, '2020-06-04 10:18:25', '2020-06-04 10:18:25', 0, 1),
(7, 3, 5, 0, '2020-06-04 10:18:26', '2020-06-04 10:18:26', 0, 1),
(8, 3, 6, 0, '2020-06-04 10:18:26', '2020-06-04 10:18:26', 0, 1),
(9, 3, 7, 0, '2020-06-04 10:18:26', '2020-06-04 10:18:26', 0, 1),
(10, 4, 1, 150, '2020-06-05 14:31:27', '2020-06-05 14:31:27', 0, 1),
(11, 4, 2, 0, '2020-06-05 14:31:27', '2020-06-05 14:31:27', 0, 1),
(12, 4, 3, 6, '2020-06-05 14:31:27', '2020-06-05 14:31:27', 0, 1),
(13, 4, 4, 6, '2020-06-05 14:31:27', '2020-06-05 14:31:27', 0, 1),
(14, 4, 5, 16, '2020-06-05 14:31:27', '2020-06-05 14:31:27', 0, 1),
(15, 4, 6, 3, '2020-06-05 14:31:27', '2020-06-05 14:31:27', 0, 1),
(16, 4, 7, 0, '2020-06-05 14:31:28', '2020-06-05 14:31:28', 0, 1),
(17, 5, 1, 0, '2020-06-06 12:06:38', '2020-06-06 12:06:38', 0, 1),
(18, 5, 2, 0, '2020-06-06 12:06:38', '2020-06-06 12:06:38', 0, 1),
(19, 5, 3, 0, '2020-06-06 12:06:38', '2020-06-06 12:06:38', 0, 1),
(20, 5, 4, 0, '2020-06-06 12:06:38', '2020-06-06 12:06:38', 0, 1),
(21, 5, 5, 0, '2020-06-06 12:06:38', '2020-06-06 12:06:38', 0, 1),
(22, 5, 6, 0, '2020-06-06 12:06:38', '2020-06-06 12:06:38', 0, 1),
(23, 5, 7, 0, '2020-06-06 12:06:38', '2020-06-06 12:06:38', 0, 1),
(24, 5, 8, 0, '2020-06-06 12:06:38', '2020-06-06 12:06:38', 0, 1),
(25, 5, 9, 0, '2020-06-06 12:06:38', '2020-06-06 12:06:38', 0, 1),
(26, 5, 10, 0, '2020-06-06 12:06:38', '2020-06-06 12:06:38', 0, 1),
(27, 5, 11, 0, '2020-06-06 12:06:39', '2020-06-06 12:06:39', 0, 1),
(28, 6, 1, 0, '2020-06-08 08:21:57', '2020-06-08 08:21:57', 0, 1),
(29, 6, 2, 0, '2020-06-08 08:21:57', '2020-06-08 08:21:57', 0, 1),
(30, 6, 3, 0, '2020-06-08 08:21:57', '2020-06-08 08:21:57', 0, 1),
(31, 6, 4, 0, '2020-06-08 08:21:57', '2020-06-08 08:21:57', 0, 1),
(32, 6, 5, 0, '2020-06-08 08:21:57', '2020-06-08 08:21:57', 0, 1),
(33, 6, 6, 0, '2020-06-08 08:21:57', '2020-06-08 08:21:57', 0, 1),
(34, 6, 7, 0, '2020-06-08 08:21:57', '2020-06-08 08:21:57', 0, 1),
(35, 6, 8, 0, '2020-06-08 08:21:57', '2020-06-08 08:21:57', 0, 1),
(36, 6, 9, 0, '2020-06-08 08:21:57', '2020-06-08 08:21:57', 0, 1),
(37, 6, 10, 0, '2020-06-08 08:21:57', '2020-06-08 08:21:57', 0, 1),
(38, 6, 11, 0, '2020-06-08 08:21:57', '2020-06-08 08:21:57', 0, 1),
(39, 7, 1, 150, '2020-06-09 09:37:36', '2020-06-09 09:37:36', 0, 1),
(40, 7, 2, 0, '2020-06-09 09:37:36', '2020-06-09 09:37:36', 0, 1),
(41, 7, 3, 0, '2020-06-09 09:37:36', '2020-06-09 09:37:36', 0, 1),
(42, 7, 4, 0, '2020-06-09 09:37:36', '2020-06-09 09:37:36', 0, 1),
(43, 7, 5, 8, '2020-06-09 09:37:37', '2020-06-09 09:37:37', 0, 1),
(44, 7, 6, 0, '2020-06-09 09:37:37', '2020-06-09 09:37:37', 0, 1),
(45, 7, 7, 0, '2020-06-09 09:37:37', '2020-06-09 09:37:37', 0, 1),
(46, 7, 8, 0, '2020-06-09 09:37:37', '2020-06-09 09:37:37', 0, 1),
(47, 7, 9, 0, '2020-06-09 09:37:37', '2020-06-09 09:37:37', 0, 1),
(48, 7, 10, 0, '2020-06-09 09:37:37', '2020-06-09 09:37:37', 0, 1),
(49, 7, 11, 0, '2020-06-09 09:37:37', '2020-06-09 09:37:37', 0, 1),
(50, 8, 1, 0, '2020-06-10 09:21:38', '2020-06-10 09:21:38', 0, 1),
(51, 8, 2, 0, '2020-06-10 09:21:38', '2020-06-10 09:21:38', 0, 1),
(52, 8, 3, 0, '2020-06-10 09:21:38', '2020-06-10 09:21:38', 0, 1),
(53, 8, 4, 0, '2020-06-10 09:21:38', '2020-06-10 09:21:38', 0, 1),
(54, 8, 5, 0, '2020-06-10 09:21:38', '2020-06-10 09:21:38', 0, 1),
(55, 8, 6, 0, '2020-06-10 09:21:38', '2020-06-10 09:21:38', 0, 1),
(56, 8, 7, 0, '2020-06-10 09:21:38', '2020-06-10 09:21:38', 0, 1),
(57, 8, 8, 0, '2020-06-10 09:21:38', '2020-06-10 09:21:38', 0, 1),
(58, 8, 9, 0, '2020-06-10 09:21:38', '2020-06-10 09:21:38', 0, 1),
(59, 8, 10, 0, '2020-06-10 09:21:38', '2020-06-10 09:21:38', 0, 1),
(60, 8, 11, 0, '2020-06-10 09:21:38', '2020-06-10 09:21:38', 0, 1),
(61, 9, 1, 0, '2020-06-11 17:16:01', '2020-06-11 17:16:01', 0, 1),
(62, 9, 2, 0, '2020-06-11 17:16:01', '2020-06-11 17:16:01', 0, 1),
(63, 9, 3, 0, '2020-06-11 17:16:01', '2020-06-11 17:16:01', 0, 1),
(64, 9, 4, 6, '2020-06-11 17:16:01', '2020-06-11 17:16:01', 0, 1),
(65, 9, 5, 1, '2020-06-11 17:16:01', '2020-06-11 17:16:01', 0, 1),
(66, 9, 6, 4, '2020-06-11 17:16:01', '2020-06-11 17:16:01', 0, 1),
(67, 9, 7, 0, '2020-06-11 17:16:01', '2020-06-11 17:16:01', 0, 1),
(68, 9, 8, 5, '2020-06-11 17:16:01', '2020-06-11 17:16:01', 0, 1),
(69, 9, 9, 0, '2020-06-11 17:16:01', '2020-06-11 17:16:01', 0, 1),
(70, 9, 10, 0, '2020-06-11 17:16:01', '2020-06-11 17:16:01', 0, 1),
(71, 9, 11, 0, '2020-06-11 17:16:01', '2020-06-11 17:16:01', 0, 1),
(72, 10, 1, 0, '2020-06-12 10:21:01', '2020-06-12 10:21:01', 0, 1),
(73, 10, 2, 0, '2020-06-12 10:21:01', '2020-06-12 10:21:01', 0, 1),
(74, 10, 3, 0, '2020-06-12 10:21:02', '2020-06-12 10:21:02', 0, 1),
(75, 10, 4, 0, '2020-06-12 10:21:02', '2020-06-12 10:21:02', 0, 1),
(76, 10, 5, 0, '2020-06-12 10:21:02', '2020-06-12 10:21:02', 0, 1),
(77, 10, 6, 0, '2020-06-12 10:21:02', '2020-06-12 10:21:02', 0, 1),
(78, 10, 7, 0, '2020-06-12 10:21:02', '2020-06-12 10:21:02', 0, 1),
(79, 10, 8, 0, '2020-06-12 10:21:02', '2020-06-12 10:21:02', 0, 1),
(80, 10, 9, 0, '2020-06-12 10:21:02', '2020-06-12 10:21:02', 0, 1),
(81, 10, 10, 0, '2020-06-12 10:21:02', '2020-06-12 10:21:02', 0, 1),
(82, 10, 11, 0, '2020-06-12 10:21:02', '2020-06-12 10:21:02', 0, 1),
(83, 11, 1, 0, '2020-06-13 11:48:13', '2020-06-13 11:48:13', 0, 1),
(84, 11, 2, 0, '2020-06-13 11:48:13', '2020-06-13 11:48:13', 0, 1),
(85, 11, 3, 0, '2020-06-13 11:48:13', '2020-06-13 11:48:13', 0, 1),
(86, 11, 4, 0, '2020-06-13 11:48:13', '2020-06-13 11:48:13', 0, 1),
(87, 11, 5, 0, '2020-06-13 11:48:13', '2020-06-13 11:48:13', 0, 1),
(88, 11, 6, 0, '2020-06-13 11:48:13', '2020-06-13 11:48:13', 0, 1),
(89, 11, 7, 0, '2020-06-13 11:48:13', '2020-06-13 11:48:13', 0, 1),
(90, 11, 8, 0, '2020-06-13 11:48:13', '2020-06-13 11:48:13', 0, 1),
(91, 11, 9, 0, '2020-06-13 11:48:13', '2020-06-13 11:48:13', 0, 1),
(92, 11, 10, 0, '2020-06-13 11:48:13', '2020-06-13 11:48:13', 0, 1),
(93, 11, 11, 0, '2020-06-13 11:48:13', '2020-06-13 11:48:13', 0, 1),
(94, 12, 1, 0, '2020-06-14 16:03:51', '2020-06-14 16:03:51', 0, 1),
(95, 12, 2, 0, '2020-06-14 16:03:51', '2020-06-14 16:03:51', 0, 1),
(96, 12, 3, 0, '2020-06-14 16:03:51', '2020-06-14 16:03:51', 0, 1),
(97, 12, 4, 0, '2020-06-14 16:03:51', '2020-06-14 16:03:51', 0, 1),
(98, 12, 5, 0, '2020-06-14 16:03:51', '2020-06-14 16:03:51', 0, 1),
(99, 12, 6, 0, '2020-06-14 16:03:51', '2020-06-14 16:03:51', 0, 1),
(100, 12, 7, 0, '2020-06-14 16:03:51', '2020-06-14 16:03:51', 0, 1),
(101, 12, 8, 0, '2020-06-14 16:03:51', '2020-06-14 16:03:51', 0, 1),
(102, 12, 9, 0, '2020-06-14 16:03:51', '2020-06-14 16:03:51', 0, 1),
(103, 12, 10, 0, '2020-06-14 16:03:51', '2020-06-14 16:03:51', 0, 1),
(104, 12, 11, 0, '2020-06-14 16:03:51', '2020-06-14 16:03:51', 0, 1),
(105, 13, 1, 0, '2020-06-15 10:16:54', '2020-06-15 10:16:54', 0, 1),
(106, 13, 2, 0, '2020-06-15 10:16:54', '2020-06-15 10:16:54', 0, 1),
(107, 13, 3, 0, '2020-06-15 10:16:54', '2020-06-15 10:16:54', 0, 1),
(108, 13, 4, 0, '2020-06-15 10:16:54', '2020-06-15 10:16:54', 0, 1),
(109, 13, 5, 0, '2020-06-15 10:16:54', '2020-06-15 10:16:54', 0, 1),
(110, 13, 6, 0, '2020-06-15 10:16:54', '2020-06-15 10:16:54', 0, 1),
(111, 13, 7, 0, '2020-06-15 10:16:54', '2020-06-15 10:16:54', 0, 1),
(112, 13, 8, 0, '2020-06-15 10:16:55', '2020-06-15 10:16:55', 0, 1),
(113, 13, 9, 0, '2020-06-15 10:16:55', '2020-06-15 10:16:55', 0, 1),
(114, 13, 10, 0, '2020-06-15 10:16:55', '2020-06-15 10:16:55', 0, 1),
(115, 13, 11, 0, '2020-06-15 10:16:55', '2020-06-15 10:16:55', 0, 1),
(116, 14, 1, 0, '2020-06-16 10:26:57', '2020-06-16 10:26:57', 0, 1),
(117, 14, 2, 0, '2020-06-16 10:26:57', '2020-06-16 10:26:57', 0, 1),
(118, 14, 3, 0, '2020-06-16 10:26:57', '2020-06-16 10:26:57', 0, 1),
(119, 14, 4, 0, '2020-06-16 10:26:57', '2020-06-16 10:26:57', 0, 1),
(120, 14, 5, 0, '2020-06-16 10:26:58', '2020-06-16 10:26:58', 0, 1),
(121, 14, 6, 7, '2020-06-16 10:26:58', '2020-06-16 10:26:58', 0, 1),
(122, 14, 7, 0, '2020-06-16 10:26:58', '2020-06-16 10:26:58', 0, 1),
(123, 14, 8, 0, '2020-06-16 10:26:58', '2020-06-16 10:26:58', 0, 1),
(124, 14, 9, 0, '2020-06-16 10:26:58', '2020-06-16 10:26:58', 0, 1),
(125, 14, 10, 0, '2020-06-16 10:26:58', '2020-06-16 10:26:58', 0, 1),
(126, 14, 11, 0, '2020-06-16 10:26:58', '2020-06-16 10:26:58', 0, 1),
(127, 15, 1, 0, '2020-06-17 11:11:04', '2020-06-17 11:11:04', 0, 1),
(128, 15, 2, 0, '2020-06-17 11:11:04', '2020-06-17 11:11:04', 0, 1),
(129, 15, 3, 0, '2020-06-17 11:11:04', '2020-06-17 11:11:04', 0, 1),
(130, 15, 4, 0, '2020-06-17 11:11:04', '2020-06-17 11:11:04', 0, 1),
(131, 15, 5, 0, '2020-06-17 11:11:04', '2020-06-17 11:11:04', 0, 1),
(132, 15, 6, 0, '2020-06-17 11:11:04', '2020-06-17 11:11:04', 0, 1),
(133, 15, 7, 0, '2020-06-17 11:11:04', '2020-06-17 11:11:04', 0, 1),
(134, 15, 8, 0, '2020-06-17 11:11:05', '2020-06-17 11:11:05', 0, 1),
(135, 15, 9, 0, '2020-06-17 11:11:05', '2020-06-17 11:11:05', 0, 1),
(136, 15, 10, 0, '2020-06-17 11:11:05', '2020-06-17 11:11:05', 0, 1),
(137, 15, 11, 0, '2020-06-17 11:11:05', '2020-06-17 11:11:05', 0, 1),
(138, 16, 1, 0, '2020-06-18 14:21:19', '2020-06-18 14:21:19', 0, 1),
(139, 16, 2, 0, '2020-06-18 14:21:19', '2020-06-18 14:21:19', 0, 1),
(140, 16, 3, 0, '2020-06-18 14:21:19', '2020-06-18 14:21:19', 0, 1),
(141, 16, 4, 0, '2020-06-18 14:21:19', '2020-06-18 14:21:19', 0, 1),
(142, 16, 5, 0, '2020-06-18 14:21:20', '2020-06-18 14:21:20', 0, 1),
(143, 16, 6, 0, '2020-06-18 14:21:20', '2020-06-18 14:21:20', 0, 1),
(144, 16, 7, 0, '2020-06-18 14:21:20', '2020-06-18 14:21:20', 0, 1),
(145, 16, 8, 0, '2020-06-18 14:21:20', '2020-06-18 14:21:20', 0, 1),
(146, 16, 9, 0, '2020-06-18 14:21:20', '2020-06-18 14:21:20', 0, 1),
(147, 16, 10, 0, '2020-06-18 14:21:20', '2020-06-18 14:21:20', 0, 1),
(148, 16, 11, 0, '2020-06-18 14:21:20', '2020-06-18 14:21:20', 0, 1),
(149, 17, 1, 0, '2020-06-19 10:13:48', '2020-06-19 10:13:48', 0, 1),
(150, 17, 2, 0, '2020-06-19 10:13:48', '2020-06-19 10:13:48', 0, 1),
(151, 17, 3, 0, '2020-06-19 10:13:48', '2020-06-19 10:13:48', 0, 1),
(152, 17, 4, 0, '2020-06-19 10:13:48', '2020-06-19 10:13:48', 0, 1),
(153, 17, 5, 0, '2020-06-19 10:13:48', '2020-06-19 10:13:48', 0, 1),
(154, 17, 6, 0, '2020-06-19 10:13:48', '2020-06-19 10:13:48', 0, 1),
(155, 17, 7, 0, '2020-06-19 10:13:48', '2020-06-19 10:13:48', 0, 1),
(156, 17, 8, 0, '2020-06-19 10:13:48', '2020-06-19 10:13:48', 0, 1),
(157, 17, 9, 0, '2020-06-19 10:13:48', '2020-06-19 10:13:48', 0, 1),
(158, 17, 10, 0, '2020-06-19 10:13:48', '2020-06-19 10:13:48', 0, 1),
(159, 17, 11, 0, '2020-06-19 10:13:48', '2020-06-19 10:13:48', 0, 1),
(160, 18, 1, 0, '2020-06-20 10:53:47', '2020-06-20 10:53:47', 0, 1),
(161, 18, 2, 0, '2020-06-20 10:53:47', '2020-06-20 10:53:47', 0, 1),
(162, 18, 3, 0, '2020-06-20 10:53:47', '2020-06-20 10:53:47', 0, 1),
(163, 18, 4, 0, '2020-06-20 10:53:47', '2020-06-20 10:53:47', 0, 1),
(164, 18, 5, 0, '2020-06-20 10:53:47', '2020-06-20 10:53:47', 0, 1),
(165, 18, 6, 0, '2020-06-20 10:53:47', '2020-06-20 10:53:47', 0, 1),
(166, 18, 7, 0, '2020-06-20 10:53:47', '2020-06-20 10:53:47', 0, 1),
(167, 18, 8, 0, '2020-06-20 10:53:47', '2020-06-20 10:53:47', 0, 1),
(168, 18, 9, 0, '2020-06-20 10:53:48', '2020-06-20 10:53:48', 0, 1),
(169, 18, 10, 0, '2020-06-20 10:53:48', '2020-06-20 10:53:48', 0, 1),
(170, 18, 11, 0, '2020-06-20 10:53:48', '2020-06-20 10:53:48', 0, 1),
(171, 19, 1, 21, '2020-06-21 12:32:25', '2020-06-21 12:32:25', 0, 1),
(172, 19, 2, 0, '2020-06-21 12:32:25', '2020-06-21 12:32:25', 0, 1),
(173, 19, 3, 0, '2020-06-21 12:32:25', '2020-06-21 12:32:25', 0, 1),
(174, 19, 4, 0, '2020-06-21 12:32:25', '2020-06-21 12:32:25', 0, 1),
(175, 19, 5, 0, '2020-06-21 12:32:25', '2020-06-21 12:32:25', 0, 1),
(176, 19, 6, 0, '2020-06-21 12:32:25', '2020-06-21 12:32:25', 0, 1),
(177, 19, 7, 0, '2020-06-21 12:32:25', '2020-06-21 12:32:25', 0, 1),
(178, 19, 8, 0, '2020-06-21 12:32:25', '2020-06-21 12:32:25', 0, 1),
(179, 19, 9, 0, '2020-06-21 12:32:25', '2020-06-21 12:32:25', 0, 1),
(180, 19, 10, 0, '2020-06-21 12:32:25', '2020-06-21 12:32:25', 0, 1),
(181, 19, 11, 0, '2020-06-21 12:32:25', '2020-06-21 12:32:25', 0, 1),
(182, 20, 1, 0, '2020-06-22 11:41:17', '2020-06-22 11:41:17', 0, 1),
(183, 20, 2, 0, '2020-06-22 11:41:17', '2020-06-22 11:41:17', 0, 1),
(184, 20, 3, 0, '2020-06-22 11:41:17', '2020-06-22 11:41:17', 0, 1),
(185, 20, 4, 0, '2020-06-22 11:41:18', '2020-06-22 11:41:18', 0, 1),
(186, 20, 5, 0, '2020-06-22 11:41:18', '2020-06-22 11:41:18', 0, 1),
(187, 20, 6, 0, '2020-06-22 11:41:18', '2020-06-22 11:41:18', 0, 1),
(188, 20, 7, 0, '2020-06-22 11:41:18', '2020-06-22 11:41:18', 0, 1),
(189, 20, 8, 0, '2020-06-22 11:41:18', '2020-06-22 11:41:18', 0, 1),
(190, 20, 9, 0, '2020-06-22 11:41:18', '2020-06-22 11:41:18', 0, 1),
(191, 20, 10, 0, '2020-06-22 11:41:18', '2020-06-22 11:41:18', 0, 1),
(192, 20, 11, 0, '2020-06-22 11:41:19', '2020-06-22 11:41:19', 0, 1),
(193, 21, 1, 0, '2020-06-23 09:18:21', '2020-06-23 09:18:21', 0, 1),
(194, 21, 2, 0, '2020-06-23 09:18:21', '2020-06-23 09:18:21', 0, 1),
(195, 21, 3, 0, '2020-06-23 09:18:21', '2020-06-23 09:18:21', 0, 1),
(196, 21, 4, 0, '2020-06-23 09:18:21', '2020-06-23 09:18:21', 0, 1),
(197, 21, 5, 0, '2020-06-23 09:18:21', '2020-06-23 09:18:21', 0, 1),
(198, 21, 6, 0, '2020-06-23 09:18:22', '2020-06-23 09:18:22', 0, 1),
(199, 21, 7, 0, '2020-06-23 09:18:22', '2020-06-23 09:18:22', 0, 1),
(200, 21, 8, 0, '2020-06-23 09:18:22', '2020-06-23 09:18:22', 0, 1),
(201, 21, 9, 0, '2020-06-23 09:18:22', '2020-06-23 09:18:22', 0, 1),
(202, 21, 10, 0, '2020-06-23 09:18:22', '2020-06-23 09:18:22', 0, 1),
(203, 21, 11, 0, '2020-06-23 09:18:22', '2020-06-23 09:18:22', 0, 1),
(204, 22, 1, 0, '2020-06-24 00:47:52', '2020-06-24 00:47:52', 0, 1),
(205, 22, 2, 0, '2020-06-24 00:47:52', '2020-06-24 00:47:52', 0, 1),
(206, 22, 3, 0, '2020-06-24 00:47:52', '2020-06-24 00:47:52', 0, 1),
(207, 22, 4, 0, '2020-06-24 00:47:52', '2020-06-24 00:47:52', 0, 1),
(208, 22, 5, 0, '2020-06-24 00:47:52', '2020-06-24 00:47:52', 0, 1),
(209, 22, 6, 0, '2020-06-24 00:47:52', '2020-06-24 00:47:52', 0, 1),
(210, 22, 7, 0, '2020-06-24 00:47:52', '2020-06-24 00:47:52', 0, 1),
(211, 22, 8, 0, '2020-06-24 00:47:52', '2020-06-24 00:47:52', 0, 1),
(212, 22, 9, 0, '2020-06-24 00:47:52', '2020-06-24 00:47:52', 0, 1),
(213, 22, 10, 0, '2020-06-24 00:47:52', '2020-06-24 00:47:52', 0, 1),
(214, 22, 11, 0, '2020-06-24 00:47:52', '2020-06-24 00:47:52', 0, 1),
(215, 23, 1, 0, '2020-06-25 10:00:44', '2020-06-25 10:00:44', 0, 1),
(216, 23, 2, 0, '2020-06-25 10:00:44', '2020-06-25 10:00:44', 0, 1),
(217, 23, 3, 0, '2020-06-25 10:00:44', '2020-06-25 10:00:44', 0, 1),
(218, 23, 4, 0, '2020-06-25 10:00:44', '2020-06-25 10:00:44', 0, 1),
(219, 23, 5, 0, '2020-06-25 10:00:45', '2020-06-25 10:00:45', 0, 1),
(220, 23, 6, 0, '2020-06-25 10:00:45', '2020-06-25 10:00:45', 0, 1),
(221, 23, 7, 0, '2020-06-25 10:00:45', '2020-06-25 10:00:45', 0, 1),
(222, 23, 8, 0, '2020-06-25 10:00:45', '2020-06-25 10:00:45', 0, 1),
(223, 23, 9, 0, '2020-06-25 10:00:45', '2020-06-25 10:00:45', 0, 1),
(224, 23, 10, 0, '2020-06-25 10:00:45', '2020-06-25 10:00:45', 0, 1),
(225, 23, 11, 0, '2020-06-25 10:00:45', '2020-06-25 10:00:45', 0, 1),
(226, 24, 1, 0, '2020-06-26 12:21:00', '2020-06-26 12:21:00', 0, 1),
(227, 24, 2, 0, '2020-06-26 12:21:00', '2020-06-26 12:21:00', 0, 1),
(228, 24, 3, 0, '2020-06-26 12:21:00', '2020-06-26 12:21:00', 0, 1),
(229, 24, 4, 0, '2020-06-26 12:21:01', '2020-06-26 12:21:01', 0, 1),
(230, 24, 5, 0, '2020-06-26 12:21:01', '2020-06-26 12:21:01', 0, 1),
(231, 24, 6, 0, '2020-06-26 12:21:01', '2020-06-26 12:21:01', 0, 1),
(232, 24, 7, 0, '2020-06-26 12:21:01', '2020-06-26 12:21:01', 0, 1),
(233, 24, 8, 0, '2020-06-26 12:21:01', '2020-06-26 12:21:01', 0, 1),
(234, 24, 9, 0, '2020-06-26 12:21:01', '2020-06-26 12:21:01', 0, 1),
(235, 24, 10, 0, '2020-06-26 12:21:01', '2020-06-26 12:21:01', 0, 1),
(236, 24, 11, 0, '2020-06-26 12:21:01', '2020-06-26 12:21:01', 0, 1),
(237, 25, 1, 0, '2020-06-30 12:36:29', '2020-06-30 12:36:29', 0, 1),
(238, 25, 2, 0, '2020-06-30 12:36:29', '2020-06-30 12:36:29', 0, 1),
(239, 25, 3, 0, '2020-06-30 12:36:29', '2020-06-30 12:36:29', 0, 1),
(240, 25, 4, 6, '2020-06-30 12:36:29', '2020-06-30 12:36:29', 0, 1),
(241, 25, 5, 0, '2020-06-30 12:36:29', '2020-06-30 12:36:29', 0, 1),
(242, 25, 6, 6, '2020-06-30 12:36:29', '2020-06-30 12:36:29', 0, 1),
(243, 25, 7, 0, '2020-06-30 12:36:29', '2020-06-30 12:36:29', 0, 1),
(244, 25, 8, 15, '2020-06-30 12:36:29', '2020-06-30 12:36:29', 0, 1),
(245, 25, 9, 0, '2020-06-30 12:36:29', '2020-06-30 12:36:29', 0, 1),
(246, 25, 10, 0, '2020-06-30 12:36:29', '2020-06-30 12:36:29', 0, 1),
(247, 25, 11, 0, '2020-06-30 12:36:29', '2020-06-30 12:36:29', 0, 1),
(248, 26, 1, 0, '2020-07-01 13:31:11', '2020-07-01 13:31:11', 0, 1),
(249, 26, 2, 0, '2020-07-01 13:31:11', '2020-07-01 13:31:11', 0, 1),
(250, 26, 3, 0, '2020-07-01 13:31:12', '2020-07-01 13:31:12', 0, 1),
(251, 26, 4, 0, '2020-07-01 13:31:12', '2020-07-01 13:31:12', 0, 1),
(252, 26, 5, 0, '2020-07-01 13:31:12', '2020-07-01 13:31:12', 0, 1),
(253, 26, 6, 0, '2020-07-01 13:31:12', '2020-07-01 13:31:12', 0, 1),
(254, 26, 7, 0, '2020-07-01 13:31:12', '2020-07-01 13:31:12', 0, 1),
(255, 26, 8, 0, '2020-07-01 13:31:12', '2020-07-01 13:31:12', 0, 1),
(256, 26, 9, 0, '2020-07-01 13:31:12', '2020-07-01 13:31:12', 0, 1),
(257, 26, 10, 0, '2020-07-01 13:31:12', '2020-07-01 13:31:12', 0, 1),
(258, 26, 11, 0, '2020-07-01 13:31:12', '2020-07-01 13:31:12', 0, 1),
(259, 27, 1, 0, '2020-07-02 13:54:15', '2020-07-02 13:54:15', 0, 1),
(260, 27, 2, 0, '2020-07-02 13:54:15', '2020-07-02 13:54:15', 0, 1),
(261, 27, 3, 0, '2020-07-02 13:54:15', '2020-07-02 13:54:15', 0, 1),
(262, 27, 4, 0, '2020-07-02 13:54:15', '2020-07-02 13:54:15', 0, 1),
(263, 27, 5, 0, '2020-07-02 13:54:15', '2020-07-02 13:54:15', 0, 1),
(264, 27, 6, 0, '2020-07-02 13:54:15', '2020-07-02 13:54:15', 0, 1),
(265, 27, 7, 0, '2020-07-02 13:54:16', '2020-07-02 13:54:16', 0, 1),
(266, 27, 8, 0, '2020-07-02 13:54:16', '2020-07-02 13:54:16', 0, 1),
(267, 27, 9, 0, '2020-07-02 13:54:16', '2020-07-02 13:54:16', 0, 1),
(268, 27, 10, 0, '2020-07-02 13:54:16', '2020-07-02 13:54:16', 0, 1),
(269, 27, 11, 0, '2020-07-02 13:54:16', '2020-07-02 13:54:16', 0, 1),
(270, 28, 1, 0, '2020-07-05 08:16:39', '2020-07-05 08:16:39', 0, 1),
(271, 28, 2, 0, '2020-07-05 08:16:39', '2020-07-05 08:16:39', 0, 1),
(272, 28, 3, 0, '2020-07-05 08:16:39', '2020-07-05 08:16:39', 0, 1),
(273, 28, 4, 0, '2020-07-05 08:16:39', '2020-07-05 08:16:39', 0, 1),
(274, 28, 5, 1, '2020-07-05 08:16:39', '2020-07-05 08:16:39', 0, 1),
(275, 28, 6, 0, '2020-07-05 08:16:40', '2020-07-05 08:16:40', 0, 1),
(276, 28, 7, 10, '2020-07-05 08:16:40', '2020-07-05 08:16:40', 0, 1),
(277, 28, 8, 15, '2020-07-05 08:16:40', '2020-07-05 08:16:40', 0, 1),
(278, 28, 9, 0, '2020-07-05 08:16:40', '2020-07-05 08:16:40', 0, 1),
(279, 28, 10, 0, '2020-07-05 08:16:40', '2020-07-05 08:16:40', 0, 1),
(280, 28, 11, 0, '2020-07-05 08:16:40', '2020-07-05 08:16:40', 0, 1),
(281, 29, 1, 0, '2020-07-06 11:23:22', '2020-07-06 11:23:22', 0, 1),
(282, 29, 2, 0, '2020-07-06 11:23:22', '2020-07-06 11:23:22', 0, 1),
(283, 29, 3, 0, '2020-07-06 11:23:22', '2020-07-06 11:23:22', 0, 1),
(284, 29, 4, 0, '2020-07-06 11:23:22', '2020-07-06 11:23:22', 0, 1),
(285, 29, 5, 0, '2020-07-06 11:23:22', '2020-07-06 11:23:22', 0, 1),
(286, 29, 6, 0, '2020-07-06 11:23:23', '2020-07-06 11:23:23', 0, 1),
(287, 29, 7, 0, '2020-07-06 11:23:23', '2020-07-06 11:23:23', 0, 1),
(288, 29, 8, 0, '2020-07-06 11:23:23', '2020-07-06 11:23:23', 0, 1),
(289, 29, 9, 0, '2020-07-06 11:23:23', '2020-07-06 11:23:23', 0, 1),
(290, 29, 10, 0, '2020-07-06 11:23:23', '2020-07-06 11:23:23', 0, 1),
(291, 29, 11, 0, '2020-07-06 11:23:23', '2020-07-06 11:23:23', 0, 1),
(292, 30, 1, 0, '2020-07-07 17:10:17', '2020-07-07 17:10:17', 0, 1),
(293, 30, 2, 0, '2020-07-07 17:10:17', '2020-07-07 17:10:17', 0, 1),
(294, 30, 3, 0, '2020-07-07 17:10:17', '2020-07-07 17:10:17', 0, 1),
(295, 30, 4, 0, '2020-07-07 17:10:17', '2020-07-07 17:10:17', 0, 1),
(296, 30, 5, 0, '2020-07-07 17:10:17', '2020-07-07 17:10:17', 0, 1),
(297, 30, 6, 0, '2020-07-07 17:10:17', '2020-07-07 17:10:17', 0, 1),
(298, 30, 7, 0, '2020-07-07 17:10:18', '2020-07-07 17:10:18', 0, 1),
(299, 30, 8, 0, '2020-07-07 17:10:18', '2020-07-07 17:10:18', 0, 1),
(300, 30, 9, 0, '2020-07-07 17:10:18', '2020-07-07 17:10:18', 0, 1),
(301, 30, 10, 0, '2020-07-07 17:10:18', '2020-07-07 17:10:18', 0, 1),
(302, 30, 11, 0, '2020-07-07 17:10:19', '2020-07-07 17:10:19', 0, 1),
(303, 31, 1, 0, '2020-07-08 17:17:15', '2020-07-08 17:17:15', 0, 1),
(304, 31, 2, 0, '2020-07-08 17:17:15', '2020-07-08 17:17:15', 0, 1),
(305, 31, 3, 0, '2020-07-08 17:17:15', '2020-07-08 17:17:15', 0, 1),
(306, 31, 4, 3, '2020-07-08 17:17:15', '2020-07-08 17:17:15', 0, 1),
(307, 31, 5, 0, '2020-07-08 17:17:15', '2020-07-08 17:17:15', 0, 1),
(308, 31, 6, 3, '2020-07-08 17:17:15', '2020-07-08 17:17:15', 0, 1),
(309, 31, 7, 0, '2020-07-08 17:17:16', '2020-07-08 17:17:16', 0, 1),
(310, 31, 8, 0, '2020-07-08 17:17:16', '2020-07-08 17:17:16', 0, 1),
(311, 31, 9, 0, '2020-07-08 17:17:16', '2020-07-08 17:17:16', 0, 1),
(312, 31, 10, 0, '2020-07-08 17:17:16', '2020-07-08 17:17:16', 0, 1),
(313, 31, 11, 0, '2020-07-08 17:17:16', '2020-07-08 17:17:16', 0, 1),
(314, 32, 1, 0, '2020-07-09 10:05:41', '2020-07-09 10:05:41', 0, 1),
(315, 32, 2, 0, '2020-07-09 10:05:41', '2020-07-09 10:05:41', 0, 1),
(316, 32, 3, 0, '2020-07-09 10:05:41', '2020-07-09 10:05:41', 0, 1),
(317, 32, 4, 0, '2020-07-09 10:05:41', '2020-07-09 10:05:41', 0, 1),
(318, 32, 5, 0, '2020-07-09 10:05:42', '2020-07-09 10:05:42', 0, 1),
(319, 32, 6, 0, '2020-07-09 10:05:42', '2020-07-09 10:05:42', 0, 1),
(320, 32, 7, 0, '2020-07-09 10:05:42', '2020-07-09 10:05:42', 0, 1),
(321, 32, 8, 0, '2020-07-09 10:05:42', '2020-07-09 10:05:42', 0, 1),
(322, 32, 9, 0, '2020-07-09 10:05:42', '2020-07-09 10:05:42', 0, 1),
(323, 32, 10, 0, '2020-07-09 10:05:43', '2020-07-09 10:05:43', 0, 1),
(324, 32, 11, 0, '2020-07-09 10:05:43', '2020-07-09 10:05:43', 0, 1);

-- --------------------------------------------------------

--
-- Structure de la table `lignedevente`
--

CREATE TABLE `lignedevente` (
  `id` int(11) NOT NULL,
  `vente_id` int(11) NOT NULL,
  `prixdevente_id` int(11) NOT NULL,
  `quantite` int(11) NOT NULL,
  `created` datetime DEFAULT NULL,
  `modified` datetime DEFAULT NULL,
  `protected` int(11) NOT NULL DEFAULT '0',
  `valide` int(11) NOT NULL DEFAULT '1'
) ENGINE=InnoDB DEFAULT CHARSET=utf8 COLLATE=utf8_bin;

--
-- Déchargement des données de la table `lignedevente`
--

INSERT INTO `lignedevente` (`id`, `vente_id`, `prixdevente_id`, `quantite`, `created`, `modified`, `protected`, `valide`) VALUES
(5, 2, 1, 5, '2020-06-02 13:00:02', '2020-06-02 13:00:02', 0, 1),
(6, 2, 4, 2, '2020-06-02 13:00:03', '2020-06-02 13:00:03', 0, 1),
(7, 2, 14, 1, '2020-06-02 13:00:03', '2020-06-02 13:00:03', 0, 1),
(8, 2, 18, 2, '2020-06-02 13:00:03', '2020-06-02 13:00:03', 0, 1),
(9, 3, 1, 1, '2020-06-02 13:01:12', '2020-06-02 13:01:12', 0, 1),
(10, 4, 1, 8, '2020-06-02 13:14:06', '2020-06-02 13:14:06', 0, 1),
(11, 4, 4, 0, '2020-06-02 13:14:06', '2020-06-02 13:14:06', 0, 1),
(12, 4, 14, 0, '2020-06-02 13:14:06', '2020-06-02 13:14:06', 0, 1),
(13, 4, 33, 1, '2020-06-02 13:14:06', '2020-06-02 13:14:06', 0, 1),
(14, 5, 1, 5, '2020-06-02 13:55:42', '2020-06-02 13:55:42', 0, 1),
(15, 5, 4, 1, '2020-06-02 13:55:43', '2020-06-02 13:55:43', 0, 1),
(16, 6, 14, 1, '2020-06-02 14:03:19', '2020-06-02 14:03:19', 0, 1),
(17, 6, 32, 1, '2020-06-02 14:03:19', '2020-06-02 14:03:19', 0, 1),
(18, 6, 33, 1, '2020-06-02 14:03:19', '2020-06-02 14:03:19', 0, 1),
(19, 6, 18, 1, '2020-06-02 14:03:19', '2020-06-02 14:03:19', 0, 1),
(20, 6, 19, 1, '2020-06-02 14:03:19', '2020-06-02 14:03:19', 0, 1),
(21, 6, 1, 0, '2020-06-02 14:03:19', '2020-06-02 14:03:19', 0, 1),
(22, 6, 4, 1, '2020-06-02 14:03:19', '2020-06-02 14:03:19', 0, 1),
(23, 7, 14, 0, '2020-06-02 14:08:09', '2020-06-02 14:08:09', 0, 1),
(24, 7, 1, 3, '2020-06-02 14:08:09', '2020-06-02 14:08:09', 0, 1),
(25, 7, 4, 1, '2020-06-02 14:08:09', '2020-06-02 14:08:09', 0, 1),
(26, 7, 32, 1, '2020-06-02 14:08:09', '2020-06-02 14:08:09', 0, 1),
(27, 7, 33, 0, '2020-06-02 14:08:09', '2020-06-02 14:08:09', 0, 1),
(28, 8, 1, 2, '2020-06-03 18:47:02', '2020-06-03 18:47:02', 0, 1),
(29, 9, 1, 1, '2020-06-06 12:59:56', '2020-06-06 12:59:56', 0, 1),
(30, 10, 10, 4, '2020-06-06 13:01:00', '2020-06-06 13:01:00', 0, 1),
(31, 11, 29, 1, '2020-06-06 13:03:09', '2020-06-06 13:03:09', 0, 1),
(32, 12, 10, 2, '2020-06-06 13:06:11', '2020-06-06 13:06:11', 0, 1),
(33, 13, 29, 1, '2020-06-06 13:08:59', '2020-06-06 13:08:59', 0, 1),
(34, 14, 10, 2, '2020-06-08 14:33:20', '2020-06-08 14:33:20', 0, 1),
(35, 14, 29, 2, '2020-06-08 14:33:20', '2020-06-08 14:33:20', 0, 1),
(36, 14, 1, 3, '2020-06-08 14:33:21', '2020-06-08 14:33:21', 0, 1),
(37, 15, 4, 3, '2020-06-08 14:38:57', '2020-06-08 14:38:57', 0, 1),
(38, 15, 5, 1, '2020-06-08 14:38:57', '2020-06-08 14:38:57', 0, 1),
(39, 15, 29, 6, '2020-06-08 14:38:58', '2020-06-08 14:38:58', 0, 1),
(40, 15, 32, 2, '2020-06-08 14:38:58', '2020-06-08 14:38:58', 0, 1),
(41, 15, 10, 12, '2020-06-08 14:38:58', '2020-06-08 14:38:58', 0, 1),
(42, 15, 14, 2, '2020-06-08 14:38:58', '2020-06-08 14:38:58', 0, 1),
(43, 15, 26, 3, '2020-06-08 14:38:58', '2020-06-08 14:38:58', 0, 1),
(44, 15, 18, 1, '2020-06-08 14:38:58', '2020-06-08 14:38:58', 0, 1),
(45, 16, 10, 4, '2020-06-08 14:40:51', '2020-06-08 14:40:51', 0, 1),
(46, 16, 1, 3, '2020-06-08 14:40:51', '2020-06-08 14:40:51', 0, 1),
(47, 16, 29, 1, '2020-06-08 14:40:51', '2020-06-08 14:40:51', 0, 1),
(48, 17, 10, 12, '2020-06-08 15:59:26', '2020-06-08 15:59:26', 0, 1),
(49, 17, 14, 2, '2020-06-08 15:59:26', '2020-06-08 15:59:26', 0, 1),
(50, 17, 22, 1, '2020-06-08 15:59:27', '2020-06-08 15:59:27', 0, 1),
(51, 17, 25, 1, '2020-06-08 15:59:27', '2020-06-08 15:59:27', 0, 1),
(52, 17, 26, 1, '2020-06-08 15:59:27', '2020-06-08 15:59:27', 0, 1),
(53, 17, 15, 7, '2020-06-08 15:59:27', '2020-06-08 15:59:27', 0, 1),
(54, 17, 19, 1, '2020-06-08 15:59:27', '2020-06-08 15:59:27', 0, 1),
(55, 17, 29, 3, '2020-06-08 15:59:27', '2020-06-08 15:59:27', 0, 1),
(56, 17, 32, 2, '2020-06-08 15:59:27', '2020-06-08 15:59:27', 0, 1),
(57, 17, 33, 1, '2020-06-08 15:59:28', '2020-06-08 15:59:28', 0, 1),
(58, 17, 1, 3, '2020-06-08 15:59:28', '2020-06-08 15:59:28', 0, 1),
(59, 18, 10, 6, '2020-06-08 16:00:46', '2020-06-08 16:00:46', 0, 1),
(60, 18, 14, 2, '2020-06-08 16:00:47', '2020-06-08 16:00:47', 0, 1),
(61, 18, 22, 2, '2020-06-08 16:00:47', '2020-06-08 16:00:47', 0, 1),
(62, 18, 25, 2, '2020-06-08 16:00:47', '2020-06-08 16:00:47', 0, 1),
(63, 18, 26, 1, '2020-06-08 16:00:47', '2020-06-08 16:00:47', 0, 1),
(64, 18, 32, 4, '2020-06-08 16:00:47', '2020-06-08 16:00:47', 0, 1),
(65, 18, 15, 1, '2020-06-08 16:00:47', '2020-06-08 16:00:47', 0, 1),
(66, 18, 18, 1, '2020-06-08 16:00:47', '2020-06-08 16:00:47', 0, 1),
(67, 18, 19, 1, '2020-06-08 16:00:47', '2020-06-08 16:00:47', 0, 1),
(68, 19, 29, 4, '2020-06-08 16:39:07', '2020-06-08 16:39:07', 0, 1),
(69, 19, 32, 2, '2020-06-08 16:39:07', '2020-06-08 16:39:07', 0, 1),
(70, 19, 15, 2, '2020-06-08 16:39:07', '2020-06-08 16:39:07', 0, 1),
(71, 19, 18, 1, '2020-06-08 16:39:08', '2020-06-08 16:39:08', 0, 1),
(72, 19, 22, 1, '2020-06-08 16:39:08', '2020-06-08 16:39:08', 0, 1),
(73, 19, 25, 2, '2020-06-08 16:39:08', '2020-06-08 16:39:08', 0, 1),
(74, 19, 1, 4, '2020-06-08 16:39:08', '2020-06-08 16:39:08', 0, 1),
(75, 19, 10, 3, '2020-06-08 16:39:08', '2020-06-08 16:39:08', 0, 1),
(76, 20, 32, 1, '2020-06-08 16:59:50', '2020-06-08 16:59:50', 0, 1),
(77, 20, 15, 2, '2020-06-08 16:59:50', '2020-06-08 16:59:50', 0, 1),
(78, 20, 10, 4, '2020-06-08 16:59:50', '2020-06-08 16:59:50', 0, 1),
(79, 20, 1, 4, '2020-06-08 16:59:50', '2020-06-08 16:59:50', 0, 1),
(80, 20, 4, 4, '2020-06-08 16:59:50', '2020-06-08 16:59:50', 0, 1),
(81, 20, 22, 2, '2020-06-08 16:59:50', '2020-06-08 16:59:50', 0, 1),
(82, 20, 25, 4, '2020-06-08 16:59:50', '2020-06-08 16:59:50', 0, 1),
(83, 21, 1, 2, '2020-06-09 13:13:22', '2020-06-09 13:13:22', 0, 1),
(84, 21, 15, 1, '2020-06-09 13:13:22', '2020-06-09 13:13:22', 0, 1),
(85, 21, 18, 1, '2020-06-09 13:13:22', '2020-06-09 13:13:22', 0, 1),
(86, 21, 19, 0, '2020-06-09 13:13:22', '2020-06-09 13:13:22', 0, 1),
(87, 21, 10, 3, '2020-06-09 13:13:22', '2020-06-09 13:13:22', 0, 1),
(88, 21, 14, 0, '2020-06-09 13:13:22', '2020-06-09 13:13:22', 0, 1),
(89, 21, 22, 5, '2020-06-09 13:13:22', '2020-06-09 13:13:22', 0, 1),
(90, 21, 25, 1, '2020-06-09 13:13:23', '2020-06-09 13:13:23', 0, 1),
(91, 21, 29, 0, '2020-06-09 13:13:23', '2020-06-09 13:13:23', 0, 1),
(92, 21, 32, 1, '2020-06-09 13:13:23', '2020-06-09 13:13:23', 0, 1),
(93, 22, 1, 1, '2020-06-09 13:31:13', '2020-06-09 13:31:13', 0, 1),
(94, 22, 10, 1, '2020-06-09 13:31:13', '2020-06-09 13:31:13', 0, 1),
(95, 22, 29, 2, '2020-06-09 13:31:13', '2020-06-09 13:31:13', 0, 1),
(96, 22, 32, 1, '2020-06-09 13:31:13', '2020-06-09 13:31:13', 0, 1),
(97, 22, 22, 2, '2020-06-09 13:31:14', '2020-06-09 13:31:14', 0, 1),
(98, 22, 15, 1, '2020-06-09 13:31:14', '2020-06-09 13:31:14', 0, 1),
(99, 22, 18, 1, '2020-06-09 13:31:14', '2020-06-09 13:31:14', 0, 1),
(100, 23, 14, 2, '2020-06-09 13:35:01', '2020-06-09 13:35:01', 0, 1),
(101, 23, 22, 1, '2020-06-09 13:35:01', '2020-06-09 13:35:01', 0, 1),
(102, 23, 1, 1, '2020-06-09 13:35:01', '2020-06-09 13:35:01', 0, 1),
(103, 24, 32, 1, '2020-06-09 13:43:58', '2020-06-09 13:43:58', 0, 1),
(104, 24, 4, 1, '2020-06-09 13:43:58', '2020-06-09 13:43:58', 0, 1),
(105, 24, 10, 4, '2020-06-09 13:43:58', '2020-06-09 13:43:58', 0, 1),
(106, 25, 14, 0, '2020-06-09 13:55:15', '2020-06-09 13:55:15', 0, 1),
(107, 25, 22, 1, '2020-06-09 13:55:15', '2020-06-09 13:55:15', 0, 1),
(108, 25, 25, 0, '2020-06-09 13:55:15', '2020-06-09 13:55:15', 0, 1),
(109, 25, 18, 1, '2020-06-09 13:55:15', '2020-06-09 13:55:15', 0, 1),
(110, 25, 1, 0, '2020-06-09 13:55:16', '2020-06-09 13:55:16', 0, 1),
(111, 25, 29, 1, '2020-06-09 13:55:16', '2020-06-09 13:55:16', 0, 1),
(112, 26, 4, 0, '2020-06-09 15:38:24', '2020-06-09 15:38:24', 0, 1),
(113, 26, 18, 0, '2020-06-09 15:38:24', '2020-06-09 15:38:24', 0, 1),
(114, 26, 33, 0, '2020-06-09 15:38:24', '2020-06-09 15:38:24', 0, 1),
(115, 26, 10, 3, '2020-06-09 15:38:25', '2020-06-09 15:38:25', 0, 1),
(116, 26, 14, 0, '2020-06-09 15:38:25', '2020-06-09 15:38:25', 0, 1),
(117, 26, 25, 0, '2020-06-09 15:38:25', '2020-06-09 15:38:25', 0, 1),
(118, 27, 29, 2, '2020-06-09 15:41:43', '2020-06-09 15:41:43', 0, 1),
(119, 27, 1, 1, '2020-06-09 15:41:43', '2020-06-09 15:41:43', 0, 1),
(120, 28, 22, 8, '2020-06-09 15:49:30', '2020-06-09 15:49:30', 0, 1),
(121, 28, 25, 2, '2020-06-09 15:49:30', '2020-06-09 15:49:30', 0, 1),
(122, 28, 15, 4, '2020-06-09 15:49:30', '2020-06-09 15:49:30', 0, 1),
(123, 28, 18, 1, '2020-06-09 15:49:30', '2020-06-09 15:49:30', 0, 1),
(124, 28, 19, 2, '2020-06-09 15:49:31', '2020-06-09 15:49:31', 0, 1),
(125, 28, 29, 26, '2020-06-09 15:49:31', '2020-06-09 15:49:31', 0, 1),
(126, 28, 10, 7, '2020-06-09 15:49:31', '2020-06-09 15:49:31', 0, 1),
(127, 28, 14, 1, '2020-06-09 15:49:31', '2020-06-09 15:49:31', 0, 1),
(128, 28, 1, 3, '2020-06-09 15:49:31', '2020-06-09 15:49:31', 0, 1),
(129, 29, 10, 7, '2020-06-09 15:51:13', '2020-06-09 15:51:13', 0, 1),
(130, 29, 29, 1, '2020-06-09 15:51:13', '2020-06-09 15:51:13', 0, 1),
(131, 30, 10, 20, '2020-06-09 15:55:47', '2020-06-09 15:55:47', 0, 1),
(132, 30, 15, 19, '2020-06-09 15:55:47', '2020-06-09 15:55:47', 0, 1),
(133, 30, 1, 28, '2020-06-09 15:55:47', '2020-06-09 15:55:47', 0, 1),
(134, 30, 22, 12, '2020-06-09 15:55:48', '2020-06-09 15:55:48', 0, 1),
(135, 30, 29, 20, '2020-06-09 15:55:48', '2020-06-09 15:55:48', 0, 1),
(136, 31, 29, 2, '2020-06-10 09:49:30', '2020-06-10 09:49:30', 0, 1),
(137, 32, 15, 3, '2020-06-10 10:15:47', '2020-06-10 10:15:47', 0, 1),
(138, 32, 29, 1, '2020-06-10 10:15:48', '2020-06-10 10:15:48', 0, 1),
(139, 32, 22, 2, '2020-06-10 10:15:49', '2020-06-10 10:15:49', 0, 1),
(140, 32, 25, 1, '2020-06-10 10:15:50', '2020-06-10 10:15:50', 0, 1),
(141, 32, 10, 1, '2020-06-10 10:15:51', '2020-06-10 10:15:51', 0, 1),
(142, 33, 10, 6, '2020-06-10 10:20:55', '2020-06-10 10:20:55', 0, 1),
(143, 34, 10, 1, '2020-06-10 13:16:46', '2020-06-10 13:16:46', 0, 1),
(144, 34, 14, 0, '2020-06-10 13:16:46', '2020-06-10 13:16:46', 0, 1),
(145, 34, 22, 0, '2020-06-10 13:16:47', '2020-06-10 13:16:47', 0, 1),
(146, 34, 25, 2, '2020-06-10 13:16:47', '2020-06-10 13:16:47', 0, 1),
(147, 34, 1, 1, '2020-06-10 13:16:47', '2020-06-10 13:16:47', 0, 1),
(148, 34, 29, 6, '2020-06-10 13:16:48', '2020-06-10 13:16:48', 0, 1),
(149, 35, 10, 3, '2020-06-10 13:27:34', '2020-06-10 13:27:34', 0, 1),
(150, 36, 10, 6, '2020-06-10 13:39:05', '2020-06-10 13:39:05', 0, 1),
(151, 37, 29, 20, '2020-06-10 16:38:12', '2020-06-10 16:38:12', 0, 1),
(152, 37, 10, 20, '2020-06-10 16:38:12', '2020-06-10 16:38:12', 0, 1),
(153, 37, 18, 2, '2020-06-10 16:38:12', '2020-06-10 16:38:12', 0, 1),
(154, 37, 19, 6, '2020-06-10 16:38:13', '2020-06-10 16:38:13', 0, 1),
(155, 37, 1, 10, '2020-06-10 16:38:13', '2020-06-10 16:38:13', 0, 1),
(156, 37, 22, 4, '2020-06-10 16:38:13', '2020-06-10 16:38:13', 0, 1),
(157, 38, 1, 1, '2020-06-11 17:24:09', '2020-06-11 17:24:09', 0, 1),
(158, 38, 10, 3, '2020-06-11 17:24:09', '2020-06-11 17:24:09', 0, 1),
(159, 39, 29, 3, '2020-06-11 17:25:46', '2020-06-11 17:25:46', 0, 1),
(160, 39, 26, 1, '2020-06-11 17:25:46', '2020-06-11 17:25:46', 0, 1),
(161, 40, 1, 4, '2020-06-11 17:50:05', '2020-06-11 17:50:05', 0, 1),
(162, 40, 4, 1, '2020-06-11 17:50:05', '2020-06-11 17:50:05', 0, 1),
(163, 40, 22, 4, '2020-06-11 17:50:05', '2020-06-11 17:50:05', 0, 1),
(164, 40, 25, 3, '2020-06-11 17:50:05', '2020-06-11 17:50:05', 0, 1),
(165, 40, 29, 9, '2020-06-11 17:50:05', '2020-06-11 17:50:05', 0, 1),
(166, 40, 10, 5, '2020-06-11 17:50:05', '2020-06-11 17:50:05', 0, 1),
(167, 40, 18, 1, '2020-06-11 17:50:05', '2020-06-11 17:50:05', 0, 1),
(168, 41, 22, 2, '2020-06-12 10:28:38', '2020-06-12 10:28:38', 0, 1),
(169, 41, 10, 2, '2020-06-12 10:28:39', '2020-06-12 10:28:39', 0, 1),
(170, 41, 15, 2, '2020-06-12 10:28:39', '2020-06-12 10:28:39', 0, 1),
(171, 41, 29, 2, '2020-06-12 10:28:39', '2020-06-12 10:28:39', 0, 1),
(172, 41, 1, 3, '2020-06-12 10:28:39', '2020-06-12 10:28:39', 0, 1),
(173, 42, 29, 4, '2020-06-12 10:48:22', '2020-06-12 10:48:22', 0, 1),
(174, 43, 29, 4, '2020-06-12 13:06:12', '2020-06-12 13:06:12', 0, 1),
(175, 43, 33, 0, '2020-06-12 13:06:12', '2020-06-12 13:06:12', 0, 1),
(176, 43, 15, 0, '2020-06-12 13:06:12', '2020-06-12 13:06:12', 0, 1),
(177, 43, 18, 0, '2020-06-12 13:06:12', '2020-06-12 13:06:12', 0, 1),
(178, 43, 19, 0, '2020-06-12 13:06:13', '2020-06-12 13:06:13', 0, 1),
(179, 43, 10, 0, '2020-06-12 13:06:13', '2020-06-12 13:06:13', 0, 1),
(180, 43, 14, 1, '2020-06-12 13:06:13', '2020-06-12 13:06:13', 0, 1),
(181, 43, 1, 1, '2020-06-12 13:06:13', '2020-06-12 13:06:13', 0, 1),
(182, 43, 4, 0, '2020-06-12 13:06:13', '2020-06-12 13:06:13', 0, 1),
(183, 43, 5, 0, '2020-06-12 13:06:13', '2020-06-12 13:06:13', 0, 1),
(184, 43, 25, 0, '2020-06-12 13:06:13', '2020-06-12 13:06:13', 0, 1),
(185, 44, 4, 1, '2020-06-12 13:59:21', '2020-06-12 13:59:21', 0, 1),
(186, 44, 10, 4, '2020-06-12 13:59:21', '2020-06-12 13:59:21', 0, 1),
(187, 44, 25, 1, '2020-06-12 13:59:23', '2020-06-12 13:59:23', 0, 1),
(188, 44, 15, 3, '2020-06-12 13:59:23', '2020-06-12 13:59:23', 0, 1),
(189, 44, 29, 4, '2020-06-12 13:59:24', '2020-06-12 13:59:24', 0, 1),
(190, 45, 10, 8, '2020-06-12 17:37:11', '2020-06-12 17:37:11', 0, 1),
(191, 45, 14, 2, '2020-06-12 17:37:11', '2020-06-12 17:37:11', 0, 1),
(192, 45, 29, 20, '2020-06-12 17:37:11', '2020-06-12 17:37:11', 0, 1),
(193, 45, 32, 5, '2020-06-12 17:37:12', '2020-06-12 17:37:12', 0, 1),
(194, 45, 1, 18, '2020-06-12 17:37:13', '2020-06-12 17:37:13', 0, 1),
(195, 45, 22, 8, '2020-06-12 17:37:13', '2020-06-12 17:37:13', 0, 1),
(196, 45, 15, 8, '2020-06-12 17:37:13', '2020-06-12 17:37:13', 0, 1),
(197, 45, 19, 2, '2020-06-12 17:37:13', '2020-06-12 17:37:13', 0, 1),
(198, 46, 29, 10, '2020-06-12 17:39:52', '2020-06-12 17:39:52', 0, 1),
(199, 46, 15, 10, '2020-06-12 17:39:53', '2020-06-12 17:39:53', 0, 1),
(200, 47, 1, 1, '2020-06-12 17:42:08', '2020-06-12 17:42:08', 0, 1),
(201, 47, 29, 1, '2020-06-12 17:42:08', '2020-06-12 17:42:08', 0, 1),
(202, 48, 1, 10, '2020-06-12 17:47:10', '2020-06-12 17:47:10', 0, 1),
(203, 48, 10, 20, '2020-06-12 17:47:10', '2020-06-12 17:47:10', 0, 1),
(204, 48, 22, 20, '2020-06-12 17:47:11', '2020-06-12 17:47:11', 0, 1),
(205, 48, 15, 30, '2020-06-12 17:47:11', '2020-06-12 17:47:11', 0, 1),
(206, 48, 29, 20, '2020-06-12 17:47:11', '2020-06-12 17:47:11', 0, 1),
(207, 49, 29, 6, '2020-06-13 11:52:39', '2020-06-13 11:52:39', 0, 1),
(208, 49, 33, 1, '2020-06-13 11:52:40', '2020-06-13 11:52:40', 0, 1),
(209, 49, 19, 1, '2020-06-13 11:52:40', '2020-06-13 11:52:40', 0, 1),
(210, 49, 26, 2, '2020-06-13 11:52:40', '2020-06-13 11:52:40', 0, 1),
(211, 49, 10, 2, '2020-06-13 11:52:40', '2020-06-13 11:52:40', 0, 1),
(212, 50, 10, 1, '2020-06-13 17:01:58', '2020-06-13 17:01:58', 0, 1),
(213, 50, 29, 2, '2020-06-13 17:01:59', '2020-06-13 17:01:59', 0, 1),
(214, 50, 22, 1, '2020-06-13 17:01:59', '2020-06-13 17:01:59', 0, 1),
(215, 50, 15, 1, '2020-06-13 17:01:59', '2020-06-13 17:01:59', 0, 1),
(216, 51, 29, 1, '2020-06-14 16:31:57', '2020-06-14 16:31:57', 0, 1),
(217, 51, 33, 1, '2020-06-14 16:31:57', '2020-06-14 16:31:57', 0, 1),
(218, 51, 5, 1, '2020-06-14 16:31:57', '2020-06-14 16:31:57', 0, 1),
(219, 51, 10, 8, '2020-06-14 16:31:57', '2020-06-14 16:31:57', 0, 1),
(220, 51, 15, 7, '2020-06-14 16:31:58', '2020-06-14 16:31:58', 0, 1),
(221, 51, 18, 1, '2020-06-14 16:31:59', '2020-06-14 16:31:59', 0, 1),
(222, 51, 22, 2, '2020-06-14 16:32:00', '2020-06-14 16:32:00', 0, 1),
(223, 52, 26, 1, '2020-06-14 18:15:56', '2020-06-14 18:15:56', 0, 1),
(224, 53, 10, 1, '2020-06-14 18:24:48', '2020-06-14 18:24:48', 0, 1),
(225, 54, 10, 2, '2020-06-15 11:43:09', '2020-06-15 11:43:09', 0, 1),
(226, 54, 15, 0, '2020-06-15 11:43:10', '2020-06-15 11:43:10', 0, 1),
(227, 54, 29, 1, '2020-06-15 11:43:10', '2020-06-15 11:43:10', 0, 1),
(228, 54, 22, 0, '2020-06-15 11:43:10', '2020-06-15 11:43:10', 0, 1),
(229, 54, 4, 0, '2020-06-15 11:43:10', '2020-06-15 11:43:10', 0, 1),
(230, 55, 10, 4, '2020-06-15 13:35:24', '2020-06-15 13:35:24', 0, 1),
(231, 56, 14, 2, '2020-06-15 13:50:30', '2020-06-15 13:50:30', 0, 1),
(232, 56, 19, 2, '2020-06-15 13:50:31', '2020-06-15 13:50:31', 0, 1),
(233, 56, 26, 2, '2020-06-15 13:50:31', '2020-06-15 13:50:31', 0, 1),
(234, 56, 4, 2, '2020-06-15 13:50:32', '2020-06-15 13:50:32', 0, 1),
(235, 56, 5, 1, '2020-06-15 13:50:32', '2020-06-15 13:50:32', 0, 1),
(236, 57, 10, 1, '2020-06-16 10:47:35', '2020-06-16 10:47:35', 0, 1),
(237, 57, 15, 1, '2020-06-16 10:47:35', '2020-06-16 10:47:35', 0, 1),
(238, 58, 10, 1, '2020-06-16 11:18:47', '2020-06-16 11:18:47', 0, 1),
(239, 58, 15, 1, '2020-06-16 11:18:47', '2020-06-16 11:18:47', 0, 1),
(240, 59, 22, 2, '2020-06-16 11:49:18', '2020-06-16 11:49:18', 0, 1),
(241, 59, 1, 2, '2020-06-16 11:49:18', '2020-06-16 11:49:18', 0, 1),
(242, 59, 10, 1, '2020-06-16 11:49:19', '2020-06-16 11:49:19', 0, 1),
(243, 59, 29, 2, '2020-06-16 11:49:20', '2020-06-16 11:49:20', 0, 1),
(244, 59, 15, 0, '2020-06-16 11:49:20', '2020-06-16 11:49:20', 0, 1),
(245, 60, 29, 1, '2020-06-16 13:24:43', '2020-06-16 13:24:43', 0, 1),
(246, 60, 32, 1, '2020-06-16 13:24:43', '2020-06-16 13:24:43', 0, 1),
(247, 60, 22, 1, '2020-06-16 13:24:43', '2020-06-16 13:24:43', 0, 1),
(248, 60, 25, 0, '2020-06-16 13:24:43', '2020-06-16 13:24:43', 0, 1),
(249, 60, 15, 1, '2020-06-16 13:24:44', '2020-06-16 13:24:44', 0, 1),
(250, 60, 18, 0, '2020-06-16 13:24:44', '2020-06-16 13:24:44', 0, 1),
(251, 60, 1, 2, '2020-06-16 13:24:44', '2020-06-16 13:24:44', 0, 1),
(252, 60, 4, 0, '2020-06-16 13:24:45', '2020-06-16 13:24:45', 0, 1),
(253, 60, 10, 0, '2020-06-16 13:24:45', '2020-06-16 13:24:45', 0, 1),
(254, 61, 29, 2, '2020-06-16 14:10:54', '2020-06-16 14:10:54', 0, 1),
(255, 61, 32, 1, '2020-06-16 14:10:55', '2020-06-16 14:10:55', 0, 1),
(256, 61, 15, 0, '2020-06-16 14:10:56', '2020-06-16 14:10:56', 0, 1),
(257, 61, 18, 0, '2020-06-16 14:10:56', '2020-06-16 14:10:56', 0, 1),
(258, 61, 10, 4, '2020-06-16 14:10:56', '2020-06-16 14:10:56', 0, 1),
(259, 61, 22, 2, '2020-06-16 14:10:56', '2020-06-16 14:10:56', 0, 1),
(260, 61, 1, 0, '2020-06-16 14:10:56', '2020-06-16 14:10:56', 0, 1),
(261, 62, 14, 2, '2020-06-16 15:38:26', '2020-06-16 15:38:26', 0, 1),
(262, 62, 22, 2, '2020-06-16 15:38:26', '2020-06-16 15:38:26', 0, 1),
(263, 62, 26, 1, '2020-06-16 15:38:27', '2020-06-16 15:38:27', 0, 1),
(264, 63, 10, 5, '2020-06-16 19:04:05', '2020-06-16 19:04:05', 0, 1),
(265, 63, 1, 2, '2020-06-16 19:04:05', '2020-06-16 19:04:05', 0, 1),
(266, 63, 22, 1, '2020-06-16 19:04:05', '2020-06-16 19:04:05', 0, 1),
(267, 64, 10, 7, '2020-06-17 11:53:03', '2020-06-17 11:53:03', 0, 1),
(268, 64, 15, 2, '2020-06-17 11:53:04', '2020-06-17 11:53:04', 0, 1),
(269, 64, 29, 2, '2020-06-17 11:53:04', '2020-06-17 11:53:04', 0, 1),
(270, 64, 22, 1, '2020-06-17 11:53:04', '2020-06-17 11:53:04', 0, 1),
(271, 65, 10, 3, '2020-06-17 12:36:51', '2020-06-17 12:36:51', 0, 1),
(272, 65, 22, 3, '2020-06-17 12:36:51', '2020-06-17 12:36:51', 0, 1),
(273, 65, 1, 6, '2020-06-17 12:36:51', '2020-06-17 12:36:51', 0, 1),
(274, 66, 10, 7, '2020-06-17 13:01:15', '2020-06-17 13:01:15', 0, 1),
(275, 66, 22, 1, '2020-06-17 13:01:15', '2020-06-17 13:01:15', 0, 1),
(276, 66, 29, 2, '2020-06-17 13:01:16', '2020-06-17 13:01:16', 0, 1),
(277, 66, 15, 2, '2020-06-17 13:01:16', '2020-06-17 13:01:16', 0, 1),
(278, 68, 5, 1, '2020-06-17 13:23:23', '2020-06-17 13:23:23', 0, 1),
(279, 68, 14, 1, '2020-06-17 13:23:24', '2020-06-17 13:23:24', 0, 1),
(280, 68, 26, 1, '2020-06-17 13:23:24', '2020-06-17 13:23:24', 0, 1),
(281, 68, 19, 1, '2020-06-17 13:23:24', '2020-06-17 13:23:24', 0, 1),
(282, 69, 10, 3, '2020-06-17 14:41:23', '2020-06-17 14:41:23', 0, 1),
(283, 69, 22, 1, '2020-06-17 14:41:23', '2020-06-17 14:41:23', 0, 1),
(284, 70, 22, 3, '2020-06-17 15:52:58', '2020-06-17 15:52:58', 0, 1),
(285, 70, 10, 2, '2020-06-17 15:52:58', '2020-06-17 15:52:58', 0, 1),
(286, 70, 15, 1, '2020-06-17 15:52:58', '2020-06-17 15:52:58', 0, 1),
(287, 71, 22, 3, '2020-06-18 14:40:49', '2020-06-18 14:40:49', 0, 1),
(288, 71, 25, 2, '2020-06-18 14:40:49', '2020-06-18 14:40:49', 0, 1),
(289, 71, 29, 3, '2020-06-18 14:40:50', '2020-06-18 14:40:50', 0, 1),
(290, 71, 32, 1, '2020-06-18 14:40:51', '2020-06-18 14:40:51', 0, 1),
(291, 71, 15, 3, '2020-06-18 14:40:51', '2020-06-18 14:40:51', 0, 1),
(292, 71, 18, 1, '2020-06-18 14:40:51', '2020-06-18 14:40:51', 0, 1),
(293, 71, 19, 1, '2020-06-18 14:40:51', '2020-06-18 14:40:51', 0, 1),
(294, 71, 1, 3, '2020-06-18 14:40:51', '2020-06-18 14:40:51', 0, 1),
(295, 71, 10, 3, '2020-06-18 14:40:51', '2020-06-18 14:40:51', 0, 1),
(296, 72, 29, 4, '2020-06-18 14:47:42', '2020-06-18 14:47:42', 0, 1),
(297, 72, 32, 1, '2020-06-18 14:47:42', '2020-06-18 14:47:42', 0, 1),
(298, 72, 1, 1, '2020-06-18 14:47:42', '2020-06-18 14:47:42', 0, 1),
(299, 72, 4, 1, '2020-06-18 14:47:43', '2020-06-18 14:47:43', 0, 1),
(300, 72, 15, 1, '2020-06-18 14:47:43', '2020-06-18 14:47:43', 0, 1),
(301, 72, 10, 1, '2020-06-18 14:47:43', '2020-06-18 14:47:43', 0, 1),
(302, 72, 25, 2, '2020-06-18 14:47:43', '2020-06-18 14:47:43', 0, 1),
(303, 72, 26, 2, '2020-06-18 14:47:43', '2020-06-18 14:47:43', 0, 1),
(304, 73, 1, 0, '2020-06-18 16:36:45', '2020-06-18 16:36:45', 0, 1),
(305, 73, 4, 0, '2020-06-18 16:36:45', '2020-06-18 16:36:45', 0, 1),
(306, 73, 10, 1, '2020-06-18 16:36:45', '2020-06-18 16:36:45', 0, 1),
(307, 73, 22, 4, '2020-06-18 16:36:46', '2020-06-18 16:36:46', 0, 1),
(308, 73, 25, 0, '2020-06-18 16:36:46', '2020-06-18 16:36:46', 0, 1),
(309, 73, 29, 1, '2020-06-18 16:36:47', '2020-06-18 16:36:47', 0, 1),
(310, 73, 15, 0, '2020-06-18 16:36:47', '2020-06-18 16:36:47', 0, 1),
(311, 73, 18, 0, '2020-06-18 16:36:47', '2020-06-18 16:36:47', 0, 1),
(312, 74, 10, 1, '2020-06-18 17:11:26', '2020-06-18 17:11:26', 0, 1),
(313, 74, 22, 4, '2020-06-18 17:11:26', '2020-06-18 17:11:26', 0, 1),
(314, 74, 29, 1, '2020-06-18 17:11:26', '2020-06-18 17:11:26', 0, 1),
(315, 75, 10, 5, '2020-06-18 17:36:06', '2020-06-18 17:36:06', 0, 1),
(316, 75, 22, 2, '2020-06-18 17:36:06', '2020-06-18 17:36:06', 0, 1),
(317, 75, 29, 1, '2020-06-18 17:36:06', '2020-06-18 17:36:06', 0, 1),
(318, 75, 15, 2, '2020-06-18 17:36:06', '2020-06-18 17:36:06', 0, 1),
(319, 76, 25, 1, '2020-06-18 17:41:53', '2020-06-18 17:41:53', 0, 1),
(320, 77, 10, 4, '2020-06-19 17:19:56', '2020-06-19 17:19:56', 0, 1),
(321, 77, 22, 3, '2020-06-19 17:19:56', '2020-06-19 17:19:56', 0, 1),
(322, 77, 15, 2, '2020-06-19 17:19:56', '2020-06-19 17:19:56', 0, 1),
(323, 77, 1, 7, '2020-06-19 17:19:56', '2020-06-19 17:19:56', 0, 1),
(324, 78, 33, 1, '2020-06-19 17:32:45', '2020-06-19 17:32:45', 0, 1),
(325, 78, 19, 2, '2020-06-19 17:32:45', '2020-06-19 17:32:45', 0, 1),
(326, 78, 14, 1, '2020-06-19 17:32:46', '2020-06-19 17:32:46', 0, 1),
(327, 79, 15, 1, '2020-06-19 17:33:39', '2020-06-19 17:33:39', 0, 1),
(328, 79, 18, 1, '2020-06-19 17:33:40', '2020-06-19 17:33:40', 0, 1),
(329, 79, 1, 1, '2020-06-19 17:33:40', '2020-06-19 17:33:40', 0, 1),
(330, 79, 4, 1, '2020-06-19 17:33:40', '2020-06-19 17:33:40', 0, 1),
(331, 79, 10, 7, '2020-06-19 17:33:40', '2020-06-19 17:33:40', 0, 1),
(332, 79, 22, 8, '2020-06-19 17:33:40', '2020-06-19 17:33:40', 0, 1),
(333, 79, 25, 1, '2020-06-19 17:33:40', '2020-06-19 17:33:40', 0, 1),
(334, 79, 29, 1, '2020-06-19 17:33:40', '2020-06-19 17:33:40', 0, 1),
(335, 80, 29, 2, '2020-06-19 17:34:42', '2020-06-19 17:34:42', 0, 1),
(336, 80, 32, 1, '2020-06-19 17:34:42', '2020-06-19 17:34:42', 0, 1),
(337, 80, 22, 2, '2020-06-19 17:34:42', '2020-06-19 17:34:42', 0, 1),
(338, 80, 25, 1, '2020-06-19 17:34:42', '2020-06-19 17:34:42', 0, 1),
(339, 80, 26, 1, '2020-06-19 17:34:43', '2020-06-19 17:34:43', 0, 1),
(340, 81, 10, 1, '2020-06-20 11:23:49', '2020-06-20 11:23:49', 0, 1),
(341, 81, 15, 1, '2020-06-20 11:23:49', '2020-06-20 11:23:49', 0, 1),
(342, 81, 32, 1, '2020-06-20 11:23:49', '2020-06-20 11:23:49', 0, 1),
(343, 81, 26, 1, '2020-06-20 11:23:49', '2020-06-20 11:23:49', 0, 1),
(344, 82, 29, 1, '2020-06-20 12:04:38', '2020-06-20 12:04:38', 0, 1),
(345, 82, 32, 0, '2020-06-20 12:04:38', '2020-06-20 12:04:38', 0, 1),
(346, 82, 15, 1, '2020-06-20 12:04:38', '2020-06-20 12:04:38', 0, 1),
(347, 82, 18, 0, '2020-06-20 12:04:38', '2020-06-20 12:04:38', 0, 1),
(348, 82, 19, 0, '2020-06-20 12:04:38', '2020-06-20 12:04:38', 0, 1),
(349, 82, 22, 2, '2020-06-20 12:04:38', '2020-06-20 12:04:38', 0, 1),
(350, 82, 25, 1, '2020-06-20 12:04:38', '2020-06-20 12:04:38', 0, 1),
(351, 82, 26, 0, '2020-06-20 12:04:38', '2020-06-20 12:04:38', 0, 1),
(352, 82, 10, 5, '2020-06-20 12:04:39', '2020-06-20 12:04:39', 0, 1),
(353, 83, 1, 4, '2020-06-20 15:06:21', '2020-06-20 15:06:21', 0, 1),
(354, 83, 4, 0, '2020-06-20 15:06:21', '2020-06-20 15:06:21', 0, 1),
(355, 83, 15, 5, '2020-06-20 15:06:21', '2020-06-20 15:06:21', 0, 1),
(356, 83, 19, 0, '2020-06-20 15:06:21', '2020-06-20 15:06:21', 0, 1),
(357, 83, 22, 1, '2020-06-20 15:06:21', '2020-06-20 15:06:21', 0, 1),
(358, 83, 25, 1, '2020-06-20 15:06:21', '2020-06-20 15:06:21', 0, 1),
(359, 83, 26, 0, '2020-06-20 15:06:21', '2020-06-20 15:06:21', 0, 1),
(360, 83, 29, 4, '2020-06-20 15:06:22', '2020-06-20 15:06:22', 0, 1),
(361, 83, 32, 2, '2020-06-20 15:06:22', '2020-06-20 15:06:22', 0, 1),
(362, 83, 10, 7, '2020-06-20 15:06:22', '2020-06-20 15:06:22', 0, 1),
(363, 83, 14, 1, '2020-06-20 15:06:22', '2020-06-20 15:06:22', 0, 1),
(364, 84, 15, 2, '2020-06-20 15:43:37', '2020-06-20 15:43:37', 0, 1),
(365, 84, 18, 0, '2020-06-20 15:43:37', '2020-06-20 15:43:37', 0, 1),
(366, 84, 19, 0, '2020-06-20 15:43:37', '2020-06-20 15:43:37', 0, 1),
(367, 84, 10, 2, '2020-06-20 15:43:37', '2020-06-20 15:43:37', 0, 1),
(368, 84, 14, 0, '2020-06-20 15:43:38', '2020-06-20 15:43:38', 0, 1),
(369, 84, 25, 1, '2020-06-20 15:43:38', '2020-06-20 15:43:38', 0, 1),
(370, 84, 26, 0, '2020-06-20 15:43:38', '2020-06-20 15:43:38', 0, 1),
(371, 84, 29, 3, '2020-06-20 15:43:38', '2020-06-20 15:43:38', 0, 1),
(372, 84, 32, 1, '2020-06-20 15:43:39', '2020-06-20 15:43:39', 0, 1),
(373, 84, 33, 0, '2020-06-20 15:43:39', '2020-06-20 15:43:39', 0, 1),
(374, 84, 1, 1, '2020-06-20 15:43:39', '2020-06-20 15:43:39', 0, 1),
(375, 84, 4, 0, '2020-06-20 15:43:39', '2020-06-20 15:43:39', 0, 1),
(376, 85, 22, 7, '2020-06-20 16:01:22', '2020-06-20 16:01:22', 0, 1),
(377, 85, 15, 6, '2020-06-20 16:01:22', '2020-06-20 16:01:22', 0, 1),
(378, 85, 10, 7, '2020-06-20 16:01:22', '2020-06-20 16:01:22', 0, 1),
(379, 85, 1, 7, '2020-06-20 16:01:22', '2020-06-20 16:01:22', 0, 1),
(380, 85, 29, 3, '2020-06-20 16:01:22', '2020-06-20 16:01:22', 0, 1),
(381, 86, 10, 3, '2020-06-20 17:10:55', '2020-06-20 17:10:55', 0, 1),
(382, 86, 14, 1, '2020-06-20 17:10:55', '2020-06-20 17:10:55', 0, 1),
(383, 86, 15, 2, '2020-06-20 17:10:56', '2020-06-20 17:10:56', 0, 1),
(384, 86, 18, 0, '2020-06-20 17:10:56', '2020-06-20 17:10:56', 0, 1),
(385, 86, 1, 3, '2020-06-20 17:10:56', '2020-06-20 17:10:56', 0, 1),
(386, 86, 4, 1, '2020-06-20 17:10:56', '2020-06-20 17:10:56', 0, 1),
(387, 86, 32, 1, '2020-06-20 17:10:56', '2020-06-20 17:10:56', 0, 1),
(388, 86, 22, 2, '2020-06-20 17:10:56', '2020-06-20 17:10:56', 0, 1),
(389, 86, 25, 0, '2020-06-20 17:10:56', '2020-06-20 17:10:56', 0, 1),
(390, 87, 10, 4, '2020-06-20 17:24:04', '2020-06-20 17:24:04', 0, 1),
(391, 87, 29, 4, '2020-06-20 17:24:04', '2020-06-20 17:24:04', 0, 1),
(392, 87, 32, 1, '2020-06-20 17:24:04', '2020-06-20 17:24:04', 0, 1),
(393, 87, 25, 1, '2020-06-20 17:24:04', '2020-06-20 17:24:04', 0, 1),
(394, 87, 26, 2, '2020-06-20 17:24:04', '2020-06-20 17:24:04', 0, 1),
(395, 88, 10, 2, '2020-06-22 12:13:57', '2020-06-22 12:13:57', 0, 1),
(396, 88, 1, 1, '2020-06-22 12:13:57', '2020-06-22 12:13:57', 0, 1),
(397, 89, 10, 1, '2020-06-22 15:35:08', '2020-06-22 15:35:08', 0, 1),
(398, 89, 1, 1, '2020-06-22 15:35:08', '2020-06-22 15:35:08', 0, 1),
(399, 90, 33, 1, '2020-06-22 17:42:54', '2020-06-22 17:42:54', 0, 1),
(400, 90, 19, 1, '2020-06-22 17:42:54', '2020-06-22 17:42:54', 0, 1),
(401, 91, 32, 1, '2020-06-22 17:58:11', '2020-06-22 17:58:11', 0, 1),
(402, 92, 32, 1, '2020-06-22 17:59:35', '2020-06-22 17:59:35', 0, 1),
(403, 92, 25, 1, '2020-06-22 17:59:35', '2020-06-22 17:59:35', 0, 1),
(404, 93, 10, 3, '2020-06-22 18:14:16', '2020-06-22 18:14:16', 0, 1),
(405, 94, 10, 1, '2020-06-22 18:25:58', '2020-06-22 18:25:58', 0, 1),
(406, 94, 32, 1, '2020-06-22 18:25:58', '2020-06-22 18:25:58', 0, 1),
(407, 94, 1, 1, '2020-06-22 18:25:59', '2020-06-22 18:25:59', 0, 1),
(408, 95, 26, 2, '2020-06-23 09:28:53', '2020-06-23 09:28:53', 0, 1),
(409, 96, 26, 2, '2020-06-23 10:11:43', '2020-06-23 10:11:43', 0, 1),
(410, 97, 10, 4, '2020-06-23 11:46:48', '2020-06-23 11:46:48', 0, 1),
(411, 97, 14, 1, '2020-06-23 11:46:48', '2020-06-23 11:46:48', 0, 1),
(412, 97, 4, 1, '2020-06-23 11:46:49', '2020-06-23 11:46:49', 0, 1),
(413, 97, 15, 2, '2020-06-23 11:46:49', '2020-06-23 11:46:49', 0, 1),
(414, 97, 22, 5, '2020-06-23 11:46:49', '2020-06-23 11:46:49', 0, 1),
(415, 97, 26, 1, '2020-06-23 11:46:50', '2020-06-23 11:46:50', 0, 1),
(416, 98, 1, 2, '2020-06-23 13:10:51', '2020-06-23 13:10:51', 0, 1),
(417, 99, 25, 1, '2020-06-23 13:13:26', '2020-06-23 13:13:26', 0, 1),
(418, 100, 22, 5, '2020-06-23 13:27:32', '2020-06-23 13:27:32', 0, 1),
(419, 101, 10, 1, '2020-06-23 16:51:41', '2020-06-23 16:51:41', 0, 1),
(420, 102, 10, 3, '2020-06-23 17:31:22', '2020-06-23 17:31:22', 0, 1),
(421, 103, 1, 2, '2020-06-24 13:06:46', '2020-06-24 13:06:46', 0, 1),
(422, 103, 15, 3, '2020-06-24 13:06:46', '2020-06-24 13:06:46', 0, 1),
(423, 103, 22, 2, '2020-06-24 13:06:46', '2020-06-24 13:06:46', 0, 1),
(424, 103, 25, 0, '2020-06-24 13:06:47', '2020-06-24 13:06:47', 0, 1),
(425, 103, 32, 1, '2020-06-24 13:06:47', '2020-06-24 13:06:47', 0, 1),
(426, 103, 10, 5, '2020-06-24 13:06:47', '2020-06-24 13:06:47', 0, 1),
(427, 104, 1, 1, '2020-06-24 13:51:50', '2020-06-24 13:51:50', 0, 1),
(428, 104, 10, 1, '2020-06-24 13:51:50', '2020-06-24 13:51:50', 0, 1),
(430, 106, 1, 1, '2020-06-24 17:44:02', '2020-06-24 17:44:02', 0, 1),
(431, 106, 15, 1, '2020-06-24 17:44:02', '2020-06-24 17:44:02', 0, 1),
(432, 106, 10, 1, '2020-06-24 17:44:02', '2020-06-24 17:44:02', 0, 1),
(433, 107, 10, 3, '2020-06-24 17:48:25', '2020-06-24 17:48:25', 0, 1),
(434, 107, 14, 1, '2020-06-24 17:48:26', '2020-06-24 17:48:26', 0, 1),
(435, 108, 1, 5, '2020-06-24 18:08:37', '2020-06-24 18:08:37', 0, 1),
(436, 108, 10, 1, '2020-06-24 18:08:37', '2020-06-24 18:08:37', 0, 1),
(437, 109, 25, 1, '2020-06-24 18:12:32', '2020-06-24 18:12:32', 0, 1),
(438, 110, 1, 1, '2020-06-24 18:20:43', '2020-06-24 18:20:43', 0, 1),
(439, 111, 1, 6, '2020-06-25 12:23:15', '2020-06-25 12:23:15', 0, 1),
(440, 111, 10, 5, '2020-06-25 12:23:15', '2020-06-25 12:23:15', 0, 1),
(441, 111, 22, 5, '2020-06-25 12:23:15', '2020-06-25 12:23:15', 0, 1),
(442, 111, 15, 2, '2020-06-25 12:23:16', '2020-06-25 12:23:16', 0, 1),
(443, 112, 10, 3, '2020-06-25 13:18:55', '2020-06-25 13:18:55', 0, 1),
(444, 113, 1, 1, '2020-06-25 15:38:43', '2020-06-25 15:38:43', 0, 1),
(445, 113, 10, 2, '2020-06-25 15:38:43', '2020-06-25 15:38:43', 0, 1),
(446, 114, 10, 4, '2020-06-25 15:49:24', '2020-06-25 15:49:24', 0, 1),
(447, 114, 1, 5, '2020-06-25 15:49:24', '2020-06-25 15:49:24', 0, 1),
(448, 114, 4, 1, '2020-06-25 15:49:25', '2020-06-25 15:49:25', 0, 1),
(449, 114, 25, 1, '2020-06-25 15:49:25', '2020-06-25 15:49:25', 0, 1),
(450, 115, 15, 0, '2020-06-25 17:07:58', '2020-06-25 17:07:58', 0, 1),
(451, 115, 18, 0, '2020-06-25 17:07:58', '2020-06-25 17:07:58', 0, 1),
(452, 115, 19, 0, '2020-06-25 17:07:58', '2020-06-25 17:07:58', 0, 1),
(453, 115, 10, 0, '2020-06-25 17:07:59', '2020-06-25 17:07:59', 0, 1),
(454, 115, 14, 0, '2020-06-25 17:07:59', '2020-06-25 17:07:59', 0, 1),
(455, 115, 32, 0, '2020-06-25 17:07:59', '2020-06-25 17:07:59', 0, 1),
(456, 115, 33, 0, '2020-06-25 17:07:59', '2020-06-25 17:07:59', 0, 1),
(457, 115, 25, 0, '2020-06-25 17:08:00', '2020-06-25 17:08:00', 0, 1),
(458, 115, 26, 0, '2020-06-25 17:08:00', '2020-06-25 17:08:00', 0, 1),
(459, 115, 4, 0, '2020-06-25 17:08:00', '2020-06-25 17:08:00', 0, 1),
(460, 116, 15, 1, '2020-06-25 17:49:31', '2020-06-25 17:49:31', 0, 1),
(461, 116, 18, 0, '2020-06-25 17:49:31', '2020-06-25 17:49:31', 0, 1),
(462, 116, 19, 0, '2020-06-25 17:49:31', '2020-06-25 17:49:31', 0, 1),
(463, 116, 10, 3, '2020-06-25 17:49:32', '2020-06-25 17:49:32', 0, 1),
(464, 116, 14, 1, '2020-06-25 17:49:32', '2020-06-25 17:49:32', 0, 1),
(465, 116, 32, 0, '2020-06-25 17:49:32', '2020-06-25 17:49:32', 0, 1),
(466, 116, 33, 0, '2020-06-25 17:49:32', '2020-06-25 17:49:32', 0, 1),
(467, 116, 25, 0, '2020-06-25 17:49:32', '2020-06-25 17:49:32', 0, 1),
(468, 116, 26, 0, '2020-06-25 17:49:32', '2020-06-25 17:49:32', 0, 1),
(469, 116, 4, 1, '2020-06-25 17:49:32', '2020-06-25 17:49:32', 0, 1),
(470, 117, 1, 6, '2020-06-26 12:42:00', '2020-06-26 12:42:00', 0, 1),
(471, 117, 5, 2, '2020-06-26 12:42:01', '2020-06-26 12:42:01', 0, 1),
(472, 117, 15, 6, '2020-06-26 12:42:01', '2020-06-26 12:42:01', 0, 1),
(473, 117, 19, 1, '2020-06-26 12:42:01', '2020-06-26 12:42:01', 0, 1),
(474, 117, 10, 6, '2020-06-26 12:42:01', '2020-06-26 12:42:01', 0, 1),
(475, 117, 22, 6, '2020-06-26 12:42:01', '2020-06-26 12:42:01', 0, 1),
(476, 117, 32, 2, '2020-06-26 12:42:01', '2020-06-26 12:42:01', 0, 1),
(477, 118, 4, 2, '2020-06-26 12:43:42', '2020-06-26 12:43:42', 0, 1),
(478, 118, 25, 1, '2020-06-26 12:43:42', '2020-06-26 12:43:42', 0, 1),
(479, 118, 32, 1, '2020-06-26 12:43:42', '2020-06-26 12:43:42', 0, 1),
(480, 119, 32, 2, '2020-06-26 17:52:24', '2020-06-26 17:52:24', 0, 1),
(481, 119, 25, 1, '2020-06-26 17:52:24', '2020-06-26 17:52:24', 0, 1),
(482, 120, 14, 1, '2020-06-30 13:54:45', '2020-06-30 13:54:45', 0, 1),
(483, 120, 26, 1, '2020-06-30 13:54:45', '2020-06-30 13:54:45', 0, 1),
(484, 121, 10, 6, '2020-06-30 14:12:05', '2020-06-30 14:12:05', 0, 1),
(485, 121, 14, 1, '2020-06-30 14:12:05', '2020-06-30 14:12:05', 0, 1),
(486, 121, 15, 7, '2020-06-30 14:12:05', '2020-06-30 14:12:05', 0, 1),
(487, 121, 19, 2, '2020-06-30 14:12:05', '2020-06-30 14:12:05', 0, 1),
(488, 121, 33, 2, '2020-06-30 14:12:06', '2020-06-30 14:12:06', 0, 1),
(489, 121, 22, 2, '2020-06-30 14:12:06', '2020-06-30 14:12:06', 0, 1),
(490, 121, 1, 3, '2020-06-30 14:12:06', '2020-06-30 14:12:06', 0, 1),
(491, 122, 22, 3, '2020-06-30 14:18:21', '2020-06-30 14:18:21', 0, 1),
(492, 122, 25, 3, '2020-06-30 14:18:21', '2020-06-30 14:18:21', 0, 1),
(493, 122, 26, 1, '2020-06-30 14:18:21', '2020-06-30 14:18:21', 0, 1),
(494, 122, 1, 2, '2020-06-30 14:18:21', '2020-06-30 14:18:21', 0, 1),
(495, 122, 5, 1, '2020-06-30 14:18:22', '2020-06-30 14:18:22', 0, 1),
(496, 122, 10, 1, '2020-06-30 14:18:22', '2020-06-30 14:18:22', 0, 1),
(497, 122, 14, 1, '2020-06-30 14:18:22', '2020-06-30 14:18:22', 0, 1),
(498, 122, 18, 1, '2020-06-30 14:18:22', '2020-06-30 14:18:22', 0, 1),
(499, 123, 14, 2, '2020-06-30 14:50:18', '2020-06-30 14:50:18', 0, 1),
(500, 123, 25, 3, '2020-06-30 14:50:19', '2020-06-30 14:50:19', 0, 1),
(501, 123, 26, 2, '2020-06-30 14:50:19', '2020-06-30 14:50:19', 0, 1),
(502, 124, 22, 3, '2020-07-01 14:22:21', '2020-07-01 14:22:21', 0, 1),
(503, 124, 25, 2, '2020-07-01 14:22:21', '2020-07-01 14:22:21', 0, 1),
(504, 124, 26, 0, '2020-07-01 14:22:21', '2020-07-01 14:22:21', 0, 1),
(505, 124, 10, 6, '2020-07-01 14:22:22', '2020-07-01 14:22:22', 0, 1),
(506, 124, 15, 1, '2020-07-01 14:22:22', '2020-07-01 14:22:22', 0, 1),
(507, 124, 1, 0, '2020-07-01 14:22:22', '2020-07-01 14:22:22', 0, 1),
(508, 125, 10, 3, '2020-07-02 16:23:17', '2020-07-02 16:23:17', 0, 1),
(509, 125, 22, 1, '2020-07-02 16:23:18', '2020-07-02 16:23:18', 0, 1),
(510, 126, 10, 3, '2020-07-02 16:23:48', '2020-07-02 16:23:48', 0, 1),
(511, 126, 22, 1, '2020-07-02 16:23:48', '2020-07-02 16:23:48', 0, 1),
(512, 127, 10, 6, '2020-07-02 16:40:03', '2020-07-02 16:40:03', 0, 1),
(513, 127, 22, 5, '2020-07-02 16:40:03', '2020-07-02 16:40:03', 0, 1),
(514, 127, 25, 1, '2020-07-02 16:40:03', '2020-07-02 16:40:03', 0, 1),
(515, 127, 15, 1, '2020-07-02 16:40:04', '2020-07-02 16:40:04', 0, 1),
(516, 127, 19, 1, '2020-07-02 16:40:04', '2020-07-02 16:40:04', 0, 1),
(517, 127, 1, 1, '2020-07-02 16:40:04', '2020-07-02 16:40:04', 0, 1),
(518, 127, 37, 1, '2020-07-02 16:40:04', '2020-07-02 16:40:04', 0, 1),
(519, 128, 22, 1, '2020-07-02 17:10:19', '2020-07-02 17:10:19', 0, 1),
(520, 129, 22, 1, '2020-07-02 18:54:46', '2020-07-02 18:54:46', 0, 1),
(521, 130, 22, 41, '2020-07-05 08:27:21', '2020-07-05 08:27:21', 0, 1),
(522, 130, 15, 25, '2020-07-05 08:27:21', '2020-07-05 08:27:21', 0, 1),
(523, 130, 1, 4, '2020-07-05 08:27:22', '2020-07-05 08:27:22', 0, 1),
(524, 130, 10, 8, '2020-07-05 08:27:22', '2020-07-05 08:27:22', 0, 1),
(525, 131, 10, 2, '2020-07-05 08:41:46', '2020-07-05 08:41:46', 0, 1),
(526, 131, 22, 4, '2020-07-05 08:41:46', '2020-07-05 08:41:46', 0, 1),
(527, 131, 25, 2, '2020-07-05 08:41:48', '2020-07-05 08:41:48', 0, 1),
(528, 131, 15, 2, '2020-07-05 08:41:48', '2020-07-05 08:41:48', 0, 1),
(529, 131, 1, 2, '2020-07-05 08:41:48', '2020-07-05 08:41:48', 0, 1),
(530, 132, 1, 40, '2020-07-05 08:51:12', '2020-07-05 08:51:12', 0, 1),
(531, 133, 37, 4, '2020-07-06 12:20:10', '2020-07-06 12:20:10', 0, 1),
(532, 134, 1, 3, '2020-07-06 15:20:54', '2020-07-06 15:20:54', 0, 1),
(533, 134, 10, 2, '2020-07-06 15:20:54', '2020-07-06 15:20:54', 0, 1),
(534, 134, 22, 1, '2020-07-06 15:20:55', '2020-07-06 15:20:55', 0, 1),
(535, 135, 25, 1, '2020-07-06 18:00:17', '2020-07-06 18:00:17', 0, 1),
(536, 135, 10, 3, '2020-07-06 18:00:17', '2020-07-06 18:00:17', 0, 1),
(537, 136, 10, 7, '2020-07-07 18:05:13', '2020-07-07 18:05:13', 0, 1),
(538, 136, 22, 5, '2020-07-07 18:05:13', '2020-07-07 18:05:13', 0, 1),
(539, 136, 25, 4, '2020-07-07 18:05:13', '2020-07-07 18:05:13', 0, 1),
(540, 136, 32, 2, '2020-07-07 18:05:13', '2020-07-07 18:05:13', 0, 1),
(541, 136, 1, 2, '2020-07-07 18:05:13', '2020-07-07 18:05:13', 0, 1),
(542, 137, 14, 1, '2020-07-07 18:08:54', '2020-07-07 18:08:54', 0, 1),
(543, 138, 22, 8, '2020-07-08 17:23:43', '2020-07-08 17:23:43', 0, 1),
(544, 138, 1, 2, '2020-07-08 17:23:44', '2020-07-08 17:23:44', 0, 1),
(545, 138, 15, 2, '2020-07-08 17:23:44', '2020-07-08 17:23:44', 0, 1),
(546, 138, 37, 2, '2020-07-08 17:23:44', '2020-07-08 17:23:44', 0, 1),
(547, 139, 1, 1, '2020-07-08 17:52:31', '2020-07-08 17:52:31', 0, 1),
(548, 140, 22, 2, '2020-07-09 16:23:02', NULL, 0, 1),
(549, 140, 10, 3, '2020-07-09 16:23:02', NULL, 0, 1),
(550, 141, 15, 10, '2020-07-09 16:31:48', NULL, 0, 1),
(551, 141, 1, 10, '2020-07-09 16:31:48', NULL, 0, 1),
(552, 141, 10, 10, '2020-07-09 16:31:49', NULL, 0, 1),
(553, 141, 22, 10, '2020-07-09 16:31:49', NULL, 0, 1);

-- --------------------------------------------------------

--
-- Structure de la table `ligneetiquettejour`
--

CREATE TABLE `ligneetiquettejour` (
  `id` int(11) NOT NULL,
  `production_id` int(11) NOT NULL,
  `etiquette_id` int(11) NOT NULL,
  `consommation` int(11) NOT NULL,
  `created` datetime DEFAULT NULL,
  `modified` datetime DEFAULT NULL,
  `protected` int(11) NOT NULL DEFAULT '0',
  `valide` int(11) NOT NULL DEFAULT '1'
) ENGINE=InnoDB DEFAULT CHARSET=utf8 COLLATE=utf8_bin ROW_FORMAT=DYNAMIC;

--
-- Déchargement des données de la table `ligneetiquettejour`
--

INSERT INTO `ligneetiquettejour` (`id`, `production_id`, `etiquette_id`, `consommation`, `created`, `modified`, `protected`, `valide`) VALUES
(1, 32, 1, 0, '2020-07-09 15:14:15', NULL, 0, 1),
(2, 32, 2, 0, '2020-07-09 15:14:15', NULL, 0, 1),
(3, 32, 3, 0, '2020-07-09 15:14:15', NULL, 0, 1),
(4, 32, 4, 0, '2020-07-09 15:14:15', NULL, 0, 1),
(5, 32, 5, 0, '2020-07-09 15:14:16', NULL, 0, 1),
(6, 32, 6, 0, '2020-07-09 15:14:16', NULL, 0, 1),
(7, 32, 7, 0, '2020-07-09 15:14:16', NULL, 0, 1),
(8, 32, 8, 0, '2020-07-09 15:14:16', NULL, 0, 1),
(9, 32, 9, 0, '2020-07-09 15:14:16', NULL, 0, 1),
(10, 32, 10, 0, '2020-07-09 15:14:16', NULL, 0, 1),
(11, 32, 11, 0, '2020-07-09 15:14:16', NULL, 0, 1),
(12, 32, 12, 0, '2020-07-09 15:14:17', NULL, 0, 1),
(13, 32, 13, 0, '2020-07-09 15:14:17', NULL, 0, 1),
(14, 32, 14, 0, '2020-07-09 15:14:17', NULL, 0, 1),
(15, 32, 15, 0, '2020-07-09 15:14:17', NULL, 0, 1),
(16, 32, 16, 0, '2020-07-09 15:14:17', NULL, 0, 1),
(17, 32, 17, 0, '2020-07-09 15:14:17', NULL, 0, 1),
(18, 32, 18, 0, '2020-07-09 15:14:18', NULL, 0, 1),
(19, 32, 19, 0, '2020-07-09 15:14:18', NULL, 0, 1),
(20, 32, 20, 0, '2020-07-09 15:14:18', NULL, 0, 1),
(21, 32, 21, 0, '2020-07-09 15:14:18', NULL, 0, 1),
(22, 32, 22, 0, '2020-07-09 15:14:18', NULL, 0, 1),
(23, 32, 23, 0, '2020-07-09 15:14:18', NULL, 0, 1),
(24, 32, 24, 0, '2020-07-09 15:14:18', NULL, 0, 1),
(25, 32, 25, 0, '2020-07-09 15:14:19', NULL, 0, 1),
(26, 32, 26, 0, '2020-07-09 15:14:19', NULL, 0, 1),
(27, 32, 27, 0, '2020-07-09 15:14:19', NULL, 0, 1),
(28, 32, 28, 0, '2020-07-09 15:14:19', NULL, 0, 1),
(29, 32, 29, 0, '2020-07-09 15:14:19', NULL, 0, 1),
(30, 32, 30, 0, '2020-07-09 15:14:19', NULL, 0, 1),
(31, 32, 31, 0, '2020-07-09 15:14:19', NULL, 0, 1),
(32, 32, 32, 0, '2020-07-09 15:14:19', NULL, 0, 1),
(33, 32, 33, 0, '2020-07-09 15:14:19', NULL, 0, 1),
(34, 32, 34, 0, '2020-07-09 15:14:19', NULL, 0, 1),
(35, 32, 35, 0, '2020-07-09 15:14:19', NULL, 0, 1),
(36, 32, 36, 0, '2020-07-09 15:14:20', NULL, 0, 1),
(37, 32, 37, 0, '2020-07-09 15:14:20', NULL, 0, 1),
(38, 32, 38, 0, '2020-07-09 15:14:20', NULL, 0, 1),
(39, 32, 39, 0, '2020-07-09 15:14:20', NULL, 0, 1),
(40, 32, 40, 0, '2020-07-09 15:14:20', NULL, 0, 1),
(41, 32, 41, 0, '2020-07-09 15:14:20', NULL, 0, 1),
(42, 32, 42, 0, '2020-07-09 15:14:20', NULL, 0, 1),
(43, 32, 43, 0, '2020-07-09 15:14:20', NULL, 0, 1),
(44, 32, 44, 0, '2020-07-09 15:14:20', NULL, 0, 1),
(45, 32, 45, 0, '2020-07-09 15:14:20', NULL, 0, 1),
(46, 32, 46, 0, '2020-07-09 15:14:20', NULL, 0, 1),
(47, 32, 47, 0, '2020-07-09 15:14:20', NULL, 0, 1),
(48, 32, 48, 0, '2020-07-09 15:14:21', NULL, 0, 1);

-- --------------------------------------------------------

--
-- Structure de la table `ligneetiquettejour`
--

CREATE TABLE `ligneetiquettejour` (
  `id` int(11) NOT NULL,
  `production_id` int(11) NOT NULL,
  `etiquette_id` int(11) NOT NULL,
  `consommation` int(11) NOT NULL,
  `created` datetime DEFAULT NULL,
  `modified` datetime DEFAULT NULL,
  `protected` int(11) NOT NULL DEFAULT '0',
  `valide` int(11) NOT NULL DEFAULT '1'
) ENGINE=InnoDB DEFAULT CHARSET=utf8 COLLATE=utf8_bin ROW_FORMAT=DYNAMIC;

-- --------------------------------------------------------

--
-- Structure de la table `lignemiseenboutique`
--

CREATE TABLE `lignemiseenboutique` (
  `id` int(11) NOT NULL,
  `miseenboutique_id` int(11) NOT NULL,
  `prixdevente_id` int(11) NOT NULL,
  `quantite_depart` int(11) NOT NULL,
  `quantite` int(11) NOT NULL,
  `perte` int(11) NOT NULL,
  `restant` int(11) NOT NULL,
  `created` datetime DEFAULT NULL,
  `modified` datetime DEFAULT NULL,
  `protected` int(11) NOT NULL DEFAULT '0',
  `valide` int(11) NOT NULL DEFAULT '1'
) ENGINE=InnoDB DEFAULT CHARSET=utf8 COLLATE=utf8_bin ROW_FORMAT=DYNAMIC;

--
-- Déchargement des données de la table `lignemiseenboutique`
--

INSERT INTO `lignemiseenboutique` (`id`, `miseenboutique_id`, `prixdevente_id`, `quantite_depart`, `quantite`, `perte`, `restant`, `created`, `modified`, `protected`, `valide`) VALUES
(1, 1, 1, 127, 127, 0, 0, '2020-06-02 11:47:15', '2020-06-02 11:47:15', 0, 1),
(2, 1, 4, 27, 27, 0, 0, '2020-06-02 11:47:16', '2020-06-02 11:47:16', 0, 1),
(3, 1, 5, 6, 6, 0, 0, '2020-06-02 11:47:16', '2020-06-02 11:47:16', 0, 1),
(4, 1, 14, 4, 4, 0, 0, '2020-06-02 11:47:16', '2020-06-02 11:47:16', 0, 1),
(5, 1, 18, 3, 3, 0, 0, '2020-06-02 11:47:16', '2020-06-02 11:47:16', 0, 1),
(6, 1, 19, 1, 1, 0, 0, '2020-06-02 11:47:16', '2020-06-02 11:47:16', 0, 1),
(7, 1, 29, 4, 4, 0, 0, '2020-06-02 11:47:16', '2020-06-02 11:47:16', 0, 1),
(8, 1, 32, 2, 2, 0, 0, '2020-06-02 11:47:16', '2020-06-02 11:47:16', 0, 1),
(9, 1, 33, 4, 4, 0, 0, '2020-06-02 11:47:16', '2020-06-02 11:47:16', 0, 1),
(10, 2, 10, 21, 21, 0, 97, '2020-06-05 16:27:23', '2020-06-05 16:27:23', 0, 1),
(11, 2, 25, 17, 17, 0, 18, '2020-06-05 16:27:23', '2020-06-05 16:27:23', 0, 1),
(12, 2, 32, 1, 1, 0, 24, '2020-06-05 16:27:23', '2020-06-05 16:27:23', 0, 1),
(13, 2, 10, 60, 60, 0, 37, '2020-06-05 17:44:03', '2020-06-05 17:44:03', 0, 1),
(14, 2, 14, 25, 25, 0, 0, '2020-06-05 17:44:03', '2020-06-05 17:44:03', 0, 1),
(15, 2, 29, 20, 20, 0, 54, '2020-06-05 17:44:03', '2020-06-05 17:44:03', 0, 1),
(16, 2, 32, 10, 10, 0, 14, '2020-06-05 17:44:03', '2020-06-05 17:44:03', 0, 1),
(17, 3, 10, 37, 37, 0, 0, '2020-06-08 14:26:12', '2020-06-08 14:26:12', 0, 1),
(18, 3, 15, 56, 56, 0, 0, '2020-06-08 14:26:12', '2020-06-08 14:26:12', 0, 1),
(19, 3, 18, 18, 18, 0, 0, '2020-06-08 14:26:13', '2020-06-08 14:26:13', 0, 1),
(20, 3, 19, 22, 22, 0, 0, '2020-06-08 14:26:13', '2020-06-08 14:26:13', 0, 1),
(21, 3, 22, 55, 55, 0, 0, '2020-06-08 14:26:13', '2020-06-08 14:26:13', 0, 1),
(22, 3, 25, 18, 18, 0, 0, '2020-06-08 14:26:13', '2020-06-08 14:26:13', 0, 1),
(23, 3, 26, 31, 31, 0, 0, '2020-06-08 14:26:14', '2020-06-08 14:26:14', 0, 1),
(24, 3, 29, 54, 54, 0, 0, '2020-06-08 14:26:15', '2020-06-08 14:26:15', 0, 1),
(25, 3, 32, 14, 14, 0, 0, '2020-06-08 14:26:15', '2020-06-08 14:26:15', 0, 1),
(26, 3, 33, 26, 26, 0, 0, '2020-06-08 14:26:15', '2020-06-08 14:26:15', 0, 1),
(27, 4, 10, 49, 49, 0, 66, '2020-06-10 09:56:35', '2020-06-10 09:56:35', 0, 1),
(28, 4, 14, 10, 10, 0, 3, '2020-06-10 09:56:35', '2020-06-10 09:56:35', 0, 1),
(29, 4, 29, 67, 67, 0, 88, '2020-06-10 09:56:35', '2020-06-10 09:56:35', 0, 1),
(30, 5, 22, 69, 69, 0, 0, '2020-06-11 18:47:22', '2020-06-11 18:47:22', 0, 1),
(31, 6, 15, 135, 135, 0, 0, '2020-06-12 14:06:29', '2020-06-12 14:06:29', 0, 1),
(32, 6, 29, 96, 96, 0, 0, '2020-06-12 14:06:29', '2020-06-12 14:06:29', 0, 1),
(33, 7, 10, 66, 66, 0, 0, '2020-06-12 14:13:53', '2020-06-12 14:13:53', 0, 1),
(34, 7, 14, 12, 12, 0, 0, '2020-06-12 14:13:53', '2020-06-12 14:13:53', 0, 1),
(35, 7, 18, 33, 33, 0, 0, '2020-06-12 14:13:53', '2020-06-12 14:13:53', 0, 1),
(36, 7, 32, 40, 40, 0, 0, '2020-06-12 14:13:53', '2020-06-12 14:13:53', 0, 1),
(37, 7, 33, 4, 4, 0, 0, '2020-06-12 14:13:54', '2020-06-12 14:13:54', 0, 1),
(38, 8, 1, 11, 11, 0, 0, '2020-06-12 14:39:43', '2020-06-12 14:39:43', 0, 1),
(39, 10, 1, 105, 105, 0, 0, '2020-06-16 10:35:30', '2020-06-16 10:35:30', 0, 1),
(40, 10, 4, 27, 27, 0, 0, '2020-06-16 10:35:30', '2020-06-16 10:35:30', 0, 1),
(41, 10, 5, 8, 8, 0, 0, '2020-06-16 10:35:30', '2020-06-16 10:35:30', 0, 1),
(42, 11, 22, 63, 63, 0, 0, '2020-06-19 13:00:43', '2020-06-19 13:00:43', 0, 1),
(43, 11, 25, 12, 12, 0, 0, '2020-06-19 13:00:43', '2020-06-19 13:00:43', 0, 1),
(44, 11, 26, 6, 6, 0, 0, '2020-06-19 13:00:43', '2020-06-19 13:00:43', 0, 1),
(45, 12, 10, 33, 33, 0, 55, '2020-06-19 13:15:01', '2020-06-19 13:15:01', 0, 1),
(46, 13, 10, 25, 25, 0, 200, '2020-06-22 11:54:20', '2020-06-22 11:54:20', 0, 1),
(47, 14, 10, 170, 170, 0, 0, '2020-06-22 18:07:38', '2020-06-22 18:07:38', 0, 1),
(48, 15, 1, 52, 52, 0, 0, '2020-06-30 13:45:58', '2020-06-30 13:45:58', 0, 1),
(49, 15, 15, 122, 122, 0, 0, '2020-06-30 13:45:58', '2020-06-30 13:45:58', 0, 1),
(50, 15, 18, 29, 29, 0, 0, '2020-06-30 13:45:58', '2020-06-30 13:45:58', 0, 1),
(51, 15, 19, 15, 15, 0, 0, '2020-06-30 13:45:58', '2020-06-30 13:45:58', 0, 1),
(52, 15, 22, 83, 83, 0, 0, '2020-06-30 13:45:58', '2020-06-30 13:45:58', 0, 1),
(53, 15, 25, 35, 35, 0, 0, '2020-06-30 13:45:58', '2020-06-30 13:45:58', 0, 1),
(54, 15, 26, 20, 20, 0, 0, '2020-06-30 13:45:58', '2020-06-30 13:45:58', 0, 1),
(55, 16, 37, 23, 23, 0, 0, '2020-06-30 14:45:32', '2020-06-30 14:45:32', 0, 1),
(56, 16, 41, 5, 5, 0, 0, '2020-06-30 14:45:32', '2020-06-30 14:45:32', 0, 1),
(57, 17, 10, 42, 42, 0, 0, '2020-07-02 18:29:46', '2020-07-02 18:29:46', 0, 1),
(58, 17, 14, 16, 16, 0, 0, '2020-07-02 18:29:46', '2020-07-02 18:29:46', 0, 1),
(59, 18, 22, 125, 125, 0, 0, '2020-07-05 08:35:56', '2020-07-05 08:35:56', 0, 1),
(60, 18, 25, 21, 21, 0, 0, '2020-07-05 08:35:56', '2020-07-05 08:35:56', 0, 1),
(61, 18, 26, 10, 10, 0, 0, '2020-07-05 08:35:56', '2020-07-05 08:35:56', 0, 1),
(62, 19, 37, 49, 49, 0, 0, '2020-07-05 08:39:22', '2020-07-05 08:39:22', 0, 1),
(63, 20, 1, 155, 155, 0, 0, '2020-07-06 11:26:26', '2020-07-06 11:26:26', 0, 1),
(64, 20, 5, 10, 10, 0, 0, '2020-07-06 11:26:27', '2020-07-06 11:26:27', 0, 1),
(65, 21, 15, 119, 119, 0, 0, '2020-07-08 17:37:48', '2020-07-08 17:37:48', 0, 1),
(66, 21, 19, 3, 3, 0, 0, '2020-07-08 17:37:48', '2020-07-08 17:37:48', 0, 1);

-- --------------------------------------------------------

--
-- Structure de la table `lignepayement`
--

CREATE TABLE `lignepayement` (
  `id` int(11) NOT NULL,
  `reference` varchar(20) COLLATE utf8_bin NOT NULL,
  `commercial_id` int(11) NOT NULL,
  `mouvement_id` int(11) NOT NULL,
  `modepayement_id` int(11) NOT NULL,
  `etat_id` int(11) NOT NULL,
  `structure` varchar(50) COLLATE utf8_bin DEFAULT NULL,
  `numero` varchar(50) COLLATE utf8_bin DEFAULT NULL,
  `comment` text COLLATE utf8_bin,
  `employe_id` int(11) NOT NULL,
  `created` datetime DEFAULT NULL,
  `modified` datetime DEFAULT NULL,
  `protected` int(11) NOT NULL DEFAULT '0',
  `valide` int(11) NOT NULL DEFAULT '1'
) ENGINE=InnoDB DEFAULT CHARSET=utf8 COLLATE=utf8_bin ROW_FORMAT=DYNAMIC;

--
<<<<<<< HEAD
-- Déchargement des données de la table `lignepayement`
=======
-- Structure de la table `ligneperteentrepot`
--

CREATE TABLE `ligneperteentrepot` (
  `id` int(11) NOT NULL,
  `perteentrepot_id` int(11) NOT NULL,
  `prixdevente_id` int(11) NOT NULL,
  `perte` int(11) NOT NULL,
  `created` datetime DEFAULT NULL,
  `modified` datetime DEFAULT NULL,
  `protected` int(11) NOT NULL DEFAULT '0',
  `valide` int(11) NOT NULL DEFAULT '1'
) ENGINE=InnoDB DEFAULT CHARSET=utf8 COLLATE=utf8_bin ROW_FORMAT=DYNAMIC;

-- --------------------------------------------------------

--
-- Structure de la table `ligneproduction`
>>>>>>> origin/test
--

INSERT INTO `lignepayement` (`id`, `reference`, `commercial_id`, `mouvement_id`, `modepayement_id`, `etat_id`, `structure`, `numero`, `comment`, `employe_id`, `created`, `modified`, `protected`, `valide`) VALUES
(1, 'PAYE/25062020-39E808', 0, 139, 1, 4, '', '', 'helene  ', 1, '2020-06-15 12:39:37', '2020-06-15 12:39:37', 0, 1),
(2, 'PAYE/25062020-39F56B', 0, 140, 1, 4, '', '', 'yolande', 1, '2020-06-15 12:41:20', '2020-06-15 12:41:20', 0, 1),
(3, 'PAYE/25062020-3A051A', 0, 141, 1, 4, '', '', 'ingrid', 1, '2020-06-15 12:42:41', '2020-06-15 12:42:41', 0, 1),
(4, 'PAYE/01072020-65FF12', 2, 186, 1, 4, '', '', '', 2, '2020-07-01 16:14:24', '2020-07-01 16:14:24', 0, 1),
(5, 'PAYE/02072020-9706E2', 3, 193, 1, 4, '', '', '', 2, '2020-07-02 17:29:20', '2020-07-02 17:29:20', 0, 1);

-- --------------------------------------------------------

--
-- Structure de la table `ligneperteentrepot`
--

CREATE TABLE `ligneperteentrepot` (
  `id` int(11) NOT NULL,
  `perteentrepot_id` int(11) NOT NULL,
  `prixdevente_id` int(11) NOT NULL,
  `perte` int(11) NOT NULL,
  `created` datetime DEFAULT NULL,
  `modified` datetime DEFAULT NULL,
  `protected` int(11) NOT NULL DEFAULT '0',
  `valide` int(11) NOT NULL DEFAULT '1'
) ENGINE=InnoDB DEFAULT CHARSET=utf8 COLLATE=utf8_bin ROW_FORMAT=DYNAMIC;

-- --------------------------------------------------------

--
-- Structure de la table `ligneproduction`
--

CREATE TABLE `ligneproduction` (
  `id` int(11) NOT NULL,
  `production_id` int(11) NOT NULL,
  `prixdevente_id` int(11) NOT NULL,
  `production` int(11) NOT NULL,
  `created` datetime DEFAULT NULL,
  `modified` datetime DEFAULT NULL,
  `protected` int(11) NOT NULL DEFAULT '0',
  `valide` int(11) NOT NULL DEFAULT '1'
) ENGINE=InnoDB DEFAULT CHARSET=utf8 COLLATE=utf8_bin;

--
-- Déchargement des données de la table `ligneproduction`
--

INSERT INTO `ligneproduction` (`id`, `production_id`, `prixdevente_id`, `production`, `created`, `modified`, `protected`, `valide`) VALUES
(1, 1, 1, 0, '2020-04-25 00:00:00', '2020-06-02 11:03:10', 0, 1),
(2, 1, 2, 0, '2020-04-25 00:00:00', '2020-06-02 11:03:10', 0, 1),
(3, 1, 3, 0, '2020-04-25 00:00:00', '2020-06-02 11:03:10', 0, 1),
(4, 1, 4, 0, '2020-04-25 00:00:00', '2020-06-02 11:03:10', 0, 1),
(5, 1, 5, 0, '2020-04-25 00:00:00', '2020-06-02 11:03:10', 0, 1),
(6, 1, 6, 0, '2020-04-25 00:00:00', '2020-06-02 11:03:11', 0, 1),
(7, 1, 7, 0, '2020-04-25 00:00:00', '2020-06-02 11:03:11', 0, 1),
(8, 1, 8, 0, '2020-04-25 00:00:00', '2020-06-02 11:03:26', 0, 1),
(9, 1, 9, 0, '2020-04-25 00:00:00', '2020-06-02 11:03:27', 0, 1),
(10, 1, 10, 0, '2020-04-25 00:00:00', '2020-06-02 11:03:27', 0, 1),
(11, 1, 11, 0, '2020-04-25 00:00:00', '2020-06-02 11:03:27', 0, 1),
(12, 1, 12, 0, '2020-04-25 00:00:00', '2020-06-02 11:03:28', 0, 1),
(13, 1, 13, 0, '2020-04-25 00:00:00', '2020-06-02 11:03:28', 0, 1),
(14, 1, 14, 0, '2020-04-25 00:00:00', '2020-06-02 11:03:28', 0, 1),
(15, 1, 15, 0, '2020-04-25 00:00:00', '2020-06-02 11:03:57', 0, 1),
(16, 1, 16, 0, '2020-04-25 00:00:00', '2020-06-02 11:03:57', 0, 1),
(17, 1, 17, 0, '2020-04-25 00:00:00', '2020-06-02 11:03:57', 0, 1),
(18, 1, 18, 0, '2020-04-25 00:00:00', '2020-06-02 11:03:57', 0, 1),
(19, 1, 19, 0, '2020-04-25 00:00:00', '2020-06-02 11:03:58', 0, 1),
(20, 1, 20, 0, '2020-04-25 00:00:00', '2020-06-02 11:03:58', 0, 1),
(21, 1, 21, 0, '2020-04-25 00:00:00', '2020-06-02 11:03:58', 0, 1),
(22, 1, 22, 0, '2020-04-25 00:00:00', '2020-06-02 11:04:18', 0, 1),
(23, 1, 23, 0, '2020-04-25 00:00:00', '2020-06-02 11:04:18', 0, 1),
(24, 1, 24, 0, '2020-04-25 00:00:00', '2020-06-02 11:04:18', 0, 1),
(25, 1, 25, 0, '2020-04-25 00:00:00', '2020-06-02 11:04:18', 0, 1),
(26, 1, 26, 0, '2020-04-25 00:00:00', '2020-06-02 11:04:18', 0, 1),
(27, 1, 27, 0, '2020-04-25 00:00:00', '2020-06-02 11:04:18', 0, 1),
(28, 1, 28, 0, '2020-04-25 00:00:00', '2020-06-02 11:04:18', 0, 1),
(29, 1, 29, 0, '2020-04-25 00:00:00', '2020-06-02 11:04:44', 0, 1),
(30, 1, 30, 0, '2020-04-25 00:00:00', '2020-06-02 11:04:44', 0, 1),
(31, 1, 31, 0, '2020-04-25 00:00:00', '2020-06-02 11:04:44', 0, 1),
(32, 1, 32, 0, '2020-04-25 00:00:00', '2020-06-02 11:04:44', 0, 1),
(33, 1, 33, 0, '2020-04-25 00:00:00', '2020-06-02 11:04:44', 0, 1),
(34, 1, 34, 0, '2020-04-25 00:00:00', '2020-06-02 11:04:44', 0, 1),
(35, 1, 35, 0, '2020-04-25 00:00:00', '2020-06-02 11:04:44', 0, 1),
(36, 1, 36, 0, '2020-04-25 00:00:00', '2020-06-02 11:06:50', 0, 1),
(37, 1, 37, 0, '2020-04-25 00:00:00', '2020-06-02 11:06:50', 0, 1),
(38, 1, 38, 0, '2020-04-25 00:00:00', '2020-06-02 11:06:50', 0, 1),
(39, 1, 39, 0, '2020-04-25 00:00:00', '2020-06-02 11:06:50', 0, 1),
(40, 1, 40, 0, '2020-04-25 00:00:00', '2020-06-02 11:06:50', 0, 1),
(41, 1, 41, 0, '2020-04-25 00:00:00', '2020-06-02 11:06:50', 0, 1),
(42, 1, 42, 0, '2020-04-25 00:00:00', '2020-06-02 11:06:50', 0, 1),
(43, 1, 43, 0, '2020-04-25 00:00:00', '2020-06-02 11:24:51', 0, 1),
(44, 1, 44, 0, '2020-04-25 00:00:00', '2020-06-02 11:24:51', 0, 1),
(45, 1, 45, 0, '2020-04-25 00:00:00', '2020-06-02 11:24:51', 0, 1),
(46, 1, 46, 0, '2020-04-25 00:00:00', '2020-06-02 11:24:51', 0, 1),
(47, 1, 47, 0, '2020-04-25 00:00:00', '2020-06-02 11:24:51', 0, 1),
(48, 1, 48, 0, '2020-04-25 00:00:00', '2020-06-02 11:24:52', 0, 1),
(49, 2, 1, 0, '2020-06-03 10:00:14', '2020-06-03 10:00:14', 0, 1),
(50, 2, 2, 0, '2020-06-03 10:00:14', '2020-06-03 10:00:14', 0, 1),
(51, 2, 3, 0, '2020-06-03 10:00:14', '2020-06-03 10:00:14', 0, 1),
(52, 2, 4, 0, '2020-06-03 10:00:14', '2020-06-03 10:00:14', 0, 1),
(53, 2, 5, 0, '2020-06-03 10:00:14', '2020-06-03 10:00:14', 0, 1),
(54, 2, 6, 0, '2020-06-03 10:00:14', '2020-06-03 10:00:14', 0, 1),
(55, 2, 7, 0, '2020-06-03 10:00:14', '2020-06-03 10:00:14', 0, 1),
(56, 2, 8, 0, '2020-06-03 10:00:14', '2020-06-03 10:00:14', 0, 1),
(57, 2, 9, 0, '2020-06-03 10:00:14', '2020-06-03 10:00:14', 0, 1),
(58, 2, 10, 0, '2020-06-03 10:00:15', '2020-06-03 10:00:15', 0, 1),
(59, 2, 11, 0, '2020-06-03 10:00:15', '2020-06-03 10:00:15', 0, 1),
(60, 2, 12, 0, '2020-06-03 10:00:15', '2020-06-03 10:00:15', 0, 1),
(61, 2, 13, 0, '2020-06-03 10:00:15', '2020-06-03 10:00:15', 0, 1),
(62, 2, 14, 0, '2020-06-03 10:00:15', '2020-06-03 10:00:15', 0, 1),
(63, 2, 15, 0, '2020-06-03 10:00:15', '2020-06-03 10:00:15', 0, 1),
(64, 2, 16, 0, '2020-06-03 10:00:15', '2020-06-03 10:00:15', 0, 1),
(65, 2, 17, 0, '2020-06-03 10:00:15', '2020-06-03 10:00:15', 0, 1),
(66, 2, 18, 0, '2020-06-03 10:00:15', '2020-06-03 10:00:15', 0, 1),
(67, 2, 19, 0, '2020-06-03 10:00:15', '2020-06-03 10:00:15', 0, 1),
(68, 2, 20, 0, '2020-06-03 10:00:15', '2020-06-03 10:00:15', 0, 1),
(69, 2, 21, 0, '2020-06-03 10:00:15', '2020-06-03 10:00:15', 0, 1),
(70, 2, 22, 0, '2020-06-03 10:00:15', '2020-06-03 10:00:15', 0, 1),
(71, 2, 23, 0, '2020-06-03 10:00:15', '2020-06-03 10:00:15', 0, 1),
(72, 2, 24, 0, '2020-06-03 10:00:16', '2020-06-03 10:00:16', 0, 1),
(73, 2, 25, 0, '2020-06-03 10:00:16', '2020-06-03 10:00:16', 0, 1),
(74, 2, 26, 0, '2020-06-03 10:00:16', '2020-06-03 10:00:16', 0, 1),
(75, 2, 27, 0, '2020-06-03 10:00:16', '2020-06-03 10:00:16', 0, 1),
(76, 2, 28, 0, '2020-06-03 10:00:16', '2020-06-03 10:00:16', 0, 1),
(77, 2, 29, 0, '2020-06-03 10:00:16', '2020-06-03 10:00:16', 0, 1),
(78, 2, 30, 0, '2020-06-03 10:00:16', '2020-06-03 10:00:16', 0, 1),
(79, 2, 31, 0, '2020-06-03 10:00:16', '2020-06-03 10:00:16', 0, 1),
(80, 2, 32, 0, '2020-06-03 10:00:16', '2020-06-03 10:00:16', 0, 1),
(81, 2, 33, 0, '2020-06-03 10:00:16', '2020-06-03 10:00:16', 0, 1),
(82, 2, 34, 0, '2020-06-03 10:00:16', '2020-06-03 10:00:16', 0, 1),
(83, 2, 35, 0, '2020-06-03 10:00:16', '2020-06-03 10:00:16', 0, 1),
(84, 2, 36, 0, '2020-06-03 10:00:16', '2020-06-03 10:00:16', 0, 1),
(85, 2, 37, 0, '2020-06-03 10:00:16', '2020-06-03 10:00:16', 0, 1),
(86, 2, 38, 0, '2020-06-03 10:00:16', '2020-06-03 10:00:16', 0, 1),
(87, 2, 39, 0, '2020-06-03 10:00:16', '2020-06-03 10:00:16', 0, 1),
(88, 2, 40, 0, '2020-06-03 10:00:16', '2020-06-03 10:00:16', 0, 1),
(89, 2, 41, 0, '2020-06-03 10:00:17', '2020-06-03 10:00:17', 0, 1),
(90, 2, 42, 0, '2020-06-03 10:00:17', '2020-06-03 10:00:17', 0, 1),
(91, 2, 43, 0, '2020-06-03 10:00:17', '2020-06-03 10:00:17', 0, 1),
(92, 2, 44, 0, '2020-06-03 10:00:17', '2020-06-03 10:00:17', 0, 1),
(93, 2, 45, 0, '2020-06-03 10:00:17', '2020-06-03 10:00:17', 0, 1),
(94, 2, 46, 0, '2020-06-03 10:00:17', '2020-06-03 10:00:17', 0, 1),
(95, 2, 47, 0, '2020-06-03 10:00:17', '2020-06-03 10:00:17', 0, 1),
(96, 2, 48, 0, '2020-06-03 10:00:17', '2020-06-03 10:00:17', 0, 1),
(97, 3, 1, 0, '2020-06-04 10:37:56', '2020-06-04 10:37:56', 0, 1),
(98, 3, 2, 0, '2020-06-04 10:37:56', '2020-06-04 10:37:56', 0, 1),
(99, 3, 3, 0, '2020-06-04 10:37:56', '2020-06-04 10:37:56', 0, 1),
(100, 3, 4, 0, '2020-06-04 10:37:56', '2020-06-04 10:37:56', 0, 1),
(101, 3, 5, 0, '2020-06-04 10:37:56', '2020-06-04 10:37:56', 0, 1),
(102, 3, 6, 0, '2020-06-04 10:37:56', '2020-06-04 10:37:56', 0, 1),
(103, 3, 7, 0, '2020-06-04 10:37:56', '2020-06-04 10:37:56', 0, 1),
(104, 3, 8, 0, '2020-06-04 10:37:57', '2020-06-04 10:37:57', 0, 1),
(105, 3, 9, 0, '2020-06-04 10:37:57', '2020-06-04 10:37:57', 0, 1),
(106, 3, 10, 0, '2020-06-04 10:37:57', '2020-06-04 10:37:57', 0, 1),
(107, 3, 11, 0, '2020-06-04 10:37:57', '2020-06-04 10:37:57', 0, 1),
(108, 3, 12, 0, '2020-06-04 10:37:57', '2020-06-04 10:37:57', 0, 1),
(109, 3, 13, 0, '2020-06-04 10:37:57', '2020-06-04 10:37:57', 0, 1),
(110, 3, 14, 0, '2020-06-04 10:37:57', '2020-06-04 10:37:57', 0, 1),
(111, 3, 15, 0, '2020-06-04 10:37:57', '2020-06-04 10:37:57', 0, 1),
(112, 3, 16, 0, '2020-06-04 10:37:57', '2020-06-04 10:37:57', 0, 1),
(113, 3, 17, 0, '2020-06-04 10:37:57', '2020-06-04 10:37:57', 0, 1),
(114, 3, 18, 0, '2020-06-04 10:37:57', '2020-06-04 10:37:57', 0, 1),
(115, 3, 19, 0, '2020-06-04 10:37:57', '2020-06-04 10:37:57', 0, 1),
(116, 3, 20, 0, '2020-06-04 10:37:57', '2020-06-04 10:37:57', 0, 1),
(117, 3, 21, 0, '2020-06-04 10:37:57', '2020-06-04 10:37:57', 0, 1),
(118, 3, 22, 0, '2020-06-04 10:37:58', '2020-06-04 10:37:58', 0, 1),
(119, 3, 23, 0, '2020-06-04 10:37:58', '2020-06-04 10:37:58', 0, 1),
(120, 3, 24, 0, '2020-06-04 10:37:58', '2020-06-04 10:37:58', 0, 1),
(121, 3, 25, 0, '2020-06-04 10:37:58', '2020-06-04 10:37:58', 0, 1),
(122, 3, 26, 0, '2020-06-04 10:37:58', '2020-06-04 10:37:58', 0, 1),
(123, 3, 27, 0, '2020-06-04 10:37:58', '2020-06-04 10:37:58', 0, 1),
(124, 3, 28, 0, '2020-06-04 10:37:58', '2020-06-04 10:37:58', 0, 1),
(125, 3, 29, 0, '2020-06-04 10:37:59', '2020-06-04 10:37:59', 0, 1),
(126, 3, 30, 0, '2020-06-04 10:37:59', '2020-06-04 10:37:59', 0, 1),
(127, 3, 31, 0, '2020-06-04 10:37:59', '2020-06-04 10:37:59', 0, 1),
(128, 3, 32, 0, '2020-06-04 10:37:59', '2020-06-04 10:37:59', 0, 1),
(129, 3, 33, 0, '2020-06-04 10:37:59', '2020-06-04 10:37:59', 0, 1),
(130, 3, 34, 0, '2020-06-04 10:37:59', '2020-06-04 10:37:59', 0, 1),
(131, 3, 35, 0, '2020-06-04 10:37:59', '2020-06-04 10:37:59', 0, 1),
(132, 3, 36, 0, '2020-06-04 10:37:59', '2020-06-04 10:37:59', 0, 1),
(133, 3, 37, 0, '2020-06-04 10:37:59', '2020-06-04 10:37:59', 0, 1),
(134, 3, 38, 0, '2020-06-04 10:37:59', '2020-06-04 10:37:59', 0, 1),
(135, 3, 39, 0, '2020-06-04 10:37:59', '2020-06-04 10:37:59', 0, 1),
(136, 3, 40, 0, '2020-06-04 10:37:59', '2020-06-04 10:37:59', 0, 1),
(137, 3, 41, 0, '2020-06-04 10:37:59', '2020-06-04 10:37:59', 0, 1),
(138, 3, 42, 0, '2020-06-04 10:37:59', '2020-06-04 10:37:59', 0, 1),
(139, 3, 43, 0, '2020-06-04 10:38:00', '2020-06-04 10:38:00', 0, 1),
(140, 3, 44, 0, '2020-06-04 10:38:00', '2020-06-04 10:38:00', 0, 1),
(141, 3, 45, 0, '2020-06-04 10:38:00', '2020-06-04 10:38:00', 0, 1),
(142, 3, 46, 0, '2020-06-04 10:38:00', '2020-06-04 10:38:00', 0, 1),
(143, 3, 47, 0, '2020-06-04 10:38:00', '2020-06-04 10:38:00', 0, 1),
(144, 3, 48, 0, '2020-06-04 10:38:00', '2020-06-04 10:38:00', 0, 1),
(145, 4, 1, 0, '2020-06-05 14:47:25', '2020-06-05 14:47:25', 0, 1),
(146, 4, 2, 0, '2020-06-05 14:47:25', '2020-06-05 14:47:25', 0, 1),
(147, 4, 3, 0, '2020-06-05 14:47:25', '2020-06-05 14:47:25', 0, 1),
(148, 4, 4, 0, '2020-06-05 14:47:25', '2020-06-05 14:47:25', 0, 1),
(149, 4, 5, 0, '2020-06-05 14:47:25', '2020-06-05 14:47:25', 0, 1),
(150, 4, 6, 0, '2020-06-05 14:47:25', '2020-06-05 14:47:25', 0, 1),
(151, 4, 7, 0, '2020-06-05 14:47:26', '2020-06-05 14:47:26', 0, 1),
(152, 4, 8, 0, '2020-06-05 14:47:26', '2020-06-05 14:47:26', 0, 1),
(153, 4, 9, 0, '2020-06-05 14:47:26', '2020-06-05 14:47:26', 0, 1),
(154, 4, 10, 118, '2020-06-05 14:47:26', '2020-06-05 14:47:26', 0, 1),
(155, 4, 11, 0, '2020-06-05 14:47:26', '2020-06-05 14:47:26', 0, 1),
(156, 4, 12, 0, '2020-06-05 14:47:26', '2020-06-05 14:47:26', 0, 1),
(157, 4, 13, 0, '2020-06-05 14:47:26', '2020-06-05 14:47:26', 0, 1),
(158, 4, 14, 34, '2020-06-05 14:47:26', '2020-06-05 14:47:26', 0, 1),
(159, 4, 15, 67, '2020-06-05 14:47:26', '2020-06-05 14:47:26', 0, 1),
(160, 4, 16, 0, '2020-06-05 14:47:26', '2020-06-05 14:47:26', 0, 1),
(161, 4, 17, 0, '2020-06-05 14:47:26', '2020-06-05 14:47:26', 0, 1),
(162, 4, 18, 16, '2020-06-05 14:47:26', '2020-06-05 14:47:26', 0, 1),
(163, 4, 19, 22, '2020-06-05 14:47:26', '2020-06-05 14:47:26', 0, 1),
(164, 4, 20, 0, '2020-06-05 14:47:26', '2020-06-05 14:47:26', 0, 1),
(165, 4, 21, 0, '2020-06-05 14:47:27', '2020-06-05 14:47:27', 0, 1),
(166, 4, 22, 55, '2020-06-05 14:47:27', '2020-06-05 14:47:27', 0, 1),
(167, 4, 23, 0, '2020-06-05 14:47:27', '2020-06-05 14:47:27', 0, 1),
(168, 4, 24, 0, '2020-06-05 14:47:27', '2020-06-05 14:47:27', 0, 1),
(169, 4, 25, 35, '2020-06-05 14:47:27', '2020-06-05 14:47:27', 0, 1),
(170, 4, 26, 31, '2020-06-05 14:47:27', '2020-06-05 14:47:27', 0, 1),
(171, 4, 27, 0, '2020-06-05 14:47:27', '2020-06-05 14:47:27', 0, 1),
(172, 4, 28, 0, '2020-06-05 14:47:27', '2020-06-05 14:47:27', 0, 1),
(173, 4, 29, 82, '2020-06-05 14:47:27', '2020-06-05 14:47:27', 0, 1),
(174, 4, 30, 0, '2020-06-05 14:47:27', '2020-06-05 14:47:27', 0, 1),
(175, 4, 31, 0, '2020-06-05 14:47:28', '2020-06-05 14:47:28', 0, 1),
(176, 4, 32, 25, '2020-06-05 14:47:28', '2020-06-05 14:47:28', 0, 1),
(177, 4, 33, 26, '2020-06-05 14:47:28', '2020-06-05 14:47:28', 0, 1),
(178, 4, 34, 0, '2020-06-05 14:47:28', '2020-06-05 14:47:28', 0, 1),
(179, 4, 35, 0, '2020-06-05 14:47:28', '2020-06-05 14:47:28', 0, 1),
(180, 4, 36, 0, '2020-06-05 14:47:28', '2020-06-05 14:47:28', 0, 1),
(181, 4, 37, 0, '2020-06-05 14:47:28', '2020-06-05 14:47:28', 0, 1),
(182, 4, 38, 0, '2020-06-05 14:47:28', '2020-06-05 14:47:28', 0, 1),
(183, 4, 39, 0, '2020-06-05 14:47:28', '2020-06-05 14:47:28', 0, 1),
(184, 4, 40, 0, '2020-06-05 14:47:29', '2020-06-05 14:47:29', 0, 1),
(185, 4, 41, 0, '2020-06-05 14:47:29', '2020-06-05 14:47:29', 0, 1),
(186, 4, 42, 0, '2020-06-05 14:47:29', '2020-06-05 14:47:29', 0, 1),
(187, 4, 43, 0, '2020-06-05 14:47:29', '2020-06-05 14:47:29', 0, 1),
(188, 4, 44, 0, '2020-06-05 14:47:29', '2020-06-05 14:47:29', 0, 1),
(189, 4, 45, 0, '2020-06-05 14:47:29', '2020-06-05 14:47:29', 0, 1),
(190, 4, 46, 0, '2020-06-05 14:47:30', '2020-06-05 14:47:30', 0, 1),
(191, 4, 47, 0, '2020-06-05 14:47:30', '2020-06-05 14:47:30', 0, 1),
(192, 4, 48, 0, '2020-06-05 14:47:30', '2020-06-05 14:47:30', 0, 1),
(193, 5, 1, 0, '2020-06-06 12:07:01', '2020-06-06 12:07:01', 0, 1),
(194, 5, 2, 0, '2020-06-06 12:07:01', '2020-06-06 12:07:01', 0, 1),
(195, 5, 3, 0, '2020-06-06 12:07:01', '2020-06-06 12:07:01', 0, 1),
(196, 5, 4, 0, '2020-06-06 12:07:01', '2020-06-06 12:07:01', 0, 1),
(197, 5, 5, 0, '2020-06-06 12:07:01', '2020-06-06 12:07:01', 0, 1),
(198, 5, 6, 0, '2020-06-06 12:07:01', '2020-06-06 12:07:01', 0, 1),
(199, 5, 7, 0, '2020-06-06 12:07:01', '2020-06-06 12:07:01', 0, 1),
(200, 5, 8, 0, '2020-06-06 12:07:01', '2020-06-06 12:07:01', 0, 1),
(201, 5, 9, 0, '2020-06-06 12:07:01', '2020-06-06 12:07:01', 0, 1),
(202, 5, 10, 0, '2020-06-06 12:07:02', '2020-06-06 12:07:02', 0, 1),
(203, 5, 11, 0, '2020-06-06 12:07:02', '2020-06-06 12:07:02', 0, 1),
(204, 5, 12, 0, '2020-06-06 12:07:02', '2020-06-06 12:07:02', 0, 1),
(205, 5, 13, 0, '2020-06-06 12:07:02', '2020-06-06 12:07:02', 0, 1),
(206, 5, 14, 0, '2020-06-06 12:07:02', '2020-06-06 12:07:02', 0, 1),
(207, 5, 15, 0, '2020-06-06 12:07:02', '2020-06-06 12:07:02', 0, 1),
(208, 5, 16, 0, '2020-06-06 12:07:02', '2020-06-06 12:07:02', 0, 1),
(209, 5, 17, 0, '2020-06-06 12:07:02', '2020-06-06 12:07:02', 0, 1),
(210, 5, 18, 0, '2020-06-06 12:07:02', '2020-06-06 12:07:02', 0, 1),
(211, 5, 19, 0, '2020-06-06 12:07:02', '2020-06-06 12:07:02', 0, 1),
(212, 5, 20, 0, '2020-06-06 12:07:02', '2020-06-06 12:07:02', 0, 1),
(213, 5, 21, 0, '2020-06-06 12:07:02', '2020-06-06 12:07:02', 0, 1),
(214, 5, 22, 0, '2020-06-06 12:07:02', '2020-06-06 12:07:02', 0, 1),
(215, 5, 23, 0, '2020-06-06 12:07:02', '2020-06-06 12:07:02', 0, 1),
(216, 5, 24, 0, '2020-06-06 12:07:03', '2020-06-06 12:07:03', 0, 1),
(217, 5, 25, 0, '2020-06-06 12:07:03', '2020-06-06 12:07:03', 0, 1),
(218, 5, 26, 0, '2020-06-06 12:07:03', '2020-06-06 12:07:03', 0, 1),
(219, 5, 27, 0, '2020-06-06 12:07:03', '2020-06-06 12:07:03', 0, 1),
(220, 5, 28, 0, '2020-06-06 12:07:03', '2020-06-06 12:07:03', 0, 1),
(221, 5, 29, 0, '2020-06-06 12:07:03', '2020-06-06 12:07:03', 0, 1),
(222, 5, 30, 0, '2020-06-06 12:07:03', '2020-06-06 12:07:03', 0, 1),
(223, 5, 31, 0, '2020-06-06 12:07:03', '2020-06-06 12:07:03', 0, 1),
(224, 5, 32, 0, '2020-06-06 12:07:03', '2020-06-06 12:07:03', 0, 1),
(225, 5, 33, 0, '2020-06-06 12:07:03', '2020-06-06 12:07:03', 0, 1),
(226, 5, 34, 0, '2020-06-06 12:07:03', '2020-06-06 12:07:03', 0, 1),
(227, 5, 35, 0, '2020-06-06 12:07:03', '2020-06-06 12:07:03', 0, 1),
(228, 5, 36, 0, '2020-06-06 12:07:03', '2020-06-06 12:07:03', 0, 1),
(229, 5, 37, 0, '2020-06-06 12:07:03', '2020-06-06 12:07:03', 0, 1),
(230, 5, 38, 0, '2020-06-06 12:07:03', '2020-06-06 12:07:03', 0, 1),
(231, 5, 39, 0, '2020-06-06 12:07:03', '2020-06-06 12:07:03', 0, 1),
(232, 5, 40, 0, '2020-06-06 12:07:03', '2020-06-06 12:07:03', 0, 1),
(233, 5, 41, 0, '2020-06-06 12:07:03', '2020-06-06 12:07:03', 0, 1),
(234, 5, 42, 0, '2020-06-06 12:07:03', '2020-06-06 12:07:03', 0, 1),
(235, 5, 43, 0, '2020-06-06 12:07:04', '2020-06-06 12:07:04', 0, 1),
(236, 5, 44, 0, '2020-06-06 12:07:04', '2020-06-06 12:07:04', 0, 1),
(237, 5, 45, 0, '2020-06-06 12:07:04', '2020-06-06 12:07:04', 0, 1),
(238, 5, 46, 0, '2020-06-06 12:07:04', '2020-06-06 12:07:04', 0, 1),
(239, 5, 47, 0, '2020-06-06 12:07:04', '2020-06-06 12:07:04', 0, 1),
(240, 5, 48, 0, '2020-06-06 12:07:04', '2020-06-06 12:07:04', 0, 1),
(241, 6, 1, 0, '2020-06-08 08:24:00', '2020-06-08 08:24:00', 0, 1),
(242, 6, 2, 0, '2020-06-08 08:24:00', '2020-06-08 08:24:00', 0, 1),
(243, 6, 3, 0, '2020-06-08 08:24:00', '2020-06-08 08:24:00', 0, 1),
(244, 6, 4, 0, '2020-06-08 08:24:00', '2020-06-08 08:24:00', 0, 1),
(245, 6, 5, 0, '2020-06-08 08:24:00', '2020-06-08 08:24:00', 0, 1),
(246, 6, 6, 0, '2020-06-08 08:24:00', '2020-06-08 08:24:00', 0, 1),
(247, 6, 7, 0, '2020-06-08 08:24:00', '2020-06-08 08:24:00', 0, 1),
(248, 6, 8, 0, '2020-06-08 08:24:00', '2020-06-08 08:24:00', 0, 1),
(249, 6, 9, 0, '2020-06-08 08:24:00', '2020-06-08 08:24:00', 0, 1),
(250, 6, 10, 0, '2020-06-08 08:24:00', '2020-06-08 08:24:00', 0, 1),
(251, 6, 11, 0, '2020-06-08 08:24:00', '2020-06-08 08:24:00', 0, 1),
(252, 6, 12, 0, '2020-06-08 08:24:00', '2020-06-08 08:24:00', 0, 1),
(253, 6, 13, 0, '2020-06-08 08:24:00', '2020-06-08 08:24:00', 0, 1),
(254, 6, 14, 0, '2020-06-08 08:24:00', '2020-06-08 08:24:00', 0, 1),
(255, 6, 15, 0, '2020-06-08 08:24:01', '2020-06-08 08:24:01', 0, 1),
(256, 6, 16, 0, '2020-06-08 08:24:01', '2020-06-08 08:24:01', 0, 1),
(257, 6, 17, 0, '2020-06-08 08:24:01', '2020-06-08 08:24:01', 0, 1),
(258, 6, 18, 0, '2020-06-08 08:24:01', '2020-06-08 08:24:01', 0, 1),
(259, 6, 19, 0, '2020-06-08 08:24:01', '2020-06-08 08:24:01', 0, 1),
(260, 6, 20, 0, '2020-06-08 08:24:01', '2020-06-08 08:24:01', 0, 1),
(261, 6, 21, 0, '2020-06-08 08:24:01', '2020-06-08 08:24:01', 0, 1),
(262, 6, 22, 0, '2020-06-08 08:24:01', '2020-06-08 08:24:01', 0, 1),
(263, 6, 23, 0, '2020-06-08 08:24:01', '2020-06-08 08:24:01', 0, 1),
(264, 6, 24, 0, '2020-06-08 08:24:01', '2020-06-08 08:24:01', 0, 1),
(265, 6, 25, 0, '2020-06-08 08:24:01', '2020-06-08 08:24:01', 0, 1),
(266, 6, 26, 0, '2020-06-08 08:24:01', '2020-06-08 08:24:01', 0, 1),
(267, 6, 27, 0, '2020-06-08 08:24:01', '2020-06-08 08:24:01', 0, 1),
(268, 6, 28, 0, '2020-06-08 08:24:01', '2020-06-08 08:24:01', 0, 1),
(269, 6, 29, 0, '2020-06-08 08:24:02', '2020-06-08 08:24:02', 0, 1),
(270, 6, 30, 0, '2020-06-08 08:24:02', '2020-06-08 08:24:02', 0, 1),
(271, 6, 31, 0, '2020-06-08 08:24:02', '2020-06-08 08:24:02', 0, 1),
(272, 6, 32, 0, '2020-06-08 08:24:02', '2020-06-08 08:24:02', 0, 1),
(273, 6, 33, 0, '2020-06-08 08:24:02', '2020-06-08 08:24:02', 0, 1),
(274, 6, 34, 0, '2020-06-08 08:24:02', '2020-06-08 08:24:02', 0, 1),
(275, 6, 35, 0, '2020-06-08 08:24:02', '2020-06-08 08:24:02', 0, 1),
(276, 6, 36, 0, '2020-06-08 08:24:02', '2020-06-08 08:24:02', 0, 1),
(277, 6, 37, 0, '2020-06-08 08:24:02', '2020-06-08 08:24:02', 0, 1),
(278, 6, 38, 0, '2020-06-08 08:24:02', '2020-06-08 08:24:02', 0, 1),
(279, 6, 39, 0, '2020-06-08 08:24:02', '2020-06-08 08:24:02', 0, 1),
(280, 6, 40, 0, '2020-06-08 08:24:02', '2020-06-08 08:24:02', 0, 1),
(281, 6, 41, 0, '2020-06-08 08:24:02', '2020-06-08 08:24:02', 0, 1),
(282, 6, 42, 0, '2020-06-08 08:24:02', '2020-06-08 08:24:02', 0, 1),
(283, 6, 43, 0, '2020-06-08 08:24:03', '2020-06-08 08:24:03', 0, 1),
(284, 6, 44, 0, '2020-06-08 08:24:03', '2020-06-08 08:24:03', 0, 1),
(285, 6, 45, 0, '2020-06-08 08:24:03', '2020-06-08 08:24:03', 0, 1),
(286, 6, 46, 0, '2020-06-08 08:24:03', '2020-06-08 08:24:03', 0, 1),
(287, 6, 47, 0, '2020-06-08 08:24:03', '2020-06-08 08:24:03', 0, 1),
(288, 6, 48, 0, '2020-06-08 08:24:03', '2020-06-08 08:24:03', 0, 1),
(289, 7, 1, 0, '2020-06-09 09:37:59', '2020-06-09 09:37:59', 0, 1),
(290, 7, 2, 0, '2020-06-09 09:38:00', '2020-06-09 09:38:00', 0, 1),
(291, 7, 3, 0, '2020-06-09 09:38:00', '2020-06-09 09:38:00', 0, 1),
(292, 7, 4, 0, '2020-06-09 09:38:00', '2020-06-09 09:38:00', 0, 1),
(293, 7, 5, 0, '2020-06-09 09:38:00', '2020-06-09 09:38:00', 0, 1),
(294, 7, 6, 0, '2020-06-09 09:38:00', '2020-06-09 09:38:00', 0, 1),
(295, 7, 7, 0, '2020-06-09 09:38:00', '2020-06-09 09:38:00', 0, 1),
(296, 7, 8, 0, '2020-06-09 09:38:01', '2020-06-09 09:38:01', 0, 1),
(297, 7, 9, 0, '2020-06-09 09:38:01', '2020-06-09 09:38:01', 0, 1),
(298, 7, 10, 115, '2020-06-09 09:38:01', '2020-06-09 09:38:01', 0, 1),
(299, 7, 11, 0, '2020-06-09 09:38:01', '2020-06-09 09:38:01', 0, 1),
(300, 7, 12, 0, '2020-06-09 09:38:01', '2020-06-09 09:38:01', 0, 1),
(301, 7, 13, 0, '2020-06-09 09:38:01', '2020-06-09 09:38:01', 0, 1),
(302, 7, 14, 13, '2020-06-09 09:38:01', '2020-06-09 09:38:01', 0, 1),
(303, 7, 15, 0, '2020-06-09 09:38:01', '2020-06-09 09:38:01', 0, 1),
(304, 7, 16, 0, '2020-06-09 09:38:02', '2020-06-09 09:38:02', 0, 1),
(305, 7, 17, 0, '2020-06-09 09:38:02', '2020-06-09 09:38:02', 0, 1),
(306, 7, 18, 0, '2020-06-09 09:38:02', '2020-06-09 09:38:02', 0, 1),
(307, 7, 19, 0, '2020-06-09 09:38:02', '2020-06-09 09:38:02', 0, 1),
(308, 7, 20, 0, '2020-06-09 09:38:02', '2020-06-09 09:38:02', 0, 1),
(309, 7, 21, 0, '2020-06-09 09:38:02', '2020-06-09 09:38:02', 0, 1),
(310, 7, 22, 0, '2020-06-09 09:38:02', '2020-06-09 09:38:02', 0, 1),
(311, 7, 23, 0, '2020-06-09 09:38:02', '2020-06-09 09:38:02', 0, 1),
(312, 7, 24, 0, '2020-06-09 09:38:02', '2020-06-09 09:38:02', 0, 1),
(313, 7, 25, 0, '2020-06-09 09:38:02', '2020-06-09 09:38:02', 0, 1),
(314, 7, 26, 0, '2020-06-09 09:38:03', '2020-06-09 09:38:03', 0, 1),
(315, 7, 27, 0, '2020-06-09 09:38:03', '2020-06-09 09:38:03', 0, 1),
(316, 7, 28, 0, '2020-06-09 09:38:03', '2020-06-09 09:38:03', 0, 1),
(317, 7, 29, 155, '2020-06-09 09:38:03', '2020-06-09 09:38:03', 0, 1),
(318, 7, 30, 0, '2020-06-09 09:38:03', '2020-06-09 09:38:03', 0, 1),
(319, 7, 31, 0, '2020-06-09 09:38:03', '2020-06-09 09:38:03', 0, 1),
(320, 7, 32, 40, '2020-06-09 09:38:03', '2020-06-09 09:38:03', 0, 1),
(321, 7, 33, 4, '2020-06-09 09:38:03', '2020-06-09 09:38:03', 0, 1),
(322, 7, 34, 0, '2020-06-09 09:38:03', '2020-06-09 09:38:03', 0, 1),
(323, 7, 35, 0, '2020-06-09 09:38:03', '2020-06-09 09:38:03', 0, 1),
(324, 7, 36, 0, '2020-06-09 09:38:03', '2020-06-09 09:38:03', 0, 1),
(325, 7, 37, 0, '2020-06-09 09:38:03', '2020-06-09 09:38:03', 0, 1),
(326, 7, 38, 0, '2020-06-09 09:38:03', '2020-06-09 09:38:03', 0, 1),
(327, 7, 39, 0, '2020-06-09 09:38:03', '2020-06-09 09:38:03', 0, 1),
(328, 7, 40, 0, '2020-06-09 09:38:03', '2020-06-09 09:38:03', 0, 1),
(329, 7, 41, 0, '2020-06-09 09:38:03', '2020-06-09 09:38:03', 0, 1),
(330, 7, 42, 0, '2020-06-09 09:38:03', '2020-06-09 09:38:03', 0, 1),
(331, 7, 43, 0, '2020-06-09 09:38:03', '2020-06-09 09:38:03', 0, 1),
(332, 7, 44, 0, '2020-06-09 09:38:03', '2020-06-09 09:38:03', 0, 1),
(333, 7, 45, 0, '2020-06-09 09:38:04', '2020-06-09 09:38:04', 0, 1),
(334, 7, 46, 0, '2020-06-09 09:38:04', '2020-06-09 09:38:04', 0, 1),
(335, 7, 47, 0, '2020-06-09 09:38:04', '2020-06-09 09:38:04', 0, 1),
(336, 7, 48, 0, '2020-06-09 09:38:04', '2020-06-09 09:38:04', 0, 1),
(337, 8, 1, 0, '2020-06-10 09:33:17', '2020-06-10 09:33:17', 0, 1),
(338, 8, 2, 0, '2020-06-10 09:33:17', '2020-06-10 09:33:17', 0, 1),
(339, 8, 3, 0, '2020-06-10 09:33:17', '2020-06-10 09:33:17', 0, 1),
(340, 8, 4, 0, '2020-06-10 09:33:17', '2020-06-10 09:33:17', 0, 1),
(341, 8, 5, 0, '2020-06-10 09:33:17', '2020-06-10 09:33:17', 0, 1),
(342, 8, 6, 0, '2020-06-10 09:33:17', '2020-06-10 09:33:17', 0, 1),
(343, 8, 7, 0, '2020-06-10 09:33:18', '2020-06-10 09:33:18', 0, 1),
(344, 8, 8, 0, '2020-06-10 09:33:18', '2020-06-10 09:33:18', 0, 1),
(345, 8, 9, 0, '2020-06-10 09:33:18', '2020-06-10 09:33:18', 0, 1),
(346, 8, 10, 0, '2020-06-10 09:33:18', '2020-06-10 09:33:18', 0, 1),
(347, 8, 11, 0, '2020-06-10 09:33:18', '2020-06-10 09:33:18', 0, 1),
(348, 8, 12, 0, '2020-06-10 09:33:18', '2020-06-10 09:33:18', 0, 1),
(349, 8, 13, 0, '2020-06-10 09:33:18', '2020-06-10 09:33:18', 0, 1),
(350, 8, 14, 0, '2020-06-10 09:33:18', '2020-06-10 09:33:18', 0, 1),
(351, 8, 15, 0, '2020-06-10 09:33:19', '2020-06-10 09:33:19', 0, 1),
(352, 8, 16, 0, '2020-06-10 09:33:19', '2020-06-10 09:33:19', 0, 1),
(353, 8, 17, 0, '2020-06-10 09:33:19', '2020-06-10 09:33:19', 0, 1),
(354, 8, 18, 0, '2020-06-10 09:33:19', '2020-06-10 09:33:19', 0, 1),
(355, 8, 19, 0, '2020-06-10 09:33:19', '2020-06-10 09:33:19', 0, 1),
(356, 8, 20, 0, '2020-06-10 09:33:19', '2020-06-10 09:33:19', 0, 1),
(357, 8, 21, 0, '2020-06-10 09:33:19', '2020-06-10 09:33:19', 0, 1),
(358, 8, 22, 0, '2020-06-10 09:33:19', '2020-06-10 09:33:19', 0, 1),
(359, 8, 23, 0, '2020-06-10 09:33:19', '2020-06-10 09:33:19', 0, 1),
(360, 8, 24, 0, '2020-06-10 09:33:20', '2020-06-10 09:33:20', 0, 1),
(361, 8, 25, 0, '2020-06-10 09:33:20', '2020-06-10 09:33:20', 0, 1),
(362, 8, 26, 0, '2020-06-10 09:33:20', '2020-06-10 09:33:20', 0, 1),
(363, 8, 27, 0, '2020-06-10 09:33:20', '2020-06-10 09:33:20', 0, 1),
(364, 8, 28, 0, '2020-06-10 09:33:20', '2020-06-10 09:33:20', 0, 1),
(365, 8, 29, 0, '2020-06-10 09:33:20', '2020-06-10 09:33:20', 0, 1),
(366, 8, 30, 0, '2020-06-10 09:33:20', '2020-06-10 09:33:20', 0, 1),
(367, 8, 31, 0, '2020-06-10 09:33:20', '2020-06-10 09:33:20', 0, 1),
(368, 8, 32, 0, '2020-06-10 09:33:20', '2020-06-10 09:33:20', 0, 1),
(369, 8, 33, 0, '2020-06-10 09:33:20', '2020-06-10 09:33:20', 0, 1),
(370, 8, 34, 0, '2020-06-10 09:33:20', '2020-06-10 09:33:20', 0, 1),
(371, 8, 35, 0, '2020-06-10 09:33:20', '2020-06-10 09:33:20', 0, 1),
(372, 8, 36, 0, '2020-06-10 09:33:20', '2020-06-10 09:33:20', 0, 1),
(373, 8, 37, 0, '2020-06-10 09:33:21', '2020-06-10 09:33:21', 0, 1),
(374, 8, 38, 0, '2020-06-10 09:33:21', '2020-06-10 09:33:21', 0, 1),
(375, 8, 39, 0, '2020-06-10 09:33:21', '2020-06-10 09:33:21', 0, 1),
(376, 8, 40, 0, '2020-06-10 09:33:21', '2020-06-10 09:33:21', 0, 1),
(377, 8, 41, 0, '2020-06-10 09:33:21', '2020-06-10 09:33:21', 0, 1),
(378, 8, 42, 0, '2020-06-10 09:33:21', '2020-06-10 09:33:21', 0, 1),
(379, 8, 43, 0, '2020-06-10 09:33:21', '2020-06-10 09:33:21', 0, 1),
(380, 8, 44, 0, '2020-06-10 09:33:22', '2020-06-10 09:33:22', 0, 1),
(381, 8, 45, 0, '2020-06-10 09:33:22', '2020-06-10 09:33:22', 0, 1),
(382, 8, 46, 0, '2020-06-10 09:33:22', '2020-06-10 09:33:22', 0, 1),
(383, 8, 47, 0, '2020-06-10 09:33:22', '2020-06-10 09:33:22', 0, 1),
(384, 8, 48, 0, '2020-06-10 09:33:23', '2020-06-10 09:33:23', 0, 1),
(385, 9, 1, 0, '2020-06-11 17:17:07', '2020-06-11 17:17:07', 0, 1),
(386, 9, 2, 0, '2020-06-11 17:17:07', '2020-06-11 17:17:07', 0, 1),
(387, 9, 3, 0, '2020-06-11 17:17:07', '2020-06-11 17:17:07', 0, 1),
(388, 9, 4, 0, '2020-06-11 17:17:07', '2020-06-11 17:17:07', 0, 1),
(389, 9, 5, 0, '2020-06-11 17:17:07', '2020-06-11 17:17:07', 0, 1),
(390, 9, 6, 0, '2020-06-11 17:17:07', '2020-06-11 17:17:07', 0, 1),
(391, 9, 7, 0, '2020-06-11 17:17:07', '2020-06-11 17:17:07', 0, 1),
(392, 9, 8, 0, '2020-06-11 17:17:07', '2020-06-11 17:17:07', 0, 1),
(393, 9, 9, 0, '2020-06-11 17:17:08', '2020-06-11 17:17:08', 0, 1),
(394, 9, 10, 0, '2020-06-11 17:17:08', '2020-06-11 17:17:08', 0, 1),
(395, 9, 11, 0, '2020-06-11 17:17:08', '2020-06-11 17:17:08', 0, 1),
(396, 9, 12, 0, '2020-06-11 17:17:08', '2020-06-11 17:17:08', 0, 1),
(397, 9, 13, 0, '2020-06-11 17:17:08', '2020-06-11 17:17:08', 0, 1),
(398, 9, 14, 0, '2020-06-11 17:17:08', '2020-06-11 17:17:08', 0, 1),
(399, 9, 15, 124, '2020-06-11 17:17:08', '2020-06-11 17:17:08', 0, 1),
(400, 9, 16, 0, '2020-06-11 17:17:08', '2020-06-11 17:17:08', 0, 1),
(401, 9, 17, 0, '2020-06-11 17:17:08', '2020-06-11 17:17:08', 0, 1),
(402, 9, 18, 35, '2020-06-11 17:17:08', '2020-06-11 17:17:08', 0, 1),
(403, 9, 19, 0, '2020-06-11 17:17:08', '2020-06-11 17:17:08', 0, 1),
(404, 9, 20, 0, '2020-06-11 17:17:09', '2020-06-11 17:17:09', 0, 1),
(405, 9, 21, 0, '2020-06-11 17:17:09', '2020-06-11 17:17:09', 0, 1),
(406, 9, 22, 77, '2020-06-11 17:17:09', '2020-06-11 17:17:09', 0, 1),
(407, 9, 23, 0, '2020-06-11 17:17:09', '2020-06-11 17:17:09', 0, 1),
(408, 9, 24, 0, '2020-06-11 17:17:09', '2020-06-11 17:17:09', 0, 1),
(409, 9, 25, 0, '2020-06-11 17:17:09', '2020-06-11 17:17:09', 0, 1),
(410, 9, 26, 0, '2020-06-11 17:17:09', '2020-06-11 17:17:09', 0, 1),
(411, 9, 27, 0, '2020-06-11 17:17:10', '2020-06-11 17:17:10', 0, 1),
(412, 9, 28, 0, '2020-06-11 17:17:10', '2020-06-11 17:17:10', 0, 1),
(413, 9, 29, 0, '2020-06-11 17:17:10', '2020-06-11 17:17:10', 0, 1),
(414, 9, 30, 0, '2020-06-11 17:17:10', '2020-06-11 17:17:10', 0, 1),
(415, 9, 31, 0, '2020-06-11 17:17:10', '2020-06-11 17:17:10', 0, 1),
(416, 9, 32, 0, '2020-06-11 17:17:10', '2020-06-11 17:17:10', 0, 1),
(417, 9, 33, 0, '2020-06-11 17:17:10', '2020-06-11 17:17:10', 0, 1),
(418, 9, 34, 0, '2020-06-11 17:17:10', '2020-06-11 17:17:10', 0, 1),
(419, 9, 35, 0, '2020-06-11 17:17:10', '2020-06-11 17:17:10', 0, 1),
(420, 9, 36, 0, '2020-06-11 17:17:10', '2020-06-11 17:17:10', 0, 1),
(421, 9, 37, 0, '2020-06-11 17:17:11', '2020-06-11 17:17:11', 0, 1),
(422, 9, 38, 0, '2020-06-11 17:17:11', '2020-06-11 17:17:11', 0, 1),
(423, 9, 39, 0, '2020-06-11 17:17:11', '2020-06-11 17:17:11', 0, 1),
(424, 9, 40, 0, '2020-06-11 17:17:11', '2020-06-11 17:17:11', 0, 1),
(425, 9, 41, 0, '2020-06-11 17:17:11', '2020-06-11 17:17:11', 0, 1),
(426, 9, 42, 0, '2020-06-11 17:17:11', '2020-06-11 17:17:11', 0, 1),
(427, 9, 43, 0, '2020-06-11 17:17:11', '2020-06-11 17:17:11', 0, 1),
(428, 9, 44, 0, '2020-06-11 17:17:11', '2020-06-11 17:17:11', 0, 1),
(429, 9, 45, 0, '2020-06-11 17:17:12', '2020-06-11 17:17:12', 0, 1),
(430, 9, 46, 0, '2020-06-11 17:17:12', '2020-06-11 17:17:12', 0, 1),
(431, 9, 47, 0, '2020-06-11 17:17:12', '2020-06-11 17:17:12', 0, 1),
(432, 9, 48, 0, '2020-06-11 17:17:12', '2020-06-11 17:17:12', 0, 1),
(433, 10, 1, 11, '2020-06-12 10:21:14', '2020-06-12 10:21:14', 0, 1),
(434, 10, 2, 0, '2020-06-12 10:21:15', '2020-06-12 10:21:15', 0, 1),
(435, 10, 3, 0, '2020-06-12 10:21:15', '2020-06-12 10:21:15', 0, 1),
(436, 10, 4, 0, '2020-06-12 10:21:15', '2020-06-12 10:21:15', 0, 1),
(437, 10, 5, 0, '2020-06-12 10:21:15', '2020-06-12 10:21:15', 0, 1),
(438, 10, 6, 0, '2020-06-12 10:21:15', '2020-06-12 10:21:15', 0, 1),
(439, 10, 7, 0, '2020-06-12 10:21:16', '2020-06-12 10:21:16', 0, 1),
(440, 10, 8, 0, '2020-06-12 10:21:16', '2020-06-12 10:21:16', 0, 1),
(441, 10, 9, 0, '2020-06-12 10:21:16', '2020-06-12 10:21:16', 0, 1),
(442, 10, 10, 0, '2020-06-12 10:21:16', '2020-06-12 10:21:16', 0, 1),
(443, 10, 11, 0, '2020-06-12 10:21:16', '2020-06-12 10:21:16', 0, 1),
(444, 10, 12, 0, '2020-06-12 10:21:16', '2020-06-12 10:21:16', 0, 1),
(445, 10, 13, 0, '2020-06-12 10:21:17', '2020-06-12 10:21:17', 0, 1),
(446, 10, 14, 0, '2020-06-12 10:21:17', '2020-06-12 10:21:17', 0, 1),
(447, 10, 15, 0, '2020-06-12 10:21:17', '2020-06-12 10:21:17', 0, 1),
(448, 10, 16, 0, '2020-06-12 10:21:17', '2020-06-12 10:21:17', 0, 1),
(449, 10, 17, 0, '2020-06-12 10:21:17', '2020-06-12 10:21:17', 0, 1),
(450, 10, 18, 0, '2020-06-12 10:21:17', '2020-06-12 10:21:17', 0, 1),
(451, 10, 19, 0, '2020-06-12 10:21:17', '2020-06-12 10:21:17', 0, 1),
(452, 10, 20, 0, '2020-06-12 10:21:18', '2020-06-12 10:21:18', 0, 1),
(453, 10, 21, 0, '2020-06-12 10:21:18', '2020-06-12 10:21:18', 0, 1),
(454, 10, 22, 0, '2020-06-12 10:21:18', '2020-06-12 10:21:18', 0, 1),
(455, 10, 23, 0, '2020-06-12 10:21:18', '2020-06-12 10:21:18', 0, 1),
(456, 10, 24, 0, '2020-06-12 10:21:18', '2020-06-12 10:21:18', 0, 1),
(457, 10, 25, 0, '2020-06-12 10:21:18', '2020-06-12 10:21:18', 0, 1),
(458, 10, 26, 0, '2020-06-12 10:21:18', '2020-06-12 10:21:18', 0, 1),
(459, 10, 27, 0, '2020-06-12 10:21:18', '2020-06-12 10:21:18', 0, 1),
(460, 10, 28, 0, '2020-06-12 10:21:18', '2020-06-12 10:21:18', 0, 1),
(461, 10, 29, 0, '2020-06-12 10:21:18', '2020-06-12 10:21:18', 0, 1),
(462, 10, 30, 0, '2020-06-12 10:21:18', '2020-06-12 10:21:18', 0, 1),
(463, 10, 31, 0, '2020-06-12 10:21:18', '2020-06-12 10:21:18', 0, 1),
(464, 10, 32, 0, '2020-06-12 10:21:18', '2020-06-12 10:21:18', 0, 1),
(465, 10, 33, 0, '2020-06-12 10:21:18', '2020-06-12 10:21:18', 0, 1),
(466, 10, 34, 0, '2020-06-12 10:21:18', '2020-06-12 10:21:18', 0, 1),
(467, 10, 35, 0, '2020-06-12 10:21:18', '2020-06-12 10:21:18', 0, 1),
(468, 10, 36, 0, '2020-06-12 10:21:18', '2020-06-12 10:21:18', 0, 1),
(469, 10, 37, 0, '2020-06-12 10:21:18', '2020-06-12 10:21:18', 0, 1),
(470, 10, 38, 0, '2020-06-12 10:21:19', '2020-06-12 10:21:19', 0, 1),
(471, 10, 39, 0, '2020-06-12 10:21:19', '2020-06-12 10:21:19', 0, 1),
(472, 10, 40, 0, '2020-06-12 10:21:19', '2020-06-12 10:21:19', 0, 1),
(473, 10, 41, 0, '2020-06-12 10:21:19', '2020-06-12 10:21:19', 0, 1),
(474, 10, 42, 0, '2020-06-12 10:21:19', '2020-06-12 10:21:19', 0, 1),
(475, 10, 43, 0, '2020-06-12 10:21:19', '2020-06-12 10:21:19', 0, 1),
(476, 10, 44, 0, '2020-06-12 10:21:19', '2020-06-12 10:21:19', 0, 1),
(477, 10, 45, 0, '2020-06-12 10:21:19', '2020-06-12 10:21:19', 0, 1),
(478, 10, 46, 0, '2020-06-12 10:21:19', '2020-06-12 10:21:19', 0, 1),
(479, 10, 47, 0, '2020-06-12 10:21:19', '2020-06-12 10:21:19', 0, 1),
(480, 10, 48, 0, '2020-06-12 10:21:19', '2020-06-12 10:21:19', 0, 1),
(481, 11, 1, 0, '2020-06-13 11:52:40', '2020-06-13 11:52:40', 0, 1),
(482, 11, 2, 0, '2020-06-13 11:52:40', '2020-06-13 11:52:40', 0, 1),
(483, 11, 3, 0, '2020-06-13 11:52:40', '2020-06-13 11:52:40', 0, 1),
(484, 11, 4, 0, '2020-06-13 11:52:40', '2020-06-13 11:52:40', 0, 1),
(485, 11, 5, 0, '2020-06-13 11:52:40', '2020-06-13 11:52:40', 0, 1),
(486, 11, 6, 0, '2020-06-13 11:52:40', '2020-06-13 11:52:40', 0, 1),
(487, 11, 7, 0, '2020-06-13 11:52:40', '2020-06-13 11:52:40', 0, 1),
(488, 11, 8, 0, '2020-06-13 11:52:41', '2020-06-13 11:52:41', 0, 1),
(489, 11, 9, 0, '2020-06-13 11:52:41', '2020-06-13 11:52:41', 0, 1),
(490, 11, 10, 58, '2020-06-13 11:52:41', '2020-06-13 11:52:41', 0, 1),
(491, 11, 11, 0, '2020-06-13 11:52:41', '2020-06-13 11:52:41', 0, 1),
(492, 11, 12, 0, '2020-06-13 11:52:41', '2020-06-13 11:52:41', 0, 1),
(493, 11, 13, 0, '2020-06-13 11:52:41', '2020-06-13 11:52:41', 0, 1),
(494, 11, 14, 0, '2020-06-13 11:52:41', '2020-06-13 11:52:41', 0, 1),
(495, 11, 15, 0, '2020-06-13 11:52:41', '2020-06-13 11:52:41', 0, 1),
(496, 11, 16, 0, '2020-06-13 11:52:41', '2020-06-13 11:52:41', 0, 1),
(497, 11, 17, 0, '2020-06-13 11:52:41', '2020-06-13 11:52:41', 0, 1),
(498, 11, 18, 0, '2020-06-13 11:52:41', '2020-06-13 11:52:41', 0, 1),
(499, 11, 19, 0, '2020-06-13 11:52:41', '2020-06-13 11:52:41', 0, 1),
(500, 11, 20, 0, '2020-06-13 11:52:41', '2020-06-13 11:52:41', 0, 1),
(501, 11, 21, 0, '2020-06-13 11:52:41', '2020-06-13 11:52:41', 0, 1),
(502, 11, 22, 0, '2020-06-13 11:52:41', '2020-06-13 11:52:41', 0, 1),
(503, 11, 23, 0, '2020-06-13 11:52:41', '2020-06-13 11:52:41', 0, 1),
(504, 11, 24, 0, '2020-06-13 11:52:41', '2020-06-13 11:52:41', 0, 1),
(505, 11, 25, 0, '2020-06-13 11:52:41', '2020-06-13 11:52:41', 0, 1),
(506, 11, 26, 0, '2020-06-13 11:52:41', '2020-06-13 11:52:41', 0, 1),
(507, 11, 27, 0, '2020-06-13 11:52:41', '2020-06-13 11:52:41', 0, 1),
(508, 11, 28, 0, '2020-06-13 11:52:41', '2020-06-13 11:52:41', 0, 1),
(509, 11, 29, 0, '2020-06-13 11:52:41', '2020-06-13 11:52:41', 0, 1),
(510, 11, 30, 0, '2020-06-13 11:52:41', '2020-06-13 11:52:41', 0, 1),
(511, 11, 31, 0, '2020-06-13 11:52:41', '2020-06-13 11:52:41', 0, 1),
(512, 11, 32, 0, '2020-06-13 11:52:42', '2020-06-13 11:52:42', 0, 1),
(513, 11, 33, 0, '2020-06-13 11:52:42', '2020-06-13 11:52:42', 0, 1),
(514, 11, 34, 0, '2020-06-13 11:52:42', '2020-06-13 11:52:42', 0, 1),
(515, 11, 35, 0, '2020-06-13 11:52:42', '2020-06-13 11:52:42', 0, 1),
(516, 11, 36, 0, '2020-06-13 11:52:42', '2020-06-13 11:52:42', 0, 1),
(517, 11, 37, 0, '2020-06-13 11:52:42', '2020-06-13 11:52:42', 0, 1),
(518, 11, 38, 0, '2020-06-13 11:52:42', '2020-06-13 11:52:42', 0, 1),
(519, 11, 39, 0, '2020-06-13 11:52:42', '2020-06-13 11:52:42', 0, 1),
(520, 11, 40, 0, '2020-06-13 11:52:42', '2020-06-13 11:52:42', 0, 1),
(521, 11, 41, 0, '2020-06-13 11:52:42', '2020-06-13 11:52:42', 0, 1),
(522, 11, 42, 0, '2020-06-13 11:52:42', '2020-06-13 11:52:42', 0, 1),
(523, 11, 43, 0, '2020-06-13 11:52:42', '2020-06-13 11:52:42', 0, 1),
(524, 11, 44, 0, '2020-06-13 11:52:42', '2020-06-13 11:52:42', 0, 1),
(525, 11, 45, 0, '2020-06-13 11:52:42', '2020-06-13 11:52:42', 0, 1),
(526, 11, 46, 0, '2020-06-13 11:52:42', '2020-06-13 11:52:42', 0, 1),
(527, 11, 47, 0, '2020-06-13 11:52:42', '2020-06-13 11:52:42', 0, 1),
(528, 11, 48, 0, '2020-06-13 11:52:42', '2020-06-13 11:52:42', 0, 1),
(529, 12, 1, 0, '2020-06-14 16:04:12', '2020-06-14 16:04:12', 0, 1),
(530, 12, 2, 0, '2020-06-14 16:04:12', '2020-06-14 16:04:12', 0, 1),
(531, 12, 3, 0, '2020-06-14 16:04:13', '2020-06-14 16:04:13', 0, 1),
(532, 12, 4, 0, '2020-06-14 16:04:13', '2020-06-14 16:04:13', 0, 1),
(533, 12, 5, 0, '2020-06-14 16:04:13', '2020-06-14 16:04:13', 0, 1),
(534, 12, 6, 0, '2020-06-14 16:04:13', '2020-06-14 16:04:13', 0, 1),
(535, 12, 7, 0, '2020-06-14 16:04:13', '2020-06-14 16:04:13', 0, 1),
(536, 12, 8, 0, '2020-06-14 16:04:13', '2020-06-14 16:04:13', 0, 1),
(537, 12, 9, 0, '2020-06-14 16:04:13', '2020-06-14 16:04:13', 0, 1),
(538, 12, 10, 0, '2020-06-14 16:04:13', '2020-06-14 16:04:13', 0, 1),
(539, 12, 11, 0, '2020-06-14 16:04:13', '2020-06-14 16:04:13', 0, 1),
(540, 12, 12, 0, '2020-06-14 16:04:13', '2020-06-14 16:04:13', 0, 1),
(541, 12, 13, 0, '2020-06-14 16:04:13', '2020-06-14 16:04:13', 0, 1),
(542, 12, 14, 0, '2020-06-14 16:04:13', '2020-06-14 16:04:13', 0, 1),
(543, 12, 15, 0, '2020-06-14 16:04:13', '2020-06-14 16:04:13', 0, 1),
(544, 12, 16, 0, '2020-06-14 16:04:13', '2020-06-14 16:04:13', 0, 1),
(545, 12, 17, 0, '2020-06-14 16:04:13', '2020-06-14 16:04:13', 0, 1),
(546, 12, 18, 0, '2020-06-14 16:04:13', '2020-06-14 16:04:13', 0, 1),
(547, 12, 19, 0, '2020-06-14 16:04:13', '2020-06-14 16:04:13', 0, 1),
(548, 12, 20, 0, '2020-06-14 16:04:13', '2020-06-14 16:04:13', 0, 1),
(549, 12, 21, 0, '2020-06-14 16:04:13', '2020-06-14 16:04:13', 0, 1),
(550, 12, 22, 0, '2020-06-14 16:04:13', '2020-06-14 16:04:13', 0, 1),
(551, 12, 23, 0, '2020-06-14 16:04:13', '2020-06-14 16:04:13', 0, 1),
(552, 12, 24, 0, '2020-06-14 16:04:14', '2020-06-14 16:04:14', 0, 1),
(553, 12, 25, 0, '2020-06-14 16:04:14', '2020-06-14 16:04:14', 0, 1),
(554, 12, 26, 0, '2020-06-14 16:04:14', '2020-06-14 16:04:14', 0, 1),
(555, 12, 27, 0, '2020-06-14 16:04:14', '2020-06-14 16:04:14', 0, 1),
(556, 12, 28, 0, '2020-06-14 16:04:14', '2020-06-14 16:04:14', 0, 1),
(557, 12, 29, 0, '2020-06-14 16:04:14', '2020-06-14 16:04:14', 0, 1),
(558, 12, 30, 0, '2020-06-14 16:04:14', '2020-06-14 16:04:14', 0, 1),
(559, 12, 31, 0, '2020-06-14 16:04:14', '2020-06-14 16:04:14', 0, 1),
(560, 12, 32, 0, '2020-06-14 16:04:14', '2020-06-14 16:04:14', 0, 1),
(561, 12, 33, 0, '2020-06-14 16:04:14', '2020-06-14 16:04:14', 0, 1),
(562, 12, 34, 0, '2020-06-14 16:04:14', '2020-06-14 16:04:14', 0, 1),
(563, 12, 35, 0, '2020-06-14 16:04:14', '2020-06-14 16:04:14', 0, 1),
(564, 12, 36, 0, '2020-06-14 16:04:14', '2020-06-14 16:04:14', 0, 1),
(565, 12, 37, 0, '2020-06-14 16:04:14', '2020-06-14 16:04:14', 0, 1),
(566, 12, 38, 0, '2020-06-14 16:04:14', '2020-06-14 16:04:14', 0, 1),
(567, 12, 39, 0, '2020-06-14 16:04:14', '2020-06-14 16:04:14', 0, 1),
(568, 12, 40, 0, '2020-06-14 16:04:14', '2020-06-14 16:04:14', 0, 1),
(569, 12, 41, 0, '2020-06-14 16:04:14', '2020-06-14 16:04:14', 0, 1),
(570, 12, 42, 0, '2020-06-14 16:04:14', '2020-06-14 16:04:14', 0, 1),
(571, 12, 43, 0, '2020-06-14 16:04:14', '2020-06-14 16:04:14', 0, 1),
(572, 12, 44, 0, '2020-06-14 16:04:14', '2020-06-14 16:04:14', 0, 1),
(573, 12, 45, 0, '2020-06-14 16:04:14', '2020-06-14 16:04:14', 0, 1),
(574, 12, 46, 0, '2020-06-14 16:04:14', '2020-06-14 16:04:14', 0, 1),
(575, 12, 47, 0, '2020-06-14 16:04:14', '2020-06-14 16:04:14', 0, 1),
(576, 12, 48, 0, '2020-06-14 16:04:14', '2020-06-14 16:04:14', 0, 1),
(577, 13, 1, 0, '2020-06-15 10:17:31', '2020-06-15 10:17:31', 0, 1),
(578, 13, 2, 0, '2020-06-15 10:17:31', '2020-06-15 10:17:31', 0, 1),
(579, 13, 3, 0, '2020-06-15 10:17:31', '2020-06-15 10:17:31', 0, 1),
(580, 13, 4, 0, '2020-06-15 10:17:31', '2020-06-15 10:17:31', 0, 1),
(581, 13, 5, 0, '2020-06-15 10:17:31', '2020-06-15 10:17:31', 0, 1),
(582, 13, 6, 0, '2020-06-15 10:17:31', '2020-06-15 10:17:31', 0, 1),
(583, 13, 7, 0, '2020-06-15 10:17:31', '2020-06-15 10:17:31', 0, 1),
(584, 13, 8, 0, '2020-06-15 10:17:31', '2020-06-15 10:17:31', 0, 1),
(585, 13, 9, 0, '2020-06-15 10:17:31', '2020-06-15 10:17:31', 0, 1),
(586, 13, 10, 0, '2020-06-15 10:17:31', '2020-06-15 10:17:31', 0, 1),
(587, 13, 11, 0, '2020-06-15 10:17:32', '2020-06-15 10:17:32', 0, 1),
(588, 13, 12, 0, '2020-06-15 10:17:32', '2020-06-15 10:17:32', 0, 1),
(589, 13, 13, 0, '2020-06-15 10:17:32', '2020-06-15 10:17:32', 0, 1),
(590, 13, 14, 0, '2020-06-15 10:17:32', '2020-06-15 10:17:32', 0, 1),
(591, 13, 15, 0, '2020-06-15 10:17:33', '2020-06-15 10:17:33', 0, 1),
(592, 13, 16, 0, '2020-06-15 10:17:33', '2020-06-15 10:17:33', 0, 1),
(593, 13, 17, 0, '2020-06-15 10:17:33', '2020-06-15 10:17:33', 0, 1),
(594, 13, 18, 0, '2020-06-15 10:17:33', '2020-06-15 10:17:33', 0, 1),
(595, 13, 19, 0, '2020-06-15 10:17:33', '2020-06-15 10:17:33', 0, 1),
(596, 13, 20, 0, '2020-06-15 10:17:33', '2020-06-15 10:17:33', 0, 1),
(597, 13, 21, 0, '2020-06-15 10:17:33', '2020-06-15 10:17:33', 0, 1),
(598, 13, 22, 0, '2020-06-15 10:17:33', '2020-06-15 10:17:33', 0, 1),
(599, 13, 23, 0, '2020-06-15 10:17:33', '2020-06-15 10:17:33', 0, 1),
(600, 13, 24, 0, '2020-06-15 10:17:33', '2020-06-15 10:17:33', 0, 1),
(601, 13, 25, 0, '2020-06-15 10:17:33', '2020-06-15 10:17:33', 0, 1),
(602, 13, 26, 0, '2020-06-15 10:17:33', '2020-06-15 10:17:33', 0, 1),
(603, 13, 27, 0, '2020-06-15 10:17:33', '2020-06-15 10:17:33', 0, 1),
(604, 13, 28, 0, '2020-06-15 10:17:33', '2020-06-15 10:17:33', 0, 1),
(605, 13, 29, 0, '2020-06-15 10:17:33', '2020-06-15 10:17:33', 0, 1),
(606, 13, 30, 0, '2020-06-15 10:17:33', '2020-06-15 10:17:33', 0, 1),
(607, 13, 31, 0, '2020-06-15 10:17:33', '2020-06-15 10:17:33', 0, 1),
(608, 13, 32, 0, '2020-06-15 10:17:34', '2020-06-15 10:17:34', 0, 1),
(609, 13, 33, 0, '2020-06-15 10:17:34', '2020-06-15 10:17:34', 0, 1),
(610, 13, 34, 0, '2020-06-15 10:17:34', '2020-06-15 10:17:34', 0, 1),
(611, 13, 35, 0, '2020-06-15 10:17:34', '2020-06-15 10:17:34', 0, 1),
(612, 13, 36, 0, '2020-06-15 10:17:34', '2020-06-15 10:17:34', 0, 1),
(613, 13, 37, 0, '2020-06-15 10:17:34', '2020-06-15 10:17:34', 0, 1),
(614, 13, 38, 0, '2020-06-15 10:17:34', '2020-06-15 10:17:34', 0, 1),
(615, 13, 39, 0, '2020-06-15 10:17:34', '2020-06-15 10:17:34', 0, 1),
(616, 13, 40, 0, '2020-06-15 10:17:34', '2020-06-15 10:17:34', 0, 1),
(617, 13, 41, 0, '2020-06-15 10:17:34', '2020-06-15 10:17:34', 0, 1),
(618, 13, 42, 0, '2020-06-15 10:17:35', '2020-06-15 10:17:35', 0, 1),
(619, 13, 43, 0, '2020-06-15 10:17:35', '2020-06-15 10:17:35', 0, 1),
(620, 13, 44, 0, '2020-06-15 10:17:35', '2020-06-15 10:17:35', 0, 1),
(621, 13, 45, 0, '2020-06-15 10:17:35', '2020-06-15 10:17:35', 0, 1),
(622, 13, 46, 0, '2020-06-15 10:17:35', '2020-06-15 10:17:35', 0, 1),
(623, 13, 47, 0, '2020-06-15 10:17:35', '2020-06-15 10:17:35', 0, 1),
(624, 13, 48, 0, '2020-06-15 10:17:35', '2020-06-15 10:17:35', 0, 1),
(625, 14, 1, 113, '2020-06-16 10:34:13', '2020-06-16 10:34:13', 0, 1),
(626, 14, 2, 0, '2020-06-16 10:34:13', '2020-06-16 10:34:13', 0, 1),
(627, 14, 3, 0, '2020-06-16 10:34:13', '2020-06-16 10:34:13', 0, 1),
(628, 14, 4, 27, '2020-06-16 10:34:13', '2020-06-16 10:34:13', 0, 1),
(629, 14, 5, 8, '2020-06-16 10:34:13', '2020-06-16 10:34:13', 0, 1),
(630, 14, 6, 0, '2020-06-16 10:34:13', '2020-06-16 10:34:13', 0, 1),
(631, 14, 7, 0, '2020-06-16 10:34:14', '2020-06-16 10:34:14', 0, 1),
(632, 14, 8, 0, '2020-06-16 10:34:14', '2020-06-16 10:34:14', 0, 1),
(633, 14, 9, 0, '2020-06-16 10:34:14', '2020-06-16 10:34:14', 0, 1),
(634, 14, 10, 0, '2020-06-16 10:34:14', '2020-06-16 10:34:14', 0, 1),
(635, 14, 11, 0, '2020-06-16 10:34:14', '2020-06-16 10:34:14', 0, 1),
(636, 14, 12, 0, '2020-06-16 10:34:14', '2020-06-16 10:34:14', 0, 1),
(637, 14, 13, 0, '2020-06-16 10:34:14', '2020-06-16 10:34:14', 0, 1),
(638, 14, 14, 0, '2020-06-16 10:34:14', '2020-06-16 10:34:14', 0, 1),
(639, 14, 15, 0, '2020-06-16 10:34:14', '2020-06-16 10:34:14', 0, 1),
(640, 14, 16, 0, '2020-06-16 10:34:15', '2020-06-16 10:34:15', 0, 1),
(641, 14, 17, 0, '2020-06-16 10:34:15', '2020-06-16 10:34:15', 0, 1),
(642, 14, 18, 0, '2020-06-16 10:34:15', '2020-06-16 10:34:15', 0, 1),
(643, 14, 19, 0, '2020-06-16 10:34:15', '2020-06-16 10:34:15', 0, 1),
(644, 14, 20, 0, '2020-06-16 10:34:15', '2020-06-16 10:34:15', 0, 1),
(645, 14, 21, 0, '2020-06-16 10:34:15', '2020-06-16 10:34:15', 0, 1),
(646, 14, 22, 0, '2020-06-16 10:34:16', '2020-06-16 10:34:16', 0, 1),
(647, 14, 23, 0, '2020-06-16 10:34:16', '2020-06-16 10:34:16', 0, 1),
(648, 14, 24, 0, '2020-06-16 10:34:16', '2020-06-16 10:34:16', 0, 1),
(649, 14, 25, 0, '2020-06-16 10:34:16', '2020-06-16 10:34:16', 0, 1),
(650, 14, 26, 0, '2020-06-16 10:34:16', '2020-06-16 10:34:16', 0, 1),
(651, 14, 27, 0, '2020-06-16 10:34:16', '2020-06-16 10:34:16', 0, 1),
(652, 14, 28, 0, '2020-06-16 10:34:16', '2020-06-16 10:34:16', 0, 1),
(653, 14, 29, 0, '2020-06-16 10:34:16', '2020-06-16 10:34:16', 0, 1),
(654, 14, 30, 0, '2020-06-16 10:34:16', '2020-06-16 10:34:16', 0, 1),
(655, 14, 31, 0, '2020-06-16 10:34:16', '2020-06-16 10:34:16', 0, 1),
(656, 14, 32, 0, '2020-06-16 10:34:16', '2020-06-16 10:34:16', 0, 1),
(657, 14, 33, 0, '2020-06-16 10:34:16', '2020-06-16 10:34:16', 0, 1),
(658, 14, 34, 0, '2020-06-16 10:34:16', '2020-06-16 10:34:16', 0, 1),
(659, 14, 35, 0, '2020-06-16 10:34:16', '2020-06-16 10:34:16', 0, 1),
(660, 14, 36, 0, '2020-06-16 10:34:16', '2020-06-16 10:34:16', 0, 1),
(661, 14, 37, 0, '2020-06-16 10:34:16', '2020-06-16 10:34:16', 0, 1),
(662, 14, 38, 0, '2020-06-16 10:34:17', '2020-06-16 10:34:17', 0, 1),
(663, 14, 39, 0, '2020-06-16 10:34:17', '2020-06-16 10:34:17', 0, 1),
(664, 14, 40, 0, '2020-06-16 10:34:17', '2020-06-16 10:34:17', 0, 1),
(665, 14, 41, 0, '2020-06-16 10:34:17', '2020-06-16 10:34:17', 0, 1),
(666, 14, 42, 0, '2020-06-16 10:34:17', '2020-06-16 10:34:17', 0, 1),
(667, 14, 43, 0, '2020-06-16 10:34:17', '2020-06-16 10:34:17', 0, 1),
(668, 14, 44, 0, '2020-06-16 10:34:17', '2020-06-16 10:34:17', 0, 1),
(669, 14, 45, 0, '2020-06-16 10:34:17', '2020-06-16 10:34:17', 0, 1),
(670, 14, 46, 0, '2020-06-16 10:34:17', '2020-06-16 10:34:17', 0, 1),
(671, 14, 47, 0, '2020-06-16 10:34:17', '2020-06-16 10:34:17', 0, 1),
(672, 14, 48, 0, '2020-06-16 10:34:17', '2020-06-16 10:34:17', 0, 1),
(673, 15, 1, 0, '2020-06-17 11:17:59', '2020-06-17 11:17:59', 0, 1),
(674, 15, 2, 0, '2020-06-17 11:17:59', '2020-06-17 11:17:59', 0, 1),
(675, 15, 3, 0, '2020-06-17 11:17:59', '2020-06-17 11:17:59', 0, 1),
(676, 15, 4, 0, '2020-06-17 11:17:59', '2020-06-17 11:17:59', 0, 1),
(677, 15, 5, 0, '2020-06-17 11:17:59', '2020-06-17 11:17:59', 0, 1),
(678, 15, 6, 0, '2020-06-17 11:17:59', '2020-06-17 11:17:59', 0, 1),
(679, 15, 7, 0, '2020-06-17 11:17:59', '2020-06-17 11:17:59', 0, 1),
(680, 15, 8, 0, '2020-06-17 11:17:59', '2020-06-17 11:17:59', 0, 1),
(681, 15, 9, 0, '2020-06-17 11:17:59', '2020-06-17 11:17:59', 0, 1),
(682, 15, 10, 0, '2020-06-17 11:17:59', '2020-06-17 11:17:59', 0, 1),
(683, 15, 11, 0, '2020-06-17 11:17:59', '2020-06-17 11:17:59', 0, 1),
(684, 15, 12, 0, '2020-06-17 11:18:00', '2020-06-17 11:18:00', 0, 1),
(685, 15, 13, 0, '2020-06-17 11:18:00', '2020-06-17 11:18:00', 0, 1),
(686, 15, 14, 0, '2020-06-17 11:18:00', '2020-06-17 11:18:00', 0, 1),
(687, 15, 15, 0, '2020-06-17 11:18:00', '2020-06-17 11:18:00', 0, 1),
(688, 15, 16, 0, '2020-06-17 11:18:00', '2020-06-17 11:18:00', 0, 1),
(689, 15, 17, 0, '2020-06-17 11:18:00', '2020-06-17 11:18:00', 0, 1),
(690, 15, 18, 0, '2020-06-17 11:18:00', '2020-06-17 11:18:00', 0, 1),
(691, 15, 19, 0, '2020-06-17 11:18:00', '2020-06-17 11:18:00', 0, 1),
(692, 15, 20, 0, '2020-06-17 11:18:00', '2020-06-17 11:18:00', 0, 1),
(693, 15, 21, 0, '2020-06-17 11:18:00', '2020-06-17 11:18:00', 0, 1),
(694, 15, 22, 55, '2020-06-17 11:18:00', '2020-06-17 11:18:00', 0, 1),
(695, 15, 23, 0, '2020-06-17 11:18:00', '2020-06-17 11:18:00', 0, 1),
(696, 15, 24, 0, '2020-06-17 11:18:00', '2020-06-17 11:18:00', 0, 1),
(697, 15, 25, 12, '2020-06-17 11:18:00', '2020-06-17 11:18:00', 0, 1),
(698, 15, 26, 6, '2020-06-17 11:18:00', '2020-06-17 11:18:00', 0, 1),
(699, 15, 27, 0, '2020-06-17 11:18:00', '2020-06-17 11:18:00', 0, 1),
(700, 15, 28, 0, '2020-06-17 11:18:01', '2020-06-17 11:18:01', 0, 1),
(701, 15, 29, 0, '2020-06-17 11:18:01', '2020-06-17 11:18:01', 0, 1),
(702, 15, 30, 0, '2020-06-17 11:18:01', '2020-06-17 11:18:01', 0, 1),
(703, 15, 31, 0, '2020-06-17 11:18:01', '2020-06-17 11:18:01', 0, 1),
(704, 15, 32, 0, '2020-06-17 11:18:01', '2020-06-17 11:18:01', 0, 1),
(705, 15, 33, 0, '2020-06-17 11:18:01', '2020-06-17 11:18:01', 0, 1),
(706, 15, 34, 0, '2020-06-17 11:18:01', '2020-06-17 11:18:01', 0, 1),
(707, 15, 35, 0, '2020-06-17 11:18:01', '2020-06-17 11:18:01', 0, 1),
(708, 15, 36, 0, '2020-06-17 11:18:01', '2020-06-17 11:18:01', 0, 1),
(709, 15, 37, 0, '2020-06-17 11:18:01', '2020-06-17 11:18:01', 0, 1),
(710, 15, 38, 0, '2020-06-17 11:18:01', '2020-06-17 11:18:01', 0, 1),
(711, 15, 39, 0, '2020-06-17 11:18:01', '2020-06-17 11:18:01', 0, 1),
(712, 15, 40, 0, '2020-06-17 11:18:01', '2020-06-17 11:18:01', 0, 1),
(713, 15, 41, 0, '2020-06-17 11:18:01', '2020-06-17 11:18:01', 0, 1),
(714, 15, 42, 0, '2020-06-17 11:18:01', '2020-06-17 11:18:01', 0, 1),
(715, 15, 43, 0, '2020-06-17 11:18:01', '2020-06-17 11:18:01', 0, 1),
(716, 15, 44, 0, '2020-06-17 11:18:01', '2020-06-17 11:18:01', 0, 1),
(717, 15, 45, 0, '2020-06-17 11:18:01', '2020-06-17 11:18:01', 0, 1),
(718, 15, 46, 0, '2020-06-17 11:18:01', '2020-06-17 11:18:01', 0, 1),
(719, 15, 47, 0, '2020-06-17 11:18:01', '2020-06-17 11:18:01', 0, 1),
(720, 15, 48, 0, '2020-06-17 11:18:01', '2020-06-17 11:18:01', 0, 1),
(721, 16, 1, 0, '2020-06-18 14:22:10', '2020-06-18 14:22:10', 0, 1),
(722, 16, 2, 0, '2020-06-18 14:22:10', '2020-06-18 14:22:10', 0, 1),
(723, 16, 3, 0, '2020-06-18 14:22:10', '2020-06-18 14:22:10', 0, 1),
(724, 16, 4, 0, '2020-06-18 14:22:10', '2020-06-18 14:22:10', 0, 1),
(725, 16, 5, 0, '2020-06-18 14:22:11', '2020-06-18 14:22:11', 0, 1),
(726, 16, 6, 0, '2020-06-18 14:22:12', '2020-06-18 14:22:12', 0, 1),
(727, 16, 7, 0, '2020-06-18 14:22:12', '2020-06-18 14:22:12', 0, 1),
(728, 16, 8, 0, '2020-06-18 14:22:12', '2020-06-18 14:22:12', 0, 1),
(729, 16, 9, 0, '2020-06-18 14:22:12', '2020-06-18 14:22:12', 0, 1),
(730, 16, 10, 0, '2020-06-18 14:22:12', '2020-06-18 14:22:12', 0, 1),
(731, 16, 11, 0, '2020-06-18 14:22:12', '2020-06-18 14:22:12', 0, 1),
(732, 16, 12, 0, '2020-06-18 14:22:12', '2020-06-18 14:22:12', 0, 1),
(733, 16, 13, 0, '2020-06-18 14:22:12', '2020-06-18 14:22:12', 0, 1),
(734, 16, 14, 0, '2020-06-18 14:22:12', '2020-06-18 14:22:12', 0, 1),
(735, 16, 15, 0, '2020-06-18 14:22:12', '2020-06-18 14:22:12', 0, 1),
(736, 16, 16, 0, '2020-06-18 14:22:12', '2020-06-18 14:22:12', 0, 1),
(737, 16, 17, 0, '2020-06-18 14:22:12', '2020-06-18 14:22:12', 0, 1),
(738, 16, 18, 0, '2020-06-18 14:22:12', '2020-06-18 14:22:12', 0, 1),
(739, 16, 19, 0, '2020-06-18 14:22:12', '2020-06-18 14:22:12', 0, 1),
(740, 16, 20, 0, '2020-06-18 14:22:12', '2020-06-18 14:22:12', 0, 1),
(741, 16, 21, 0, '2020-06-18 14:22:12', '2020-06-18 14:22:12', 0, 1),
(742, 16, 22, 0, '2020-06-18 14:22:12', '2020-06-18 14:22:12', 0, 1);
INSERT INTO `ligneproduction` (`id`, `production_id`, `prixdevente_id`, `production`, `created`, `modified`, `protected`, `valide`) VALUES
(743, 16, 23, 0, '2020-06-18 14:22:12', '2020-06-18 14:22:12', 0, 1),
(744, 16, 24, 0, '2020-06-18 14:22:12', '2020-06-18 14:22:12', 0, 1),
(745, 16, 25, 0, '2020-06-18 14:22:13', '2020-06-18 14:22:13', 0, 1),
(746, 16, 26, 0, '2020-06-18 14:22:13', '2020-06-18 14:22:13', 0, 1),
(747, 16, 27, 0, '2020-06-18 14:22:13', '2020-06-18 14:22:13', 0, 1),
(748, 16, 28, 0, '2020-06-18 14:22:13', '2020-06-18 14:22:13', 0, 1),
(749, 16, 29, 0, '2020-06-18 14:22:13', '2020-06-18 14:22:13', 0, 1),
(750, 16, 30, 0, '2020-06-18 14:22:13', '2020-06-18 14:22:13', 0, 1),
(751, 16, 31, 0, '2020-06-18 14:22:13', '2020-06-18 14:22:13', 0, 1),
(752, 16, 32, 0, '2020-06-18 14:22:13', '2020-06-18 14:22:13', 0, 1),
(753, 16, 33, 0, '2020-06-18 14:22:13', '2020-06-18 14:22:13', 0, 1),
(754, 16, 34, 0, '2020-06-18 14:22:13', '2020-06-18 14:22:13', 0, 1),
(755, 16, 35, 0, '2020-06-18 14:22:13', '2020-06-18 14:22:13', 0, 1),
(756, 16, 36, 0, '2020-06-18 14:22:13', '2020-06-18 14:22:13', 0, 1),
(757, 16, 37, 0, '2020-06-18 14:22:13', '2020-06-18 14:22:13', 0, 1),
(758, 16, 38, 0, '2020-06-18 14:22:13', '2020-06-18 14:22:13', 0, 1),
(759, 16, 39, 0, '2020-06-18 14:22:13', '2020-06-18 14:22:13', 0, 1),
(760, 16, 40, 0, '2020-06-18 14:22:13', '2020-06-18 14:22:13', 0, 1),
(761, 16, 41, 0, '2020-06-18 14:22:13', '2020-06-18 14:22:13', 0, 1),
(762, 16, 42, 0, '2020-06-18 14:22:13', '2020-06-18 14:22:13', 0, 1),
(763, 16, 43, 0, '2020-06-18 14:22:13', '2020-06-18 14:22:13', 0, 1),
(764, 16, 44, 0, '2020-06-18 14:22:14', '2020-06-18 14:22:14', 0, 1),
(765, 16, 45, 0, '2020-06-18 14:22:14', '2020-06-18 14:22:14', 0, 1),
(766, 16, 46, 0, '2020-06-18 14:22:14', '2020-06-18 14:22:14', 0, 1),
(767, 16, 47, 0, '2020-06-18 14:22:14', '2020-06-18 14:22:14', 0, 1),
(768, 16, 48, 0, '2020-06-18 14:22:14', '2020-06-18 14:22:14', 0, 1),
(769, 17, 1, 0, '2020-06-19 10:27:24', '2020-06-19 10:27:24', 0, 1),
(770, 17, 2, 0, '2020-06-19 10:27:24', '2020-06-19 10:27:24', 0, 1),
(771, 17, 3, 0, '2020-06-19 10:27:24', '2020-06-19 10:27:24', 0, 1),
(772, 17, 4, 0, '2020-06-19 10:27:24', '2020-06-19 10:27:24', 0, 1),
(773, 17, 5, 0, '2020-06-19 10:27:24', '2020-06-19 10:27:24', 0, 1),
(774, 17, 6, 0, '2020-06-19 10:27:24', '2020-06-19 10:27:24', 0, 1),
(775, 17, 7, 0, '2020-06-19 10:27:24', '2020-06-19 10:27:24', 0, 1),
(776, 17, 8, 0, '2020-06-19 10:27:24', '2020-06-19 10:27:24', 0, 1),
(777, 17, 9, 0, '2020-06-19 10:27:24', '2020-06-19 10:27:24', 0, 1),
(778, 17, 10, 0, '2020-06-19 10:27:24', '2020-06-19 10:27:24', 0, 1),
(779, 17, 11, 0, '2020-06-19 10:27:24', '2020-06-19 10:27:24', 0, 1),
(780, 17, 12, 0, '2020-06-19 10:27:24', '2020-06-19 10:27:24', 0, 1),
(781, 17, 13, 0, '2020-06-19 10:27:24', '2020-06-19 10:27:24', 0, 1),
(782, 17, 14, 0, '2020-06-19 10:27:24', '2020-06-19 10:27:24', 0, 1),
(783, 17, 15, 0, '2020-06-19 10:27:25', '2020-06-19 10:27:25', 0, 1),
(784, 17, 16, 0, '2020-06-19 10:27:25', '2020-06-19 10:27:25', 0, 1),
(785, 17, 17, 0, '2020-06-19 10:27:25', '2020-06-19 10:27:25', 0, 1),
(786, 17, 18, 0, '2020-06-19 10:27:25', '2020-06-19 10:27:25', 0, 1),
(787, 17, 19, 0, '2020-06-19 10:27:25', '2020-06-19 10:27:25', 0, 1),
(788, 17, 20, 0, '2020-06-19 10:27:25', '2020-06-19 10:27:25', 0, 1),
(789, 17, 21, 0, '2020-06-19 10:27:25', '2020-06-19 10:27:25', 0, 1),
(790, 17, 22, 0, '2020-06-19 10:27:25', '2020-06-19 10:27:25', 0, 1),
(791, 17, 23, 0, '2020-06-19 10:27:25', '2020-06-19 10:27:25', 0, 1),
(792, 17, 24, 0, '2020-06-19 10:27:25', '2020-06-19 10:27:25', 0, 1),
(793, 17, 25, 0, '2020-06-19 10:27:25', '2020-06-19 10:27:25', 0, 1),
(794, 17, 26, 0, '2020-06-19 10:27:25', '2020-06-19 10:27:25', 0, 1),
(795, 17, 27, 0, '2020-06-19 10:27:25', '2020-06-19 10:27:25', 0, 1),
(796, 17, 28, 0, '2020-06-19 10:27:25', '2020-06-19 10:27:25', 0, 1),
(797, 17, 29, 0, '2020-06-19 10:27:25', '2020-06-19 10:27:25', 0, 1),
(798, 17, 30, 0, '2020-06-19 10:27:26', '2020-06-19 10:27:26', 0, 1),
(799, 17, 31, 0, '2020-06-19 10:27:26', '2020-06-19 10:27:26', 0, 1),
(800, 17, 32, 0, '2020-06-19 10:27:26', '2020-06-19 10:27:26', 0, 1),
(801, 17, 33, 0, '2020-06-19 10:27:26', '2020-06-19 10:27:26', 0, 1),
(802, 17, 34, 0, '2020-06-19 10:27:26', '2020-06-19 10:27:26', 0, 1),
(803, 17, 35, 0, '2020-06-19 10:27:26', '2020-06-19 10:27:26', 0, 1),
(804, 17, 36, 0, '2020-06-19 10:27:26', '2020-06-19 10:27:26', 0, 1),
(805, 17, 37, 0, '2020-06-19 10:27:26', '2020-06-19 10:27:26', 0, 1),
(806, 17, 38, 0, '2020-06-19 10:27:26', '2020-06-19 10:27:26', 0, 1),
(807, 17, 39, 0, '2020-06-19 10:27:26', '2020-06-19 10:27:26', 0, 1),
(808, 17, 40, 0, '2020-06-19 10:27:26', '2020-06-19 10:27:26', 0, 1),
(809, 17, 41, 0, '2020-06-19 10:27:26', '2020-06-19 10:27:26', 0, 1),
(810, 17, 42, 0, '2020-06-19 10:27:26', '2020-06-19 10:27:26', 0, 1),
(811, 17, 43, 0, '2020-06-19 10:27:26', '2020-06-19 10:27:26', 0, 1),
(812, 17, 44, 0, '2020-06-19 10:27:26', '2020-06-19 10:27:26', 0, 1),
(813, 17, 45, 0, '2020-06-19 10:27:26', '2020-06-19 10:27:26', 0, 1),
(814, 17, 46, 0, '2020-06-19 10:27:26', '2020-06-19 10:27:26', 0, 1),
(815, 17, 47, 0, '2020-06-19 10:27:26', '2020-06-19 10:27:26', 0, 1),
(816, 17, 48, 0, '2020-06-19 10:27:26', '2020-06-19 10:27:26', 0, 1),
(817, 18, 1, 0, '2020-06-20 11:01:20', '2020-06-20 11:01:20', 0, 1),
(818, 18, 2, 0, '2020-06-20 11:01:20', '2020-06-20 11:01:20', 0, 1),
(819, 18, 3, 0, '2020-06-20 11:01:20', '2020-06-20 11:01:20', 0, 1),
(820, 18, 4, 0, '2020-06-20 11:01:20', '2020-06-20 11:01:20', 0, 1),
(821, 18, 5, 0, '2020-06-20 11:01:20', '2020-06-20 11:01:20', 0, 1),
(822, 18, 6, 0, '2020-06-20 11:01:20', '2020-06-20 11:01:20', 0, 1),
(823, 18, 7, 0, '2020-06-20 11:01:20', '2020-06-20 11:01:20', 0, 1),
(824, 18, 8, 0, '2020-06-20 11:01:20', '2020-06-20 11:01:20', 0, 1),
(825, 18, 9, 0, '2020-06-20 11:01:20', '2020-06-20 11:01:20', 0, 1),
(826, 18, 10, 0, '2020-06-20 11:01:20', '2020-06-20 11:01:20', 0, 1),
(827, 18, 11, 0, '2020-06-20 11:01:20', '2020-06-20 11:01:20', 0, 1),
(828, 18, 12, 0, '2020-06-20 11:01:21', '2020-06-20 11:01:21', 0, 1),
(829, 18, 13, 0, '2020-06-20 11:01:21', '2020-06-20 11:01:21', 0, 1),
(830, 18, 14, 0, '2020-06-20 11:01:21', '2020-06-20 11:01:21', 0, 1),
(831, 18, 15, 0, '2020-06-20 11:01:21', '2020-06-20 11:01:21', 0, 1),
(832, 18, 16, 0, '2020-06-20 11:01:21', '2020-06-20 11:01:21', 0, 1),
(833, 18, 17, 0, '2020-06-20 11:01:21', '2020-06-20 11:01:21', 0, 1),
(834, 18, 18, 0, '2020-06-20 11:01:22', '2020-06-20 11:01:22', 0, 1),
(835, 18, 19, 0, '2020-06-20 11:01:22', '2020-06-20 11:01:22', 0, 1),
(836, 18, 20, 0, '2020-06-20 11:01:22', '2020-06-20 11:01:22', 0, 1),
(837, 18, 21, 0, '2020-06-20 11:01:22', '2020-06-20 11:01:22', 0, 1),
(838, 18, 22, 0, '2020-06-20 11:01:23', '2020-06-20 11:01:23', 0, 1),
(839, 18, 23, 0, '2020-06-20 11:01:23', '2020-06-20 11:01:23', 0, 1),
(840, 18, 24, 0, '2020-06-20 11:01:23', '2020-06-20 11:01:23', 0, 1),
(841, 18, 25, 0, '2020-06-20 11:01:23', '2020-06-20 11:01:23', 0, 1),
(842, 18, 26, 0, '2020-06-20 11:01:23', '2020-06-20 11:01:23', 0, 1),
(843, 18, 27, 0, '2020-06-20 11:01:23', '2020-06-20 11:01:23', 0, 1),
(844, 18, 28, 0, '2020-06-20 11:01:23', '2020-06-20 11:01:23', 0, 1),
(845, 18, 29, 0, '2020-06-20 11:01:23', '2020-06-20 11:01:23', 0, 1),
(846, 18, 30, 0, '2020-06-20 11:01:23', '2020-06-20 11:01:23', 0, 1),
(847, 18, 31, 0, '2020-06-20 11:01:23', '2020-06-20 11:01:23', 0, 1),
(848, 18, 32, 0, '2020-06-20 11:01:23', '2020-06-20 11:01:23', 0, 1),
(849, 18, 33, 0, '2020-06-20 11:01:23', '2020-06-20 11:01:23', 0, 1),
(850, 18, 34, 0, '2020-06-20 11:01:23', '2020-06-20 11:01:23', 0, 1),
(851, 18, 35, 0, '2020-06-20 11:01:23', '2020-06-20 11:01:23', 0, 1),
(852, 18, 36, 0, '2020-06-20 11:01:24', '2020-06-20 11:01:24', 0, 1),
(853, 18, 37, 0, '2020-06-20 11:01:24', '2020-06-20 11:01:24', 0, 1),
(854, 18, 38, 0, '2020-06-20 11:01:24', '2020-06-20 11:01:24', 0, 1),
(855, 18, 39, 0, '2020-06-20 11:01:24', '2020-06-20 11:01:24', 0, 1),
(856, 18, 40, 0, '2020-06-20 11:01:24', '2020-06-20 11:01:24', 0, 1),
(857, 18, 41, 0, '2020-06-20 11:01:24', '2020-06-20 11:01:24', 0, 1),
(858, 18, 42, 0, '2020-06-20 11:01:24', '2020-06-20 11:01:24', 0, 1),
(859, 18, 43, 0, '2020-06-20 11:01:24', '2020-06-20 11:01:24', 0, 1),
(860, 18, 44, 0, '2020-06-20 11:01:24', '2020-06-20 11:01:24', 0, 1),
(861, 18, 45, 0, '2020-06-20 11:01:24', '2020-06-20 11:01:24', 0, 1),
(862, 18, 46, 0, '2020-06-20 11:01:24', '2020-06-20 11:01:24', 0, 1),
(863, 18, 47, 0, '2020-06-20 11:01:24', '2020-06-20 11:01:24', 0, 1),
(864, 18, 48, 0, '2020-06-20 11:01:24', '2020-06-20 11:01:24', 0, 1),
(865, 19, 1, 0, '2020-06-21 12:48:14', '2020-06-21 12:48:14', 0, 1),
(866, 19, 2, 0, '2020-06-21 12:48:14', '2020-06-21 12:48:14', 0, 1),
(867, 19, 3, 0, '2020-06-21 12:48:14', '2020-06-21 12:48:14', 0, 1),
(868, 19, 4, 0, '2020-06-21 12:48:15', '2020-06-21 12:48:15', 0, 1),
(869, 19, 5, 0, '2020-06-21 12:48:15', '2020-06-21 12:48:15', 0, 1),
(870, 19, 6, 0, '2020-06-21 12:48:15', '2020-06-21 12:48:15', 0, 1),
(871, 19, 7, 0, '2020-06-21 12:48:15', '2020-06-21 12:48:15', 0, 1),
(872, 19, 8, 0, '2020-06-21 12:48:15', '2020-06-21 12:48:15', 0, 1),
(873, 19, 9, 0, '2020-06-21 12:48:15', '2020-06-21 12:48:15', 0, 1),
(874, 19, 10, 170, '2020-06-21 12:48:15', '2020-06-21 12:48:15', 0, 1),
(875, 19, 11, 0, '2020-06-21 12:48:15', '2020-06-21 12:48:15', 0, 1),
(876, 19, 12, 0, '2020-06-21 12:48:15', '2020-06-21 12:48:15', 0, 1),
(877, 19, 13, 0, '2020-06-21 12:48:15', '2020-06-21 12:48:15', 0, 1),
(878, 19, 14, 0, '2020-06-21 12:48:15', '2020-06-21 12:48:15', 0, 1),
(879, 19, 15, 0, '2020-06-21 12:48:15', '2020-06-21 12:48:15', 0, 1),
(880, 19, 16, 0, '2020-06-21 12:48:15', '2020-06-21 12:48:15', 0, 1),
(881, 19, 17, 0, '2020-06-21 12:48:15', '2020-06-21 12:48:15', 0, 1),
(882, 19, 18, 0, '2020-06-21 12:48:15', '2020-06-21 12:48:15', 0, 1),
(883, 19, 19, 0, '2020-06-21 12:48:15', '2020-06-21 12:48:15', 0, 1),
(884, 19, 20, 0, '2020-06-21 12:48:15', '2020-06-21 12:48:15', 0, 1),
(885, 19, 21, 0, '2020-06-21 12:48:15', '2020-06-21 12:48:15', 0, 1),
(886, 19, 22, 0, '2020-06-21 12:48:15', '2020-06-21 12:48:15', 0, 1),
(887, 19, 23, 0, '2020-06-21 12:48:16', '2020-06-21 12:48:16', 0, 1),
(888, 19, 24, 0, '2020-06-21 12:48:16', '2020-06-21 12:48:16', 0, 1),
(889, 19, 25, 0, '2020-06-21 12:48:16', '2020-06-21 12:48:16', 0, 1),
(890, 19, 26, 0, '2020-06-21 12:48:16', '2020-06-21 12:48:16', 0, 1),
(891, 19, 27, 0, '2020-06-21 12:48:16', '2020-06-21 12:48:16', 0, 1),
(892, 19, 28, 0, '2020-06-21 12:48:16', '2020-06-21 12:48:16', 0, 1),
(893, 19, 29, 0, '2020-06-21 12:48:16', '2020-06-21 12:48:16', 0, 1),
(894, 19, 30, 0, '2020-06-21 12:48:16', '2020-06-21 12:48:16', 0, 1),
(895, 19, 31, 0, '2020-06-21 12:48:16', '2020-06-21 12:48:16', 0, 1),
(896, 19, 32, 0, '2020-06-21 12:48:16', '2020-06-21 12:48:16', 0, 1),
(897, 19, 33, 0, '2020-06-21 12:48:17', '2020-06-21 12:48:17', 0, 1),
(898, 19, 34, 0, '2020-06-21 12:48:17', '2020-06-21 12:48:17', 0, 1),
(899, 19, 35, 0, '2020-06-21 12:48:17', '2020-06-21 12:48:17', 0, 1),
(900, 19, 36, 0, '2020-06-21 12:48:17', '2020-06-21 12:48:17', 0, 1),
(901, 19, 37, 0, '2020-06-21 12:48:17', '2020-06-21 12:48:17', 0, 1),
(902, 19, 38, 0, '2020-06-21 12:48:17', '2020-06-21 12:48:17', 0, 1),
(903, 19, 39, 0, '2020-06-21 12:48:17', '2020-06-21 12:48:17', 0, 1),
(904, 19, 40, 0, '2020-06-21 12:48:17', '2020-06-21 12:48:17', 0, 1),
(905, 19, 41, 0, '2020-06-21 12:48:17', '2020-06-21 12:48:17', 0, 1),
(906, 19, 42, 0, '2020-06-21 12:48:17', '2020-06-21 12:48:17', 0, 1),
(907, 19, 43, 0, '2020-06-21 12:48:17', '2020-06-21 12:48:17', 0, 1),
(908, 19, 44, 0, '2020-06-21 12:48:17', '2020-06-21 12:48:17', 0, 1),
(909, 19, 45, 0, '2020-06-21 12:48:17', '2020-06-21 12:48:17', 0, 1),
(910, 19, 46, 0, '2020-06-21 12:48:17', '2020-06-21 12:48:17', 0, 1),
(911, 19, 47, 0, '2020-06-21 12:48:18', '2020-06-21 12:48:18', 0, 1),
(912, 19, 48, 0, '2020-06-21 12:48:18', '2020-06-21 12:48:18', 0, 1),
(913, 20, 1, 0, '2020-06-22 11:44:33', '2020-06-22 11:44:33', 0, 1),
(914, 20, 2, 0, '2020-06-22 11:44:33', '2020-06-22 11:44:33', 0, 1),
(915, 20, 3, 0, '2020-06-22 11:44:33', '2020-06-22 11:44:33', 0, 1),
(916, 20, 4, 0, '2020-06-22 11:44:33', '2020-06-22 11:44:33', 0, 1),
(917, 20, 5, 0, '2020-06-22 11:44:33', '2020-06-22 11:44:33', 0, 1),
(918, 20, 6, 0, '2020-06-22 11:44:33', '2020-06-22 11:44:33', 0, 1),
(919, 20, 7, 0, '2020-06-22 11:44:34', '2020-06-22 11:44:34', 0, 1),
(920, 20, 8, 0, '2020-06-22 11:44:34', '2020-06-22 11:44:34', 0, 1),
(921, 20, 9, 0, '2020-06-22 11:44:34', '2020-06-22 11:44:34', 0, 1),
(922, 20, 10, 0, '2020-06-22 11:44:34', '2020-06-22 11:44:34', 0, 1),
(923, 20, 11, 0, '2020-06-22 11:44:34', '2020-06-22 11:44:34', 0, 1),
(924, 20, 12, 0, '2020-06-22 11:44:34', '2020-06-22 11:44:34', 0, 1),
(925, 20, 13, 0, '2020-06-22 11:44:34', '2020-06-22 11:44:34', 0, 1),
(926, 20, 14, 0, '2020-06-22 11:44:34', '2020-06-22 11:44:34', 0, 1),
(927, 20, 15, 0, '2020-06-22 11:44:34', '2020-06-22 11:44:34', 0, 1),
(928, 20, 16, 0, '2020-06-22 11:44:34', '2020-06-22 11:44:34', 0, 1),
(929, 20, 17, 0, '2020-06-22 11:44:34', '2020-06-22 11:44:34', 0, 1),
(930, 20, 18, 0, '2020-06-22 11:44:34', '2020-06-22 11:44:34', 0, 1),
(931, 20, 19, 0, '2020-06-22 11:44:34', '2020-06-22 11:44:34', 0, 1),
(932, 20, 20, 0, '2020-06-22 11:44:34', '2020-06-22 11:44:34', 0, 1),
(933, 20, 21, 0, '2020-06-22 11:44:34', '2020-06-22 11:44:34', 0, 1),
(934, 20, 22, 0, '2020-06-22 11:44:34', '2020-06-22 11:44:34', 0, 1),
(935, 20, 23, 0, '2020-06-22 11:44:34', '2020-06-22 11:44:34', 0, 1),
(936, 20, 24, 0, '2020-06-22 11:44:34', '2020-06-22 11:44:34', 0, 1),
(937, 20, 25, 0, '2020-06-22 11:44:34', '2020-06-22 11:44:34', 0, 1),
(938, 20, 26, 0, '2020-06-22 11:44:34', '2020-06-22 11:44:34', 0, 1),
(939, 20, 27, 0, '2020-06-22 11:44:34', '2020-06-22 11:44:34', 0, 1),
(940, 20, 28, 0, '2020-06-22 11:44:34', '2020-06-22 11:44:34', 0, 1),
(941, 20, 29, 0, '2020-06-22 11:44:35', '2020-06-22 11:44:35', 0, 1),
(942, 20, 30, 0, '2020-06-22 11:44:35', '2020-06-22 11:44:35', 0, 1),
(943, 20, 31, 0, '2020-06-22 11:44:35', '2020-06-22 11:44:35', 0, 1),
(944, 20, 32, 0, '2020-06-22 11:44:35', '2020-06-22 11:44:35', 0, 1),
(945, 20, 33, 0, '2020-06-22 11:44:35', '2020-06-22 11:44:35', 0, 1),
(946, 20, 34, 0, '2020-06-22 11:44:35', '2020-06-22 11:44:35', 0, 1),
(947, 20, 35, 0, '2020-06-22 11:44:35', '2020-06-22 11:44:35', 0, 1),
(948, 20, 36, 0, '2020-06-22 11:44:35', '2020-06-22 11:44:35', 0, 1),
(949, 20, 37, 0, '2020-06-22 11:44:35', '2020-06-22 11:44:35', 0, 1),
(950, 20, 38, 0, '2020-06-22 11:44:35', '2020-06-22 11:44:35', 0, 1),
(951, 20, 39, 0, '2020-06-22 11:44:35', '2020-06-22 11:44:35', 0, 1),
(952, 20, 40, 0, '2020-06-22 11:44:35', '2020-06-22 11:44:35', 0, 1),
(953, 20, 41, 0, '2020-06-22 11:44:35', '2020-06-22 11:44:35', 0, 1),
(954, 20, 42, 0, '2020-06-22 11:44:35', '2020-06-22 11:44:35', 0, 1),
(955, 20, 43, 0, '2020-06-22 11:44:35', '2020-06-22 11:44:35', 0, 1),
(956, 20, 44, 0, '2020-06-22 11:44:36', '2020-06-22 11:44:36', 0, 1),
(957, 20, 45, 0, '2020-06-22 11:44:36', '2020-06-22 11:44:36', 0, 1),
(958, 20, 46, 0, '2020-06-22 11:44:36', '2020-06-22 11:44:36', 0, 1),
(959, 20, 47, 0, '2020-06-22 11:44:36', '2020-06-22 11:44:36', 0, 1),
(960, 20, 48, 0, '2020-06-22 11:44:36', '2020-06-22 11:44:36', 0, 1),
(961, 21, 1, 0, '2020-06-23 09:22:29', '2020-06-23 09:22:29', 0, 1),
(962, 21, 2, 0, '2020-06-23 09:22:29', '2020-06-23 09:22:29', 0, 1),
(963, 21, 3, 0, '2020-06-23 09:22:29', '2020-06-23 09:22:29', 0, 1),
(964, 21, 4, 0, '2020-06-23 09:22:29', '2020-06-23 09:22:29', 0, 1),
(965, 21, 5, 0, '2020-06-23 09:22:29', '2020-06-23 09:22:29', 0, 1),
(966, 21, 6, 0, '2020-06-23 09:22:29', '2020-06-23 09:22:29', 0, 1),
(967, 21, 7, 0, '2020-06-23 09:22:29', '2020-06-23 09:22:29', 0, 1),
(968, 21, 8, 0, '2020-06-23 09:22:29', '2020-06-23 09:22:29', 0, 1),
(969, 21, 9, 0, '2020-06-23 09:22:29', '2020-06-23 09:22:29', 0, 1),
(970, 21, 10, 0, '2020-06-23 09:22:29', '2020-06-23 09:22:29', 0, 1),
(971, 21, 11, 0, '2020-06-23 09:22:29', '2020-06-23 09:22:29', 0, 1),
(972, 21, 12, 0, '2020-06-23 09:22:29', '2020-06-23 09:22:29', 0, 1),
(973, 21, 13, 0, '2020-06-23 09:22:29', '2020-06-23 09:22:29', 0, 1),
(974, 21, 14, 0, '2020-06-23 09:22:30', '2020-06-23 09:22:30', 0, 1),
(975, 21, 15, 0, '2020-06-23 09:22:30', '2020-06-23 09:22:30', 0, 1),
(976, 21, 16, 0, '2020-06-23 09:22:30', '2020-06-23 09:22:30', 0, 1),
(977, 21, 17, 0, '2020-06-23 09:22:30', '2020-06-23 09:22:30', 0, 1),
(978, 21, 18, 0, '2020-06-23 09:22:30', '2020-06-23 09:22:30', 0, 1),
(979, 21, 19, 0, '2020-06-23 09:22:30', '2020-06-23 09:22:30', 0, 1),
(980, 21, 20, 0, '2020-06-23 09:22:30', '2020-06-23 09:22:30', 0, 1),
(981, 21, 21, 0, '2020-06-23 09:22:30', '2020-06-23 09:22:30', 0, 1),
(982, 21, 22, 0, '2020-06-23 09:22:30', '2020-06-23 09:22:30', 0, 1),
(983, 21, 23, 0, '2020-06-23 09:22:30', '2020-06-23 09:22:30', 0, 1),
(984, 21, 24, 0, '2020-06-23 09:22:30', '2020-06-23 09:22:30', 0, 1),
(985, 21, 25, 0, '2020-06-23 09:22:30', '2020-06-23 09:22:30', 0, 1),
(986, 21, 26, 0, '2020-06-23 09:22:30', '2020-06-23 09:22:30', 0, 1),
(987, 21, 27, 0, '2020-06-23 09:22:30', '2020-06-23 09:22:30', 0, 1),
(988, 21, 28, 0, '2020-06-23 09:22:30', '2020-06-23 09:22:30', 0, 1),
(989, 21, 29, 0, '2020-06-23 09:22:30', '2020-06-23 09:22:30', 0, 1),
(990, 21, 30, 0, '2020-06-23 09:22:31', '2020-06-23 09:22:31', 0, 1),
(991, 21, 31, 0, '2020-06-23 09:22:31', '2020-06-23 09:22:31', 0, 1),
(992, 21, 32, 0, '2020-06-23 09:22:31', '2020-06-23 09:22:31', 0, 1),
(993, 21, 33, 0, '2020-06-23 09:22:31', '2020-06-23 09:22:31', 0, 1),
(994, 21, 34, 0, '2020-06-23 09:22:31', '2020-06-23 09:22:31', 0, 1),
(995, 21, 35, 0, '2020-06-23 09:22:31', '2020-06-23 09:22:31', 0, 1),
(996, 21, 36, 0, '2020-06-23 09:22:31', '2020-06-23 09:22:31', 0, 1),
(997, 21, 37, 0, '2020-06-23 09:22:31', '2020-06-23 09:22:31', 0, 1),
(998, 21, 38, 0, '2020-06-23 09:22:31', '2020-06-23 09:22:31', 0, 1),
(999, 21, 39, 0, '2020-06-23 09:22:31', '2020-06-23 09:22:31', 0, 1),
(1000, 21, 40, 0, '2020-06-23 09:22:31', '2020-06-23 09:22:31', 0, 1),
(1001, 21, 41, 0, '2020-06-23 09:22:31', '2020-06-23 09:22:31', 0, 1),
(1002, 21, 42, 0, '2020-06-23 09:22:31', '2020-06-23 09:22:31', 0, 1),
(1003, 21, 43, 0, '2020-06-23 09:22:31', '2020-06-23 09:22:31', 0, 1),
(1004, 21, 44, 0, '2020-06-23 09:22:31', '2020-06-23 09:22:31', 0, 1),
(1005, 21, 45, 0, '2020-06-23 09:22:31', '2020-06-23 09:22:31', 0, 1),
(1006, 21, 46, 0, '2020-06-23 09:22:32', '2020-06-23 09:22:32', 0, 1),
(1007, 21, 47, 0, '2020-06-23 09:22:32', '2020-06-23 09:22:32', 0, 1),
(1008, 21, 48, 0, '2020-06-23 09:22:32', '2020-06-23 09:22:32', 0, 1),
(1009, 22, 1, 0, '2020-06-24 00:48:54', '2020-06-24 00:48:54', 0, 1),
(1010, 22, 2, 0, '2020-06-24 00:48:55', '2020-06-24 00:48:55', 0, 1),
(1011, 22, 3, 0, '2020-06-24 00:48:55', '2020-06-24 00:48:55', 0, 1),
(1012, 22, 4, 0, '2020-06-24 00:48:55', '2020-06-24 00:48:55', 0, 1),
(1013, 22, 5, 0, '2020-06-24 00:48:55', '2020-06-24 00:48:55', 0, 1),
(1014, 22, 6, 0, '2020-06-24 00:48:55', '2020-06-24 00:48:55', 0, 1),
(1015, 22, 7, 0, '2020-06-24 00:48:55', '2020-06-24 00:48:55', 0, 1),
(1016, 22, 8, 0, '2020-06-24 00:48:55', '2020-06-24 00:48:55', 0, 1),
(1017, 22, 9, 0, '2020-06-24 00:48:55', '2020-06-24 00:48:55', 0, 1),
(1018, 22, 10, 0, '2020-06-24 00:48:55', '2020-06-24 00:48:55', 0, 1),
(1019, 22, 11, 0, '2020-06-24 00:48:55', '2020-06-24 00:48:55', 0, 1),
(1020, 22, 12, 0, '2020-06-24 00:48:55', '2020-06-24 00:48:55', 0, 1),
(1021, 22, 13, 0, '2020-06-24 00:48:55', '2020-06-24 00:48:55', 0, 1),
(1022, 22, 14, 0, '2020-06-24 00:48:55', '2020-06-24 00:48:55', 0, 1),
(1023, 22, 15, 0, '2020-06-24 00:48:55', '2020-06-24 00:48:55', 0, 1),
(1024, 22, 16, 0, '2020-06-24 00:48:56', '2020-06-24 00:48:56', 0, 1),
(1025, 22, 17, 0, '2020-06-24 00:48:56', '2020-06-24 00:48:56', 0, 1),
(1026, 22, 18, 0, '2020-06-24 00:48:56', '2020-06-24 00:48:56', 0, 1),
(1027, 22, 19, 0, '2020-06-24 00:48:56', '2020-06-24 00:48:56', 0, 1),
(1028, 22, 20, 0, '2020-06-24 00:48:56', '2020-06-24 00:48:56', 0, 1),
(1029, 22, 21, 0, '2020-06-24 00:48:56', '2020-06-24 00:48:56', 0, 1),
(1030, 22, 22, 0, '2020-06-24 00:48:56', '2020-06-24 00:48:56', 0, 1),
(1031, 22, 23, 0, '2020-06-24 00:48:56', '2020-06-24 00:48:56', 0, 1),
(1032, 22, 24, 0, '2020-06-24 00:48:56', '2020-06-24 00:48:56', 0, 1),
(1033, 22, 25, 0, '2020-06-24 00:48:56', '2020-06-24 00:48:56', 0, 1),
(1034, 22, 26, 0, '2020-06-24 00:48:56', '2020-06-24 00:48:56', 0, 1),
(1035, 22, 27, 0, '2020-06-24 00:48:56', '2020-06-24 00:48:56', 0, 1),
(1036, 22, 28, 0, '2020-06-24 00:48:56', '2020-06-24 00:48:56', 0, 1),
(1037, 22, 29, 0, '2020-06-24 00:48:56', '2020-06-24 00:48:56', 0, 1),
(1038, 22, 30, 0, '2020-06-24 00:48:56', '2020-06-24 00:48:56', 0, 1),
(1039, 22, 31, 0, '2020-06-24 00:48:56', '2020-06-24 00:48:56', 0, 1),
(1040, 22, 32, 0, '2020-06-24 00:48:56', '2020-06-24 00:48:56', 0, 1),
(1041, 22, 33, 0, '2020-06-24 00:48:56', '2020-06-24 00:48:56', 0, 1),
(1042, 22, 34, 0, '2020-06-24 00:48:56', '2020-06-24 00:48:56', 0, 1),
(1043, 22, 35, 0, '2020-06-24 00:48:56', '2020-06-24 00:48:56', 0, 1),
(1044, 22, 36, 0, '2020-06-24 00:48:57', '2020-06-24 00:48:57', 0, 1),
(1045, 22, 37, 0, '2020-06-24 00:48:57', '2020-06-24 00:48:57', 0, 1),
(1046, 22, 38, 0, '2020-06-24 00:48:57', '2020-06-24 00:48:57', 0, 1),
(1047, 22, 39, 0, '2020-06-24 00:48:57', '2020-06-24 00:48:57', 0, 1),
(1048, 22, 40, 0, '2020-06-24 00:48:57', '2020-06-24 00:48:57', 0, 1),
(1049, 22, 41, 0, '2020-06-24 00:48:57', '2020-06-24 00:48:57', 0, 1),
(1050, 22, 42, 0, '2020-06-24 00:48:57', '2020-06-24 00:48:57', 0, 1),
(1051, 22, 43, 0, '2020-06-24 00:48:57', '2020-06-24 00:48:57', 0, 1),
(1052, 22, 44, 0, '2020-06-24 00:48:57', '2020-06-24 00:48:57', 0, 1),
(1053, 22, 45, 0, '2020-06-24 00:48:57', '2020-06-24 00:48:57', 0, 1),
(1054, 22, 46, 0, '2020-06-24 00:48:57', '2020-06-24 00:48:57', 0, 1),
(1055, 22, 47, 0, '2020-06-24 00:48:57', '2020-06-24 00:48:57', 0, 1),
(1056, 22, 48, 0, '2020-06-24 00:48:57', '2020-06-24 00:48:57', 0, 1),
(1057, 23, 1, 0, '2020-06-25 11:42:03', '2020-06-25 11:42:03', 0, 1),
(1058, 23, 2, 0, '2020-06-25 11:42:03', '2020-06-25 11:42:03', 0, 1),
(1059, 23, 3, 0, '2020-06-25 11:42:03', '2020-06-25 11:42:03', 0, 1),
(1060, 23, 4, 0, '2020-06-25 11:42:03', '2020-06-25 11:42:03', 0, 1),
(1061, 23, 5, 0, '2020-06-25 11:42:03', '2020-06-25 11:42:03', 0, 1),
(1062, 23, 6, 0, '2020-06-25 11:42:03', '2020-06-25 11:42:03', 0, 1),
(1063, 23, 7, 0, '2020-06-25 11:42:03', '2020-06-25 11:42:03', 0, 1),
(1064, 23, 8, 0, '2020-06-25 11:42:03', '2020-06-25 11:42:03', 0, 1),
(1065, 23, 9, 0, '2020-06-25 11:42:03', '2020-06-25 11:42:03', 0, 1),
(1066, 23, 10, 0, '2020-06-25 11:42:03', '2020-06-25 11:42:03', 0, 1),
(1067, 23, 11, 0, '2020-06-25 11:42:04', '2020-06-25 11:42:04', 0, 1),
(1068, 23, 12, 0, '2020-06-25 11:42:04', '2020-06-25 11:42:04', 0, 1),
(1069, 23, 13, 0, '2020-06-25 11:42:04', '2020-06-25 11:42:04', 0, 1),
(1070, 23, 14, 0, '2020-06-25 11:42:04', '2020-06-25 11:42:04', 0, 1),
(1071, 23, 15, 0, '2020-06-25 11:42:04', '2020-06-25 11:42:04', 0, 1),
(1072, 23, 16, 0, '2020-06-25 11:42:04', '2020-06-25 11:42:04', 0, 1),
(1073, 23, 17, 0, '2020-06-25 11:42:04', '2020-06-25 11:42:04', 0, 1),
(1074, 23, 18, 0, '2020-06-25 11:42:04', '2020-06-25 11:42:04', 0, 1),
(1075, 23, 19, 0, '2020-06-25 11:42:04', '2020-06-25 11:42:04', 0, 1),
(1076, 23, 20, 0, '2020-06-25 11:42:04', '2020-06-25 11:42:04', 0, 1),
(1077, 23, 21, 0, '2020-06-25 11:42:04', '2020-06-25 11:42:04', 0, 1),
(1078, 23, 22, 0, '2020-06-25 11:42:04', '2020-06-25 11:42:04', 0, 1),
(1079, 23, 23, 0, '2020-06-25 11:42:04', '2020-06-25 11:42:04', 0, 1),
(1080, 23, 24, 0, '2020-06-25 11:42:04', '2020-06-25 11:42:04', 0, 1),
(1081, 23, 25, 0, '2020-06-25 11:42:04', '2020-06-25 11:42:04', 0, 1),
(1082, 23, 26, 0, '2020-06-25 11:42:04', '2020-06-25 11:42:04', 0, 1),
(1083, 23, 27, 0, '2020-06-25 11:42:05', '2020-06-25 11:42:05', 0, 1),
(1084, 23, 28, 0, '2020-06-25 11:42:05', '2020-06-25 11:42:05', 0, 1),
(1085, 23, 29, 0, '2020-06-25 11:42:05', '2020-06-25 11:42:05', 0, 1),
(1086, 23, 30, 0, '2020-06-25 11:42:05', '2020-06-25 11:42:05', 0, 1),
(1087, 23, 31, 0, '2020-06-25 11:42:05', '2020-06-25 11:42:05', 0, 1),
(1088, 23, 32, 0, '2020-06-25 11:42:05', '2020-06-25 11:42:05', 0, 1),
(1089, 23, 33, 0, '2020-06-25 11:42:05', '2020-06-25 11:42:05', 0, 1),
(1090, 23, 34, 0, '2020-06-25 11:42:05', '2020-06-25 11:42:05', 0, 1),
(1091, 23, 35, 0, '2020-06-25 11:42:05', '2020-06-25 11:42:05', 0, 1),
(1092, 23, 36, 0, '2020-06-25 11:42:05', '2020-06-25 11:42:05', 0, 1),
(1093, 23, 37, 0, '2020-06-25 11:42:06', '2020-06-25 11:42:06', 0, 1),
(1094, 23, 38, 0, '2020-06-25 11:42:06', '2020-06-25 11:42:06', 0, 1),
(1095, 23, 39, 0, '2020-06-25 11:42:06', '2020-06-25 11:42:06', 0, 1),
(1096, 23, 40, 0, '2020-06-25 11:42:06', '2020-06-25 11:42:06', 0, 1),
(1097, 23, 41, 0, '2020-06-25 11:42:06', '2020-06-25 11:42:06', 0, 1),
(1098, 23, 42, 0, '2020-06-25 11:42:06', '2020-06-25 11:42:06', 0, 1),
(1099, 23, 43, 0, '2020-06-25 11:42:06', '2020-06-25 11:42:06', 0, 1),
(1100, 23, 44, 0, '2020-06-25 11:42:07', '2020-06-25 11:42:07', 0, 1),
(1101, 23, 45, 0, '2020-06-25 11:42:07', '2020-06-25 11:42:07', 0, 1),
(1102, 23, 46, 0, '2020-06-25 11:42:07', '2020-06-25 11:42:07', 0, 1),
(1103, 23, 47, 0, '2020-06-25 11:42:07', '2020-06-25 11:42:07', 0, 1),
(1104, 23, 48, 0, '2020-06-25 11:42:07', '2020-06-25 11:42:07', 0, 1),
(1105, 24, 1, 0, '2020-06-26 12:36:53', '2020-06-26 12:36:53', 0, 1),
(1106, 24, 2, 0, '2020-06-26 12:36:53', '2020-06-26 12:36:53', 0, 1),
(1107, 24, 3, 0, '2020-06-26 12:36:53', '2020-06-26 12:36:53', 0, 1),
(1108, 24, 4, 0, '2020-06-26 12:36:53', '2020-06-26 12:36:53', 0, 1),
(1109, 24, 5, 0, '2020-06-26 12:36:53', '2020-06-26 12:36:53', 0, 1),
(1110, 24, 6, 0, '2020-06-26 12:36:53', '2020-06-26 12:36:53', 0, 1),
(1111, 24, 7, 0, '2020-06-26 12:36:54', '2020-06-26 12:36:54', 0, 1),
(1112, 24, 8, 0, '2020-06-26 12:36:54', '2020-06-26 12:36:54', 0, 1),
(1113, 24, 9, 0, '2020-06-26 12:36:54', '2020-06-26 12:36:54', 0, 1),
(1114, 24, 10, 0, '2020-06-26 12:36:54', '2020-06-26 12:36:54', 0, 1),
(1115, 24, 11, 0, '2020-06-26 12:36:54', '2020-06-26 12:36:54', 0, 1),
(1116, 24, 12, 0, '2020-06-26 12:36:54', '2020-06-26 12:36:54', 0, 1),
(1117, 24, 13, 0, '2020-06-26 12:36:54', '2020-06-26 12:36:54', 0, 1),
(1118, 24, 14, 0, '2020-06-26 12:36:54', '2020-06-26 12:36:54', 0, 1),
(1119, 24, 15, 0, '2020-06-26 12:36:54', '2020-06-26 12:36:54', 0, 1),
(1120, 24, 16, 0, '2020-06-26 12:36:54', '2020-06-26 12:36:54', 0, 1),
(1121, 24, 17, 0, '2020-06-26 12:36:54', '2020-06-26 12:36:54', 0, 1),
(1122, 24, 18, 0, '2020-06-26 12:36:54', '2020-06-26 12:36:54', 0, 1),
(1123, 24, 19, 0, '2020-06-26 12:36:54', '2020-06-26 12:36:54', 0, 1),
(1124, 24, 20, 0, '2020-06-26 12:36:55', '2020-06-26 12:36:55', 0, 1),
(1125, 24, 21, 0, '2020-06-26 12:36:55', '2020-06-26 12:36:55', 0, 1),
(1126, 24, 22, 0, '2020-06-26 12:36:55', '2020-06-26 12:36:55', 0, 1),
(1127, 24, 23, 0, '2020-06-26 12:36:55', '2020-06-26 12:36:55', 0, 1),
(1128, 24, 24, 0, '2020-06-26 12:36:55', '2020-06-26 12:36:55', 0, 1),
(1129, 24, 25, 0, '2020-06-26 12:36:55', '2020-06-26 12:36:55', 0, 1),
(1130, 24, 26, 0, '2020-06-26 12:36:55', '2020-06-26 12:36:55', 0, 1),
(1131, 24, 27, 0, '2020-06-26 12:36:55', '2020-06-26 12:36:55', 0, 1),
(1132, 24, 28, 0, '2020-06-26 12:36:55', '2020-06-26 12:36:55', 0, 1),
(1133, 24, 29, 0, '2020-06-26 12:36:55', '2020-06-26 12:36:55', 0, 1),
(1134, 24, 30, 0, '2020-06-26 12:36:55', '2020-06-26 12:36:55', 0, 1),
(1135, 24, 31, 0, '2020-06-26 12:36:55', '2020-06-26 12:36:55', 0, 1),
(1136, 24, 32, 0, '2020-06-26 12:36:55', '2020-06-26 12:36:55', 0, 1),
(1137, 24, 33, 0, '2020-06-26 12:36:55', '2020-06-26 12:36:55', 0, 1),
(1138, 24, 34, 0, '2020-06-26 12:36:55', '2020-06-26 12:36:55', 0, 1),
(1139, 24, 35, 0, '2020-06-26 12:36:55', '2020-06-26 12:36:55', 0, 1),
(1140, 24, 36, 0, '2020-06-26 12:36:55', '2020-06-26 12:36:55', 0, 1),
(1141, 24, 37, 0, '2020-06-26 12:36:55', '2020-06-26 12:36:55', 0, 1),
(1142, 24, 38, 0, '2020-06-26 12:36:55', '2020-06-26 12:36:55', 0, 1),
(1143, 24, 39, 0, '2020-06-26 12:36:55', '2020-06-26 12:36:55', 0, 1),
(1144, 24, 40, 0, '2020-06-26 12:36:55', '2020-06-26 12:36:55', 0, 1),
(1145, 24, 41, 0, '2020-06-26 12:36:55', '2020-06-26 12:36:55', 0, 1),
(1146, 24, 42, 0, '2020-06-26 12:36:55', '2020-06-26 12:36:55', 0, 1),
(1147, 24, 43, 0, '2020-06-26 12:36:55', '2020-06-26 12:36:55', 0, 1),
(1148, 24, 44, 0, '2020-06-26 12:36:56', '2020-06-26 12:36:56', 0, 1),
(1149, 24, 45, 0, '2020-06-26 12:36:56', '2020-06-26 12:36:56', 0, 1),
(1150, 24, 46, 0, '2020-06-26 12:36:56', '2020-06-26 12:36:56', 0, 1),
(1151, 24, 47, 0, '2020-06-26 12:36:56', '2020-06-26 12:36:56', 0, 1),
(1152, 24, 48, 0, '2020-06-26 12:36:56', '2020-06-26 12:36:56', 0, 1),
(1153, 25, 1, 52, '2020-06-30 12:37:05', '2020-06-30 12:37:05', 0, 1),
(1154, 25, 2, 0, '2020-06-30 12:37:05', '2020-06-30 12:37:05', 0, 1),
(1155, 25, 3, 0, '2020-06-30 12:37:05', '2020-06-30 12:37:05', 0, 1),
(1156, 25, 4, 0, '2020-06-30 12:37:05', '2020-06-30 12:37:05', 0, 1),
(1157, 25, 5, 0, '2020-06-30 12:37:05', '2020-06-30 12:37:05', 0, 1),
(1158, 25, 6, 0, '2020-06-30 12:37:05', '2020-06-30 12:37:05', 0, 1),
(1159, 25, 7, 0, '2020-06-30 12:37:05', '2020-06-30 12:37:05', 0, 1),
(1160, 25, 8, 0, '2020-06-30 12:37:06', '2020-06-30 12:37:06', 0, 1),
(1161, 25, 9, 0, '2020-06-30 12:37:06', '2020-06-30 12:37:06', 0, 1),
(1162, 25, 10, 0, '2020-06-30 12:37:06', '2020-06-30 12:37:06', 0, 1),
(1163, 25, 11, 0, '2020-06-30 12:37:06', '2020-06-30 12:37:06', 0, 1),
(1164, 25, 12, 0, '2020-06-30 12:37:06', '2020-06-30 12:37:06', 0, 1),
(1165, 25, 13, 0, '2020-06-30 12:37:06', '2020-06-30 12:37:06', 0, 1),
(1166, 25, 14, 0, '2020-06-30 12:37:06', '2020-06-30 12:37:06', 0, 1),
(1167, 25, 15, 122, '2020-06-30 12:37:06', '2020-06-30 12:37:06', 0, 1),
(1168, 25, 16, 0, '2020-06-30 12:37:07', '2020-06-30 12:37:07', 0, 1),
(1169, 25, 17, 0, '2020-06-30 12:37:07', '2020-06-30 12:37:07', 0, 1),
(1170, 25, 18, 29, '2020-06-30 12:37:07', '2020-06-30 12:37:07', 0, 1),
(1171, 25, 19, 15, '2020-06-30 12:37:07', '2020-06-30 12:37:07', 0, 1),
(1172, 25, 20, 0, '2020-06-30 12:37:07', '2020-06-30 12:37:07', 0, 1),
(1173, 25, 21, 0, '2020-06-30 12:37:07', '2020-06-30 12:37:07', 0, 1),
(1174, 25, 22, 83, '2020-06-30 12:37:07', '2020-06-30 12:37:07', 0, 1),
(1175, 25, 23, 0, '2020-06-30 12:37:07', '2020-06-30 12:37:07', 0, 1),
(1176, 25, 24, 0, '2020-06-30 12:37:07', '2020-06-30 12:37:07', 0, 1),
(1177, 25, 25, 35, '2020-06-30 12:37:07', '2020-06-30 12:37:07', 0, 1),
(1178, 25, 26, 20, '2020-06-30 12:37:08', '2020-06-30 12:37:08', 0, 1),
(1179, 25, 27, 0, '2020-06-30 12:37:08', '2020-06-30 12:37:08', 0, 1),
(1180, 25, 28, 0, '2020-06-30 12:37:08', '2020-06-30 12:37:08', 0, 1),
(1181, 25, 29, 0, '2020-06-30 12:37:08', '2020-06-30 12:37:08', 0, 1),
(1182, 25, 30, 0, '2020-06-30 12:37:08', '2020-06-30 12:37:08', 0, 1),
(1183, 25, 31, 0, '2020-06-30 12:37:08', '2020-06-30 12:37:08', 0, 1),
(1184, 25, 32, 0, '2020-06-30 12:37:08', '2020-06-30 12:37:08', 0, 1),
(1185, 25, 33, 0, '2020-06-30 12:37:09', '2020-06-30 12:37:09', 0, 1),
(1186, 25, 34, 0, '2020-06-30 12:37:09', '2020-06-30 12:37:09', 0, 1),
(1187, 25, 35, 0, '2020-06-30 12:37:09', '2020-06-30 12:37:09', 0, 1),
(1188, 25, 36, 0, '2020-06-30 12:37:09', '2020-06-30 12:37:09', 0, 1),
(1189, 25, 37, 23, '2020-06-30 12:37:09', '2020-06-30 12:37:09', 0, 1),
(1190, 25, 38, 0, '2020-06-30 12:37:09', '2020-06-30 12:37:09', 0, 1),
(1191, 25, 39, 0, '2020-06-30 12:37:10', '2020-06-30 12:37:10', 0, 1),
(1192, 25, 40, 0, '2020-06-30 12:37:10', '2020-06-30 12:37:10', 0, 1),
(1193, 25, 41, 5, '2020-06-30 12:37:10', '2020-06-30 12:37:10', 0, 1),
(1194, 25, 42, 0, '2020-06-30 12:37:11', '2020-06-30 12:37:11', 0, 1),
(1195, 25, 43, 0, '2020-06-30 12:37:11', '2020-06-30 12:37:11', 0, 1),
(1196, 25, 44, 0, '2020-06-30 12:37:12', '2020-06-30 12:37:12', 0, 1),
(1197, 25, 45, 0, '2020-06-30 12:37:12', '2020-06-30 12:37:12', 0, 1),
(1198, 25, 46, 0, '2020-06-30 12:37:12', '2020-06-30 12:37:12', 0, 1),
(1199, 25, 47, 0, '2020-06-30 12:37:12', '2020-06-30 12:37:12', 0, 1),
(1200, 25, 48, 0, '2020-06-30 12:37:12', '2020-06-30 12:37:12', 0, 1),
(1201, 26, 1, 0, '2020-07-01 13:37:47', '2020-07-01 13:37:47', 0, 1),
(1202, 26, 2, 0, '2020-07-01 13:37:47', '2020-07-01 13:37:47', 0, 1),
(1203, 26, 3, 0, '2020-07-01 13:37:47', '2020-07-01 13:37:47', 0, 1),
(1204, 26, 4, 0, '2020-07-01 13:37:47', '2020-07-01 13:37:47', 0, 1),
(1205, 26, 5, 0, '2020-07-01 13:37:47', '2020-07-01 13:37:47', 0, 1),
(1206, 26, 6, 0, '2020-07-01 13:37:47', '2020-07-01 13:37:47', 0, 1),
(1207, 26, 7, 0, '2020-07-01 13:37:47', '2020-07-01 13:37:47', 0, 1),
(1208, 26, 8, 0, '2020-07-01 13:37:47', '2020-07-01 13:37:47', 0, 1),
(1209, 26, 9, 0, '2020-07-01 13:37:47', '2020-07-01 13:37:47', 0, 1),
(1210, 26, 10, 0, '2020-07-01 13:37:47', '2020-07-01 13:37:47', 0, 1),
(1211, 26, 11, 0, '2020-07-01 13:37:47', '2020-07-01 13:37:47', 0, 1),
(1212, 26, 12, 0, '2020-07-01 13:37:47', '2020-07-01 13:37:47', 0, 1),
(1213, 26, 13, 0, '2020-07-01 13:37:47', '2020-07-01 13:37:47', 0, 1),
(1214, 26, 14, 0, '2020-07-01 13:37:48', '2020-07-01 13:37:48', 0, 1),
(1215, 26, 15, 0, '2020-07-01 13:37:48', '2020-07-01 13:37:48', 0, 1),
(1216, 26, 16, 0, '2020-07-01 13:37:48', '2020-07-01 13:37:48', 0, 1),
(1217, 26, 17, 0, '2020-07-01 13:37:48', '2020-07-01 13:37:48', 0, 1),
(1218, 26, 18, 0, '2020-07-01 13:37:48', '2020-07-01 13:37:48', 0, 1),
(1219, 26, 19, 0, '2020-07-01 13:37:48', '2020-07-01 13:37:48', 0, 1),
(1220, 26, 20, 0, '2020-07-01 13:37:48', '2020-07-01 13:37:48', 0, 1),
(1221, 26, 21, 0, '2020-07-01 13:37:48', '2020-07-01 13:37:48', 0, 1),
(1222, 26, 22, 0, '2020-07-01 13:37:48', '2020-07-01 13:37:48', 0, 1),
(1223, 26, 23, 0, '2020-07-01 13:37:48', '2020-07-01 13:37:48', 0, 1),
(1224, 26, 24, 0, '2020-07-01 13:37:48', '2020-07-01 13:37:48', 0, 1),
(1225, 26, 25, 0, '2020-07-01 13:37:48', '2020-07-01 13:37:48', 0, 1),
(1226, 26, 26, 0, '2020-07-01 13:37:48', '2020-07-01 13:37:48', 0, 1),
(1227, 26, 27, 0, '2020-07-01 13:37:48', '2020-07-01 13:37:48', 0, 1),
(1228, 26, 28, 0, '2020-07-01 13:37:48', '2020-07-01 13:37:48', 0, 1),
(1229, 26, 29, 0, '2020-07-01 13:37:48', '2020-07-01 13:37:48', 0, 1),
(1230, 26, 30, 0, '2020-07-01 13:37:48', '2020-07-01 13:37:48', 0, 1),
(1231, 26, 31, 0, '2020-07-01 13:37:48', '2020-07-01 13:37:48', 0, 1),
(1232, 26, 32, 0, '2020-07-01 13:37:48', '2020-07-01 13:37:48', 0, 1),
(1233, 26, 33, 0, '2020-07-01 13:37:48', '2020-07-01 13:37:48', 0, 1),
(1234, 26, 34, 0, '2020-07-01 13:37:48', '2020-07-01 13:37:48', 0, 1),
(1235, 26, 35, 0, '2020-07-01 13:37:49', '2020-07-01 13:37:49', 0, 1),
(1236, 26, 36, 0, '2020-07-01 13:37:49', '2020-07-01 13:37:49', 0, 1),
(1237, 26, 37, 0, '2020-07-01 13:37:49', '2020-07-01 13:37:49', 0, 1),
(1238, 26, 38, 0, '2020-07-01 13:37:49', '2020-07-01 13:37:49', 0, 1),
(1239, 26, 39, 0, '2020-07-01 13:37:49', '2020-07-01 13:37:49', 0, 1),
(1240, 26, 40, 0, '2020-07-01 13:37:49', '2020-07-01 13:37:49', 0, 1),
(1241, 26, 41, 0, '2020-07-01 13:37:49', '2020-07-01 13:37:49', 0, 1),
(1242, 26, 42, 0, '2020-07-01 13:37:49', '2020-07-01 13:37:49', 0, 1),
(1243, 26, 43, 0, '2020-07-01 13:37:49', '2020-07-01 13:37:49', 0, 1),
(1244, 26, 44, 0, '2020-07-01 13:37:49', '2020-07-01 13:37:49', 0, 1),
(1245, 26, 45, 0, '2020-07-01 13:37:49', '2020-07-01 13:37:49', 0, 1),
(1246, 26, 46, 0, '2020-07-01 13:37:49', '2020-07-01 13:37:49', 0, 1),
(1247, 26, 47, 0, '2020-07-01 13:37:49', '2020-07-01 13:37:49', 0, 1),
(1248, 26, 48, 0, '2020-07-01 13:37:49', '2020-07-01 13:37:49', 0, 1),
(1249, 27, 1, 0, '2020-07-02 13:54:42', '2020-07-02 13:54:42', 0, 1),
(1250, 27, 2, 0, '2020-07-02 13:54:43', '2020-07-02 13:54:43', 0, 1),
(1251, 27, 3, 0, '2020-07-02 13:54:43', '2020-07-02 13:54:43', 0, 1),
(1252, 27, 4, 0, '2020-07-02 13:54:43', '2020-07-02 13:54:43', 0, 1),
(1253, 27, 5, 0, '2020-07-02 13:54:44', '2020-07-02 13:54:44', 0, 1),
(1254, 27, 6, 0, '2020-07-02 13:54:45', '2020-07-02 13:54:45', 0, 1),
(1255, 27, 7, 0, '2020-07-02 13:54:45', '2020-07-02 13:54:45', 0, 1),
(1256, 27, 8, 0, '2020-07-02 13:54:45', '2020-07-02 13:54:45', 0, 1),
(1257, 27, 9, 0, '2020-07-02 13:54:46', '2020-07-02 13:54:46', 0, 1),
(1258, 27, 10, 42, '2020-07-02 13:54:46', '2020-07-02 13:54:46', 0, 1),
(1259, 27, 11, 0, '2020-07-02 13:54:46', '2020-07-02 13:54:46', 0, 1),
(1260, 27, 12, 0, '2020-07-02 13:54:46', '2020-07-02 13:54:46', 0, 1),
(1261, 27, 13, 0, '2020-07-02 13:54:46', '2020-07-02 13:54:46', 0, 1),
(1262, 27, 14, 16, '2020-07-02 13:54:46', '2020-07-02 13:54:46', 0, 1),
(1263, 27, 15, 0, '2020-07-02 13:54:47', '2020-07-02 13:54:47', 0, 1),
(1264, 27, 16, 0, '2020-07-02 13:54:47', '2020-07-02 13:54:47', 0, 1),
(1265, 27, 17, 0, '2020-07-02 13:54:47', '2020-07-02 13:54:47', 0, 1),
(1266, 27, 18, 0, '2020-07-02 13:54:47', '2020-07-02 13:54:47', 0, 1),
(1267, 27, 19, 0, '2020-07-02 13:54:47', '2020-07-02 13:54:47', 0, 1),
(1268, 27, 20, 0, '2020-07-02 13:54:47', '2020-07-02 13:54:47', 0, 1),
(1269, 27, 21, 0, '2020-07-02 13:54:48', '2020-07-02 13:54:48', 0, 1),
(1270, 27, 22, 0, '2020-07-02 13:54:48', '2020-07-02 13:54:48', 0, 1),
(1271, 27, 23, 0, '2020-07-02 13:54:48', '2020-07-02 13:54:48', 0, 1),
(1272, 27, 24, 0, '2020-07-02 13:54:49', '2020-07-02 13:54:49', 0, 1),
(1273, 27, 25, 0, '2020-07-02 13:54:49', '2020-07-02 13:54:49', 0, 1),
(1274, 27, 26, 0, '2020-07-02 13:54:49', '2020-07-02 13:54:49', 0, 1),
(1275, 27, 27, 0, '2020-07-02 13:54:49', '2020-07-02 13:54:49', 0, 1),
(1276, 27, 28, 0, '2020-07-02 13:54:49', '2020-07-02 13:54:49', 0, 1),
(1277, 27, 29, 0, '2020-07-02 13:54:49', '2020-07-02 13:54:49', 0, 1),
(1278, 27, 30, 0, '2020-07-02 13:54:50', '2020-07-02 13:54:50', 0, 1),
(1279, 27, 31, 0, '2020-07-02 13:54:50', '2020-07-02 13:54:50', 0, 1),
(1280, 27, 32, 0, '2020-07-02 13:54:50', '2020-07-02 13:54:50', 0, 1),
(1281, 27, 33, 0, '2020-07-02 13:54:50', '2020-07-02 13:54:50', 0, 1),
(1282, 27, 34, 0, '2020-07-02 13:54:51', '2020-07-02 13:54:51', 0, 1),
(1283, 27, 35, 0, '2020-07-02 13:54:51', '2020-07-02 13:54:51', 0, 1),
(1284, 27, 36, 0, '2020-07-02 13:54:51', '2020-07-02 13:54:51', 0, 1),
(1285, 27, 37, 0, '2020-07-02 13:54:51', '2020-07-02 13:54:51', 0, 1),
(1286, 27, 38, 0, '2020-07-02 13:54:51', '2020-07-02 13:54:51', 0, 1),
(1287, 27, 39, 0, '2020-07-02 13:54:52', '2020-07-02 13:54:52', 0, 1),
(1288, 27, 40, 0, '2020-07-02 13:54:52', '2020-07-02 13:54:52', 0, 1),
(1289, 27, 41, 0, '2020-07-02 13:54:52', '2020-07-02 13:54:52', 0, 1),
(1290, 27, 42, 0, '2020-07-02 13:54:52', '2020-07-02 13:54:52', 0, 1),
(1291, 27, 43, 0, '2020-07-02 13:54:52', '2020-07-02 13:54:52', 0, 1),
(1292, 27, 44, 0, '2020-07-02 13:54:53', '2020-07-02 13:54:53', 0, 1),
(1293, 27, 45, 0, '2020-07-02 13:54:53', '2020-07-02 13:54:53', 0, 1),
(1294, 27, 46, 0, '2020-07-02 13:54:53', '2020-07-02 13:54:53', 0, 1),
(1295, 27, 47, 0, '2020-07-02 13:54:54', '2020-07-02 13:54:54', 0, 1),
(1296, 27, 48, 0, '2020-07-02 13:54:54', '2020-07-02 13:54:54', 0, 1),
(1297, 28, 1, 0, '2020-07-05 08:18:47', '2020-07-05 08:18:47', 0, 1),
(1298, 28, 2, 0, '2020-07-05 08:18:47', '2020-07-05 08:18:47', 0, 1),
(1299, 28, 3, 0, '2020-07-05 08:18:47', '2020-07-05 08:18:47', 0, 1),
(1300, 28, 4, 0, '2020-07-05 08:18:47', '2020-07-05 08:18:47', 0, 1),
(1301, 28, 5, 0, '2020-07-05 08:18:47', '2020-07-05 08:18:47', 0, 1),
(1302, 28, 6, 0, '2020-07-05 08:18:47', '2020-07-05 08:18:47', 0, 1),
(1303, 28, 7, 0, '2020-07-05 08:18:47', '2020-07-05 08:18:47', 0, 1),
(1304, 28, 8, 0, '2020-07-05 08:18:47', '2020-07-05 08:18:47', 0, 1),
(1305, 28, 9, 0, '2020-07-05 08:18:47', '2020-07-05 08:18:47', 0, 1),
(1306, 28, 10, 0, '2020-07-05 08:18:47', '2020-07-05 08:18:47', 0, 1),
(1307, 28, 11, 0, '2020-07-05 08:18:48', '2020-07-05 08:18:48', 0, 1),
(1308, 28, 12, 0, '2020-07-05 08:18:48', '2020-07-05 08:18:48', 0, 1),
(1309, 28, 13, 0, '2020-07-05 08:18:48', '2020-07-05 08:18:48', 0, 1),
(1310, 28, 14, 0, '2020-07-05 08:18:48', '2020-07-05 08:18:48', 0, 1),
(1311, 28, 15, 0, '2020-07-05 08:18:48', '2020-07-05 08:18:48', 0, 1),
(1312, 28, 16, 0, '2020-07-05 08:18:48', '2020-07-05 08:18:48', 0, 1),
(1313, 28, 17, 0, '2020-07-05 08:18:48', '2020-07-05 08:18:48', 0, 1),
(1314, 28, 18, 0, '2020-07-05 08:18:48', '2020-07-05 08:18:48', 0, 1),
(1315, 28, 19, 0, '2020-07-05 08:18:48', '2020-07-05 08:18:48', 0, 1),
(1316, 28, 20, 0, '2020-07-05 08:18:49', '2020-07-05 08:18:49', 0, 1),
(1317, 28, 21, 0, '2020-07-05 08:18:49', '2020-07-05 08:18:49', 0, 1),
(1318, 28, 22, 125, '2020-07-05 08:18:49', '2020-07-05 08:18:49', 0, 1),
(1319, 28, 23, 0, '2020-07-05 08:18:49', '2020-07-05 08:18:49', 0, 1),
(1320, 28, 24, 0, '2020-07-05 08:18:49', '2020-07-05 08:18:49', 0, 1),
(1321, 28, 25, 21, '2020-07-05 08:18:49', '2020-07-05 08:18:49', 0, 1),
(1322, 28, 26, 10, '2020-07-05 08:18:49', '2020-07-05 08:18:49', 0, 1),
(1323, 28, 27, 0, '2020-07-05 08:18:49', '2020-07-05 08:18:49', 0, 1),
(1324, 28, 28, 0, '2020-07-05 08:18:49', '2020-07-05 08:18:49', 0, 1),
(1325, 28, 29, 0, '2020-07-05 08:18:49', '2020-07-05 08:18:49', 0, 1),
(1326, 28, 30, 0, '2020-07-05 08:18:49', '2020-07-05 08:18:49', 0, 1),
(1327, 28, 31, 0, '2020-07-05 08:18:49', '2020-07-05 08:18:49', 0, 1),
(1328, 28, 32, 0, '2020-07-05 08:18:49', '2020-07-05 08:18:49', 0, 1),
(1329, 28, 33, 0, '2020-07-05 08:18:50', '2020-07-05 08:18:50', 0, 1),
(1330, 28, 34, 0, '2020-07-05 08:18:50', '2020-07-05 08:18:50', 0, 1),
(1331, 28, 35, 0, '2020-07-05 08:18:50', '2020-07-05 08:18:50', 0, 1),
(1332, 28, 36, 0, '2020-07-05 08:18:50', '2020-07-05 08:18:50', 0, 1),
(1333, 28, 37, 49, '2020-07-05 08:18:50', '2020-07-05 08:18:50', 0, 1),
(1334, 28, 38, 0, '2020-07-05 08:18:50', '2020-07-05 08:18:50', 0, 1),
(1335, 28, 39, 0, '2020-07-05 08:18:50', '2020-07-05 08:18:50', 0, 1),
(1336, 28, 40, 0, '2020-07-05 08:18:50', '2020-07-05 08:18:50', 0, 1),
(1337, 28, 41, 0, '2020-07-05 08:18:50', '2020-07-05 08:18:50', 0, 1),
(1338, 28, 42, 0, '2020-07-05 08:18:50', '2020-07-05 08:18:50', 0, 1),
(1339, 28, 43, 0, '2020-07-05 08:18:50', '2020-07-05 08:18:50', 0, 1),
(1340, 28, 44, 0, '2020-07-05 08:18:50', '2020-07-05 08:18:50', 0, 1),
(1341, 28, 45, 0, '2020-07-05 08:18:51', '2020-07-05 08:18:51', 0, 1),
(1342, 28, 46, 0, '2020-07-05 08:18:51', '2020-07-05 08:18:51', 0, 1),
(1343, 28, 47, 0, '2020-07-05 08:18:51', '2020-07-05 08:18:51', 0, 1),
(1344, 28, 48, 0, '2020-07-05 08:18:51', '2020-07-05 08:18:51', 0, 1),
(1345, 29, 1, 155, '2020-07-06 11:25:05', '2020-07-06 11:25:05', 0, 1),
(1346, 29, 2, 0, '2020-07-06 11:25:05', '2020-07-06 11:25:05', 0, 1),
(1347, 29, 3, 0, '2020-07-06 11:25:05', '2020-07-06 11:25:05', 0, 1),
(1348, 29, 4, 0, '2020-07-06 11:25:05', '2020-07-06 11:25:05', 0, 1),
(1349, 29, 5, 10, '2020-07-06 11:25:05', '2020-07-06 11:25:05', 0, 1),
(1350, 29, 6, 0, '2020-07-06 11:25:05', '2020-07-06 11:25:05', 0, 1),
(1351, 29, 7, 0, '2020-07-06 11:25:05', '2020-07-06 11:25:05', 0, 1),
(1352, 29, 8, 0, '2020-07-06 11:25:06', '2020-07-06 11:25:06', 0, 1),
(1353, 29, 9, 0, '2020-07-06 11:25:06', '2020-07-06 11:25:06', 0, 1),
(1354, 29, 10, 0, '2020-07-06 11:25:06', '2020-07-06 11:25:06', 0, 1),
(1355, 29, 11, 0, '2020-07-06 11:25:06', '2020-07-06 11:25:06', 0, 1),
(1356, 29, 12, 0, '2020-07-06 11:25:06', '2020-07-06 11:25:06', 0, 1),
(1357, 29, 13, 0, '2020-07-06 11:25:06', '2020-07-06 11:25:06', 0, 1),
(1358, 29, 14, 0, '2020-07-06 11:25:06', '2020-07-06 11:25:06', 0, 1),
(1359, 29, 15, 0, '2020-07-06 11:25:06', '2020-07-06 11:25:06', 0, 1),
(1360, 29, 16, 0, '2020-07-06 11:25:06', '2020-07-06 11:25:06', 0, 1),
(1361, 29, 17, 0, '2020-07-06 11:25:06', '2020-07-06 11:25:06', 0, 1),
(1362, 29, 18, 0, '2020-07-06 11:25:07', '2020-07-06 11:25:07', 0, 1),
(1363, 29, 19, 0, '2020-07-06 11:25:07', '2020-07-06 11:25:07', 0, 1),
(1364, 29, 20, 0, '2020-07-06 11:25:07', '2020-07-06 11:25:07', 0, 1),
(1365, 29, 21, 0, '2020-07-06 11:25:07', '2020-07-06 11:25:07', 0, 1),
(1366, 29, 22, 0, '2020-07-06 11:25:07', '2020-07-06 11:25:07', 0, 1),
(1367, 29, 23, 0, '2020-07-06 11:25:07', '2020-07-06 11:25:07', 0, 1),
(1368, 29, 24, 0, '2020-07-06 11:25:08', '2020-07-06 11:25:08', 0, 1),
(1369, 29, 25, 0, '2020-07-06 11:25:08', '2020-07-06 11:25:08', 0, 1),
(1370, 29, 26, 0, '2020-07-06 11:25:08', '2020-07-06 11:25:08', 0, 1),
(1371, 29, 27, 0, '2020-07-06 11:25:08', '2020-07-06 11:25:08', 0, 1),
(1372, 29, 28, 0, '2020-07-06 11:25:08', '2020-07-06 11:25:08', 0, 1),
(1373, 29, 29, 0, '2020-07-06 11:25:08', '2020-07-06 11:25:08', 0, 1),
(1374, 29, 30, 0, '2020-07-06 11:25:08', '2020-07-06 11:25:08', 0, 1),
(1375, 29, 31, 0, '2020-07-06 11:25:08', '2020-07-06 11:25:08', 0, 1),
(1376, 29, 32, 0, '2020-07-06 11:25:08', '2020-07-06 11:25:08', 0, 1),
(1377, 29, 33, 0, '2020-07-06 11:25:08', '2020-07-06 11:25:08', 0, 1),
(1378, 29, 34, 0, '2020-07-06 11:25:08', '2020-07-06 11:25:08', 0, 1),
(1379, 29, 35, 0, '2020-07-06 11:25:08', '2020-07-06 11:25:08', 0, 1),
(1380, 29, 36, 0, '2020-07-06 11:25:09', '2020-07-06 11:25:09', 0, 1),
(1381, 29, 37, 0, '2020-07-06 11:25:09', '2020-07-06 11:25:09', 0, 1),
(1382, 29, 38, 0, '2020-07-06 11:25:09', '2020-07-06 11:25:09', 0, 1),
(1383, 29, 39, 0, '2020-07-06 11:25:09', '2020-07-06 11:25:09', 0, 1),
(1384, 29, 40, 0, '2020-07-06 11:25:09', '2020-07-06 11:25:09', 0, 1),
(1385, 29, 41, 0, '2020-07-06 11:25:09', '2020-07-06 11:25:09', 0, 1),
(1386, 29, 42, 0, '2020-07-06 11:25:09', '2020-07-06 11:25:09', 0, 1),
(1387, 29, 43, 0, '2020-07-06 11:25:09', '2020-07-06 11:25:09', 0, 1),
(1388, 29, 44, 0, '2020-07-06 11:25:09', '2020-07-06 11:25:09', 0, 1),
(1389, 29, 45, 0, '2020-07-06 11:25:09', '2020-07-06 11:25:09', 0, 1),
(1390, 29, 46, 0, '2020-07-06 11:25:09', '2020-07-06 11:25:09', 0, 1),
(1391, 29, 47, 0, '2020-07-06 11:25:09', '2020-07-06 11:25:09', 0, 1),
(1392, 29, 48, 0, '2020-07-06 11:25:10', '2020-07-06 11:25:10', 0, 1),
(1393, 30, 1, 0, '2020-07-07 17:23:03', '2020-07-07 17:23:03', 0, 1),
(1394, 30, 2, 0, '2020-07-07 17:23:03', '2020-07-07 17:23:03', 0, 1),
(1395, 30, 3, 0, '2020-07-07 17:23:03', '2020-07-07 17:23:03', 0, 1),
(1396, 30, 4, 0, '2020-07-07 17:23:03', '2020-07-07 17:23:03', 0, 1),
(1397, 30, 5, 0, '2020-07-07 17:23:03', '2020-07-07 17:23:03', 0, 1),
(1398, 30, 6, 0, '2020-07-07 17:23:03', '2020-07-07 17:23:03', 0, 1),
(1399, 30, 7, 0, '2020-07-07 17:23:03', '2020-07-07 17:23:03', 0, 1),
(1400, 30, 8, 0, '2020-07-07 17:23:03', '2020-07-07 17:23:03', 0, 1),
(1401, 30, 9, 0, '2020-07-07 17:23:03', '2020-07-07 17:23:03', 0, 1),
(1402, 30, 10, 0, '2020-07-07 17:23:03', '2020-07-07 17:23:03', 0, 1),
(1403, 30, 11, 0, '2020-07-07 17:23:03', '2020-07-07 17:23:03', 0, 1),
(1404, 30, 12, 0, '2020-07-07 17:23:03', '2020-07-07 17:23:03', 0, 1),
(1405, 30, 13, 0, '2020-07-07 17:23:03', '2020-07-07 17:23:03', 0, 1),
(1406, 30, 14, 0, '2020-07-07 17:23:03', '2020-07-07 17:23:03', 0, 1),
(1407, 30, 15, 0, '2020-07-07 17:23:03', '2020-07-07 17:23:03', 0, 1),
(1408, 30, 16, 0, '2020-07-07 17:23:04', '2020-07-07 17:23:04', 0, 1),
(1409, 30, 17, 0, '2020-07-07 17:23:04', '2020-07-07 17:23:04', 0, 1),
(1410, 30, 18, 0, '2020-07-07 17:23:04', '2020-07-07 17:23:04', 0, 1),
(1411, 30, 19, 0, '2020-07-07 17:23:04', '2020-07-07 17:23:04', 0, 1),
(1412, 30, 20, 0, '2020-07-07 17:23:04', '2020-07-07 17:23:04', 0, 1),
(1413, 30, 21, 0, '2020-07-07 17:23:04', '2020-07-07 17:23:04', 0, 1),
(1414, 30, 22, 0, '2020-07-07 17:23:04', '2020-07-07 17:23:04', 0, 1),
(1415, 30, 23, 0, '2020-07-07 17:23:04', '2020-07-07 17:23:04', 0, 1),
(1416, 30, 24, 0, '2020-07-07 17:23:04', '2020-07-07 17:23:04', 0, 1),
(1417, 30, 25, 0, '2020-07-07 17:23:04', '2020-07-07 17:23:04', 0, 1),
(1418, 30, 26, 0, '2020-07-07 17:23:04', '2020-07-07 17:23:04', 0, 1),
(1419, 30, 27, 0, '2020-07-07 17:23:04', '2020-07-07 17:23:04', 0, 1),
(1420, 30, 28, 0, '2020-07-07 17:23:04', '2020-07-07 17:23:04', 0, 1),
(1421, 30, 29, 0, '2020-07-07 17:23:04', '2020-07-07 17:23:04', 0, 1),
(1422, 30, 30, 0, '2020-07-07 17:23:05', '2020-07-07 17:23:05', 0, 1),
(1423, 30, 31, 0, '2020-07-07 17:23:05', '2020-07-07 17:23:05', 0, 1),
(1424, 30, 32, 0, '2020-07-07 17:23:05', '2020-07-07 17:23:05', 0, 1),
(1425, 30, 33, 0, '2020-07-07 17:23:05', '2020-07-07 17:23:05', 0, 1),
(1426, 30, 34, 0, '2020-07-07 17:23:05', '2020-07-07 17:23:05', 0, 1),
(1427, 30, 35, 0, '2020-07-07 17:23:05', '2020-07-07 17:23:05', 0, 1),
(1428, 30, 36, 0, '2020-07-07 17:23:06', '2020-07-07 17:23:06', 0, 1),
(1429, 30, 37, 0, '2020-07-07 17:23:06', '2020-07-07 17:23:06', 0, 1),
(1430, 30, 38, 0, '2020-07-07 17:23:06', '2020-07-07 17:23:06', 0, 1),
(1431, 30, 39, 0, '2020-07-07 17:23:06', '2020-07-07 17:23:06', 0, 1),
(1432, 30, 40, 0, '2020-07-07 17:23:06', '2020-07-07 17:23:06', 0, 1),
(1433, 30, 41, 0, '2020-07-07 17:23:06', '2020-07-07 17:23:06', 0, 1),
(1434, 30, 42, 0, '2020-07-07 17:23:06', '2020-07-07 17:23:06', 0, 1),
(1435, 30, 43, 0, '2020-07-07 17:23:06', '2020-07-07 17:23:06', 0, 1),
(1436, 30, 44, 0, '2020-07-07 17:23:06', '2020-07-07 17:23:06', 0, 1),
(1437, 30, 45, 0, '2020-07-07 17:23:06', '2020-07-07 17:23:06', 0, 1),
(1438, 30, 46, 0, '2020-07-07 17:23:06', '2020-07-07 17:23:06', 0, 1),
(1439, 30, 47, 0, '2020-07-07 17:23:06', '2020-07-07 17:23:06', 0, 1),
(1440, 30, 48, 0, '2020-07-07 17:23:07', '2020-07-07 17:23:07', 0, 1),
(1441, 31, 1, 0, '2020-07-08 17:20:58', '2020-07-08 17:20:58', 0, 1),
(1442, 31, 2, 0, '2020-07-08 17:20:58', '2020-07-08 17:20:58', 0, 1),
(1443, 31, 3, 0, '2020-07-08 17:20:59', '2020-07-08 17:20:59', 0, 1),
(1444, 31, 4, 0, '2020-07-08 17:20:59', '2020-07-08 17:20:59', 0, 1),
(1445, 31, 5, 0, '2020-07-08 17:20:59', '2020-07-08 17:20:59', 0, 1),
(1446, 31, 6, 0, '2020-07-08 17:20:59', '2020-07-08 17:20:59', 0, 1),
(1447, 31, 7, 0, '2020-07-08 17:20:59', '2020-07-08 17:20:59', 0, 1),
(1448, 31, 8, 0, '2020-07-08 17:21:00', '2020-07-08 17:21:00', 0, 1),
(1449, 31, 9, 0, '2020-07-08 17:21:00', '2020-07-08 17:21:00', 0, 1),
(1450, 31, 10, 0, '2020-07-08 17:21:00', '2020-07-08 17:21:00', 0, 1),
(1451, 31, 11, 0, '2020-07-08 17:21:00', '2020-07-08 17:21:00', 0, 1),
(1452, 31, 12, 0, '2020-07-08 17:21:00', '2020-07-08 17:21:00', 0, 1),
(1453, 31, 13, 0, '2020-07-08 17:21:00', '2020-07-08 17:21:00', 0, 1),
(1454, 31, 14, 0, '2020-07-08 17:21:01', '2020-07-08 17:21:01', 0, 1),
(1455, 31, 15, 119, '2020-07-08 17:21:01', '2020-07-08 17:21:01', 0, 1),
(1456, 31, 16, 0, '2020-07-08 17:21:01', '2020-07-08 17:21:01', 0, 1),
(1457, 31, 17, 0, '2020-07-08 17:21:01', '2020-07-08 17:21:01', 0, 1),
(1458, 31, 18, 0, '2020-07-08 17:21:02', '2020-07-08 17:21:02', 0, 1),
(1459, 31, 19, 3, '2020-07-08 17:21:02', '2020-07-08 17:21:02', 0, 1),
(1460, 31, 20, 0, '2020-07-08 17:21:02', '2020-07-08 17:21:02', 0, 1),
(1461, 31, 21, 0, '2020-07-08 17:21:02', '2020-07-08 17:21:02', 0, 1),
(1462, 31, 22, 0, '2020-07-08 17:21:02', '2020-07-08 17:21:02', 0, 1),
(1463, 31, 23, 0, '2020-07-08 17:21:02', '2020-07-08 17:21:02', 0, 1),
(1464, 31, 24, 0, '2020-07-08 17:21:02', '2020-07-08 17:21:02', 0, 1),
(1465, 31, 25, 0, '2020-07-08 17:21:02', '2020-07-08 17:21:02', 0, 1),
(1466, 31, 26, 0, '2020-07-08 17:21:02', '2020-07-08 17:21:02', 0, 1),
(1467, 31, 27, 0, '2020-07-08 17:21:03', '2020-07-08 17:21:03', 0, 1),
(1468, 31, 28, 0, '2020-07-08 17:21:03', '2020-07-08 17:21:03', 0, 1),
(1469, 31, 29, 0, '2020-07-08 17:21:03', '2020-07-08 17:21:03', 0, 1);
INSERT INTO `ligneproduction` (`id`, `production_id`, `prixdevente_id`, `production`, `created`, `modified`, `protected`, `valide`) VALUES
(1470, 31, 30, 0, '2020-07-08 17:21:03', '2020-07-08 17:21:03', 0, 1),
(1471, 31, 31, 0, '2020-07-08 17:21:03', '2020-07-08 17:21:03', 0, 1),
(1472, 31, 32, 0, '2020-07-08 17:21:03', '2020-07-08 17:21:03', 0, 1),
(1473, 31, 33, 0, '2020-07-08 17:21:03', '2020-07-08 17:21:03', 0, 1),
(1474, 31, 34, 0, '2020-07-08 17:21:03', '2020-07-08 17:21:03', 0, 1),
(1475, 31, 35, 0, '2020-07-08 17:21:03', '2020-07-08 17:21:03', 0, 1),
(1476, 31, 36, 0, '2020-07-08 17:21:03', '2020-07-08 17:21:03', 0, 1),
(1477, 31, 37, 0, '2020-07-08 17:21:03', '2020-07-08 17:21:03', 0, 1),
(1478, 31, 38, 0, '2020-07-08 17:21:04', '2020-07-08 17:21:04', 0, 1),
(1479, 31, 39, 0, '2020-07-08 17:21:04', '2020-07-08 17:21:04', 0, 1),
(1480, 31, 40, 0, '2020-07-08 17:21:04', '2020-07-08 17:21:04', 0, 1),
(1481, 31, 41, 0, '2020-07-08 17:21:04', '2020-07-08 17:21:04', 0, 1),
(1482, 31, 42, 0, '2020-07-08 17:21:04', '2020-07-08 17:21:04', 0, 1),
(1483, 31, 43, 0, '2020-07-08 17:21:04', '2020-07-08 17:21:04', 0, 1),
(1484, 31, 44, 0, '2020-07-08 17:21:04', '2020-07-08 17:21:04', 0, 1),
(1485, 31, 45, 0, '2020-07-08 17:21:04', '2020-07-08 17:21:04', 0, 1),
(1486, 31, 46, 0, '2020-07-08 17:21:05', '2020-07-08 17:21:05', 0, 1),
(1487, 31, 47, 0, '2020-07-08 17:21:05', '2020-07-08 17:21:05', 0, 1),
(1488, 31, 48, 0, '2020-07-08 17:21:05', '2020-07-08 17:21:05', 0, 1),
(1489, 32, 1, 0, '2020-07-09 10:13:11', '2020-07-09 10:13:11', 0, 1),
(1490, 32, 2, 0, '2020-07-09 10:13:11', '2020-07-09 10:13:11', 0, 1),
(1491, 32, 3, 0, '2020-07-09 10:13:11', '2020-07-09 10:13:11', 0, 1),
(1492, 32, 4, 0, '2020-07-09 10:13:11', '2020-07-09 10:13:11', 0, 1),
(1493, 32, 5, 0, '2020-07-09 10:13:11', '2020-07-09 10:13:11', 0, 1),
(1494, 32, 6, 0, '2020-07-09 10:13:11', '2020-07-09 10:13:11', 0, 1),
(1495, 32, 7, 0, '2020-07-09 10:13:11', '2020-07-09 10:13:11', 0, 1),
(1496, 32, 8, 0, '2020-07-09 10:13:11', '2020-07-09 10:13:11', 0, 1),
(1497, 32, 9, 0, '2020-07-09 10:13:11', '2020-07-09 10:13:11', 0, 1),
(1498, 32, 10, 0, '2020-07-09 10:13:11', '2020-07-09 10:13:11', 0, 1),
(1499, 32, 11, 0, '2020-07-09 10:13:11', '2020-07-09 10:13:11', 0, 1),
(1500, 32, 12, 0, '2020-07-09 10:13:11', '2020-07-09 10:13:11', 0, 1),
(1501, 32, 13, 0, '2020-07-09 10:13:11', '2020-07-09 10:13:11', 0, 1),
(1502, 32, 14, 0, '2020-07-09 10:13:11', '2020-07-09 10:13:11', 0, 1),
(1503, 32, 15, 0, '2020-07-09 10:13:11', '2020-07-09 10:13:11', 0, 1),
(1504, 32, 16, 0, '2020-07-09 10:13:12', '2020-07-09 10:13:12', 0, 1),
(1505, 32, 17, 0, '2020-07-09 10:13:12', '2020-07-09 10:13:12', 0, 1),
(1506, 32, 18, 0, '2020-07-09 10:13:12', '2020-07-09 10:13:12', 0, 1),
(1507, 32, 19, 0, '2020-07-09 10:13:12', '2020-07-09 10:13:12', 0, 1),
(1508, 32, 20, 0, '2020-07-09 10:13:12', '2020-07-09 10:13:12', 0, 1),
(1509, 32, 21, 0, '2020-07-09 10:13:12', '2020-07-09 10:13:12', 0, 1),
(1510, 32, 22, 0, '2020-07-09 10:13:12', '2020-07-09 10:13:12', 0, 1),
(1511, 32, 23, 0, '2020-07-09 10:13:12', '2020-07-09 10:13:12', 0, 1),
(1512, 32, 24, 0, '2020-07-09 10:13:12', '2020-07-09 10:13:12', 0, 1),
(1513, 32, 25, 0, '2020-07-09 10:13:12', '2020-07-09 10:13:12', 0, 1),
(1514, 32, 26, 0, '2020-07-09 10:13:12', '2020-07-09 10:13:12', 0, 1),
(1515, 32, 27, 0, '2020-07-09 10:13:12', '2020-07-09 10:13:12', 0, 1),
(1516, 32, 28, 0, '2020-07-09 10:13:12', '2020-07-09 10:13:12', 0, 1),
(1517, 32, 29, 0, '2020-07-09 10:13:13', '2020-07-09 10:13:13', 0, 1),
(1518, 32, 30, 0, '2020-07-09 10:13:13', '2020-07-09 10:13:13', 0, 1),
(1519, 32, 31, 0, '2020-07-09 10:13:13', '2020-07-09 10:13:13', 0, 1),
(1520, 32, 32, 0, '2020-07-09 10:13:13', '2020-07-09 10:13:13', 0, 1),
(1521, 32, 33, 0, '2020-07-09 10:13:13', '2020-07-09 10:13:13', 0, 1),
(1522, 32, 34, 0, '2020-07-09 10:13:13', '2020-07-09 10:13:13', 0, 1),
(1523, 32, 35, 0, '2020-07-09 10:13:13', '2020-07-09 10:13:13', 0, 1),
(1524, 32, 36, 0, '2020-07-09 10:13:13', '2020-07-09 10:13:13', 0, 1),
(1525, 32, 37, 0, '2020-07-09 10:13:14', '2020-07-09 10:13:14', 0, 1),
(1526, 32, 38, 0, '2020-07-09 10:13:14', '2020-07-09 10:13:14', 0, 1),
(1527, 32, 39, 0, '2020-07-09 10:13:14', '2020-07-09 10:13:14', 0, 1),
(1528, 32, 40, 0, '2020-07-09 10:13:14', '2020-07-09 10:13:14', 0, 1),
(1529, 32, 41, 0, '2020-07-09 10:13:14', '2020-07-09 10:13:14', 0, 1),
(1530, 32, 42, 0, '2020-07-09 10:13:14', '2020-07-09 10:13:14', 0, 1),
(1531, 32, 43, 0, '2020-07-09 10:13:14', '2020-07-09 10:13:14', 0, 1),
(1532, 32, 44, 0, '2020-07-09 10:13:14', '2020-07-09 10:13:14', 0, 1),
(1533, 32, 45, 0, '2020-07-09 10:13:14', '2020-07-09 10:13:14', 0, 1),
(1534, 32, 46, 0, '2020-07-09 10:13:14', '2020-07-09 10:13:14', 0, 1),
(1535, 32, 47, 0, '2020-07-09 10:13:14', '2020-07-09 10:13:14', 0, 1),
(1536, 32, 48, 0, '2020-07-09 10:13:14', '2020-07-09 10:13:14', 0, 1);

-- --------------------------------------------------------

--
-- Structure de la table `ligneprospection`
--

CREATE TABLE `ligneprospection` (
  `id` int(11) NOT NULL,
  `prospection_id` int(11) NOT NULL,
  `prixdevente_id` int(11) NOT NULL,
  `quantite` int(11) NOT NULL,
  `quantite_vendu` int(11) NOT NULL,
  `reste` int(11) NOT NULL,
  `perte` int(11) NOT NULL,
  `created` datetime DEFAULT NULL,
  `modified` datetime DEFAULT NULL,
  `protected` int(11) NOT NULL DEFAULT '0',
  `valide` int(11) NOT NULL DEFAULT '1'
) ENGINE=InnoDB DEFAULT CHARSET=utf8 COLLATE=utf8_bin ROW_FORMAT=DYNAMIC;

--
-- Déchargement des données de la table `ligneprospection`
--

INSERT INTO `ligneprospection` (`id`, `prospection_id`, `prixdevente_id`, `quantite`, `quantite_vendu`, `reste`, `perte`, `created`, `modified`, `protected`, `valide`) VALUES
(1, 1, 1, 6, 5, 1, 0, '2020-06-02 11:52:58', '2020-06-02 11:52:58', 0, 1),
(2, 1, 4, 2, 2, 0, 0, '2020-06-02 11:52:58', '2020-06-02 11:52:58', 0, 1),
(3, 1, 14, 1, 1, 0, 0, '2020-06-02 11:52:58', '2020-06-02 11:52:58', 0, 1),
(4, 1, 18, 2, 2, 0, 0, '2020-06-02 11:52:58', '2020-06-02 11:52:58', 0, 1),
(5, 2, 14, 1, 1, 0, 0, '2020-06-02 11:59:36', '2020-06-02 11:59:36', 0, 1),
(6, 2, 32, 1, 1, 0, 0, '2020-06-02 11:59:36', '2020-06-02 11:59:36', 0, 1),
(7, 2, 33, 1, 1, 0, 0, '2020-06-02 11:59:36', '2020-06-02 11:59:36', 0, 1),
(8, 2, 18, 1, 1, 0, 0, '2020-06-02 11:59:37', '2020-06-02 11:59:37', 0, 1),
(9, 2, 19, 1, 1, 0, 0, '2020-06-02 11:59:37', '2020-06-02 11:59:37', 0, 1),
(10, 2, 1, 3, 0, 3, 0, '2020-06-02 11:59:37', '2020-06-02 11:59:37', 0, 1),
(11, 2, 4, 1, 1, 0, 0, '2020-06-02 11:59:37', '2020-06-02 11:59:37', 0, 1),
(12, 3, 1, 10, 8, 2, 0, '2020-06-02 13:11:37', '2020-06-02 13:11:37', 0, 1),
(13, 3, 4, 3, 0, 3, 0, '2020-06-02 13:11:37', '2020-06-02 13:11:37', 0, 1),
(14, 3, 14, 1, 0, 1, 0, '2020-06-02 13:11:37', '2020-06-02 13:11:37', 0, 1),
(15, 3, 33, 1, 1, 0, 0, '2020-06-02 13:11:38', '2020-06-02 13:11:38', 0, 1),
(16, 4, 14, 1, 0, 1, 0, '2020-06-02 13:24:03', '2020-06-02 13:24:03', 0, 1),
(17, 4, 1, 5, 3, 2, 0, '2020-06-02 13:24:03', '2020-06-02 13:24:03', 0, 1),
(18, 4, 4, 2, 1, 1, 0, '2020-06-02 13:24:03', '2020-06-02 13:24:03', 0, 1),
(19, 4, 32, 1, 1, 0, 0, '2020-06-02 13:24:03', '2020-06-02 13:24:03', 0, 1),
(20, 4, 33, 1, 0, 1, 0, '2020-06-02 13:24:03', '2020-06-02 13:24:03', 0, 1),
(21, 5, 4, 3, 3, 0, 0, '2020-06-08 14:31:29', '2020-06-08 14:31:29', 0, 1),
(22, 5, 5, 1, 1, 0, 0, '2020-06-08 14:31:30', '2020-06-08 14:31:30', 0, 1),
(23, 5, 29, 6, 6, 0, 0, '2020-06-08 14:31:30', '2020-06-08 14:31:30', 0, 1),
(24, 5, 32, 2, 2, 0, 0, '2020-06-08 14:31:30', '2020-06-08 14:31:30', 0, 1),
(25, 5, 10, 12, 12, 0, 0, '2020-06-08 14:31:30', '2020-06-08 14:31:30', 0, 1),
(26, 5, 14, 2, 2, 0, 0, '2020-06-08 14:31:31', '2020-06-08 14:31:31', 0, 1),
(27, 5, 26, 3, 3, 0, 0, '2020-06-08 14:31:31', '2020-06-08 14:31:31', 0, 1),
(28, 5, 18, 1, 1, 0, 0, '2020-06-08 14:31:31', '2020-06-08 14:31:31', 0, 1),
(29, 6, 10, 12, 12, 0, 0, '2020-06-08 14:39:17', '2020-06-08 14:39:17', 0, 1),
(30, 6, 14, 2, 2, 0, 0, '2020-06-08 14:39:17', '2020-06-08 14:39:17', 0, 1),
(31, 6, 22, 1, 1, 0, 0, '2020-06-08 14:39:17', '2020-06-08 14:39:17', 0, 1),
(32, 6, 25, 1, 1, 0, 0, '2020-06-08 14:39:17', '2020-06-08 14:39:17', 0, 1),
(33, 6, 26, 1, 1, 0, 0, '2020-06-08 14:39:18', '2020-06-08 14:39:18', 0, 1),
(34, 6, 15, 7, 7, 0, 0, '2020-06-08 14:39:18', '2020-06-08 14:39:18', 0, 1),
(35, 6, 19, 1, 1, 0, 0, '2020-06-08 14:39:18', '2020-06-08 14:39:18', 0, 1),
(36, 6, 29, 3, 3, 0, 0, '2020-06-08 14:39:18', '2020-06-08 14:39:18', 0, 1),
(37, 6, 32, 2, 2, 0, 0, '2020-06-08 14:39:18', '2020-06-08 14:39:18', 0, 1),
(38, 6, 33, 1, 1, 0, 0, '2020-06-08 14:39:18', '2020-06-08 14:39:18', 0, 1),
(39, 6, 1, 3, 3, 0, 0, '2020-06-08 14:39:18', '2020-06-08 14:39:18', 0, 1),
(40, 7, 10, 6, 6, 0, 0, '2020-06-08 15:12:47', '2020-06-08 15:12:47', 0, 1),
(41, 7, 14, 2, 2, 0, 0, '2020-06-08 15:12:47', '2020-06-08 15:12:47', 0, 1),
(42, 7, 22, 2, 2, 0, 0, '2020-06-08 15:12:48', '2020-06-08 15:12:48', 0, 1),
(43, 7, 25, 2, 2, 0, 0, '2020-06-08 15:12:48', '2020-06-08 15:12:48', 0, 1),
(44, 7, 26, 1, 1, 0, 0, '2020-06-08 15:12:48', '2020-06-08 15:12:48', 0, 1),
(45, 7, 32, 4, 4, 0, 0, '2020-06-08 15:12:48', '2020-06-08 15:12:48', 0, 1),
(46, 7, 15, 1, 1, 0, 0, '2020-06-08 15:12:48', '2020-06-08 15:12:48', 0, 1),
(47, 7, 18, 1, 1, 0, 0, '2020-06-08 15:12:48', '2020-06-08 15:12:48', 0, 1),
(48, 7, 19, 1, 1, 0, 0, '2020-06-08 15:12:49', '2020-06-08 15:12:49', 0, 1),
(49, 8, 29, 4, 4, 0, 0, '2020-06-08 16:33:58', '2020-06-08 16:33:58', 0, 1),
(50, 8, 32, 2, 2, 0, 0, '2020-06-08 16:33:58', '2020-06-08 16:33:58', 0, 1),
(51, 8, 15, 2, 2, 0, 0, '2020-06-08 16:33:58', '2020-06-08 16:33:58', 0, 1),
(52, 8, 18, 1, 1, 0, 0, '2020-06-08 16:33:59', '2020-06-08 16:33:59', 0, 1),
(53, 8, 22, 1, 1, 0, 0, '2020-06-08 16:33:59', '2020-06-08 16:33:59', 0, 1),
(54, 8, 25, 2, 2, 0, 0, '2020-06-08 16:33:59', '2020-06-08 16:33:59', 0, 1),
(55, 8, 1, 4, 4, 0, 0, '2020-06-08 16:33:59', '2020-06-08 16:33:59', 0, 1),
(56, 8, 10, 3, 3, 0, 0, '2020-06-08 16:33:59', '2020-06-08 16:33:59', 0, 1),
(57, 9, 32, 1, 1, 0, 0, '2020-06-08 16:58:57', '2020-06-08 16:58:57', 0, 1),
(58, 9, 15, 2, 2, 0, 0, '2020-06-08 16:58:57', '2020-06-08 16:58:57', 0, 1),
(59, 9, 10, 4, 4, 0, 0, '2020-06-08 16:58:58', '2020-06-08 16:58:58', 0, 1),
(60, 9, 1, 4, 4, 0, 0, '2020-06-08 16:58:58', '2020-06-08 16:58:58', 0, 1),
(61, 9, 4, 4, 4, 0, 0, '2020-06-08 16:58:58', '2020-06-08 16:58:58', 0, 1),
(62, 9, 22, 2, 2, 0, 0, '2020-06-08 16:58:58', '2020-06-08 16:58:58', 0, 1),
(63, 9, 25, 4, 4, 0, 0, '2020-06-08 16:58:58', '2020-06-08 16:58:58', 0, 1),
(64, 10, 1, 2, 2, 0, 0, '2020-06-09 09:48:53', '2020-06-09 09:48:53', 0, 1),
(65, 10, 15, 1, 1, 0, 0, '2020-06-09 09:48:53', '2020-06-09 09:48:53', 0, 1),
(66, 10, 18, 2, 1, 1, 0, '2020-06-09 09:48:53', '2020-06-09 09:48:53', 0, 1),
(67, 10, 19, 1, 0, 1, 0, '2020-06-09 09:48:54', '2020-06-09 09:48:54', 0, 1),
(68, 10, 10, 4, 3, 1, 0, '2020-06-09 09:48:54', '2020-06-09 09:48:54', 0, 1),
(69, 10, 14, 2, 0, 2, 0, '2020-06-09 09:48:54', '2020-06-09 09:48:54', 0, 1),
(70, 10, 22, 8, 5, 3, 0, '2020-06-09 09:48:54', '2020-06-09 09:48:54', 0, 1),
(71, 10, 25, 3, 1, 2, 0, '2020-06-09 09:48:54', '2020-06-09 09:48:54', 0, 1),
(72, 10, 29, 1, 0, 1, 0, '2020-06-09 09:48:54', '2020-06-09 09:48:54', 0, 1),
(73, 10, 32, 1, 1, 0, 0, '2020-06-09 09:48:55', '2020-06-09 09:48:55', 0, 1),
(74, 11, 1, 1, 1, 0, 0, '2020-06-09 13:29:41', '2020-06-09 13:29:41', 0, 1),
(75, 11, 10, 1, 1, 0, 0, '2020-06-09 13:29:41', '2020-06-09 13:29:41', 0, 1),
(76, 11, 29, 2, 2, 0, 0, '2020-06-09 13:29:41', '2020-06-09 13:29:41', 0, 1),
(77, 11, 32, 1, 1, 0, 0, '2020-06-09 13:29:42', '2020-06-09 13:29:42', 0, 1),
(78, 11, 22, 2, 2, 0, 0, '2020-06-09 13:29:42', '2020-06-09 13:29:42', 0, 1),
(79, 11, 15, 1, 1, 0, 0, '2020-06-09 13:29:43', '2020-06-09 13:29:43', 0, 1),
(80, 11, 18, 1, 1, 0, 0, '2020-06-09 13:29:43', '2020-06-09 13:29:43', 0, 1),
(81, 12, 14, 1, 0, 1, 0, '2020-06-09 13:33:26', '2020-06-09 13:33:26', 0, 1),
(82, 12, 22, 1, 1, 0, 0, '2020-06-09 13:33:27', '2020-06-09 13:33:27', 0, 1),
(83, 12, 25, 1, 0, 1, 0, '2020-06-09 13:33:27', '2020-06-09 13:33:27', 0, 1),
(84, 12, 18, 2, 1, 1, 0, '2020-06-09 13:33:27', '2020-06-09 13:33:27', 0, 1),
(85, 12, 1, 3, 0, 3, 0, '2020-06-09 13:33:27', '2020-06-09 13:33:27', 0, 1),
(86, 12, 29, 1, 1, 0, 0, '2020-06-09 13:33:28', '2020-06-09 13:33:28', 0, 1),
(87, 13, 4, 1, 0, 1, 0, '2020-06-09 14:58:47', '2020-06-09 14:58:47', 0, 1),
(88, 13, 18, 1, 0, 1, 0, '2020-06-09 14:58:47', '2020-06-09 14:58:47', 0, 1),
(89, 13, 33, 1, 0, 1, 0, '2020-06-09 14:58:48', '2020-06-09 14:58:48', 0, 1),
(90, 13, 10, 6, 3, 3, 0, '2020-06-09 14:58:48', '2020-06-09 14:58:48', 0, 1),
(91, 13, 14, 1, 0, 1, 0, '2020-06-09 14:58:48', '2020-06-09 14:58:48', 0, 1),
(92, 13, 25, 2, 0, 2, 0, '2020-06-09 14:58:48', '2020-06-09 14:58:48', 0, 1),
(93, 14, 29, 2, 2, 0, 0, '2020-06-09 15:40:40', '2020-06-09 15:40:40', 0, 1),
(94, 14, 1, 1, 1, 0, 0, '2020-06-09 15:40:40', '2020-06-09 15:40:40', 0, 1),
(95, 15, 15, 3, 3, 0, 0, '2020-06-09 16:44:59', '2020-06-09 16:44:59', 0, 1),
(96, 15, 29, 1, 1, 0, 0, '2020-06-09 16:44:59', '2020-06-09 16:44:59', 0, 1),
(97, 15, 22, 2, 2, 0, 0, '2020-06-09 16:44:59', '2020-06-09 16:44:59', 0, 1),
(98, 15, 25, 1, 1, 0, 0, '2020-06-09 16:44:59', '2020-06-09 16:44:59', 0, 1),
(99, 15, 10, 1, 1, 0, 0, '2020-06-09 16:44:59', '2020-06-09 16:44:59', 0, 1),
(100, 16, 29, 20, 20, 0, 0, '2020-06-10 10:02:48', '2020-06-10 10:02:48', 0, 1),
(101, 16, 10, 20, 20, 0, 0, '2020-06-10 10:02:48', '2020-06-10 10:02:48', 0, 1),
(102, 16, 18, 2, 2, 0, 0, '2020-06-10 10:02:48', '2020-06-10 10:02:48', 0, 1),
(103, 16, 19, 6, 6, 0, 0, '2020-06-10 10:02:48', '2020-06-10 10:02:48', 0, 1),
(104, 16, 1, 10, 10, 0, 0, '2020-06-10 10:02:48', '2020-06-10 10:02:48', 0, 1),
(105, 16, 22, 4, 4, 0, 0, '2020-06-10 10:02:48', '2020-06-10 10:02:48', 0, 1),
(106, 17, 10, 6, 1, 5, 0, '2020-06-10 10:31:23', '2020-06-10 10:31:23', 0, 1),
(107, 17, 14, 2, 0, 2, 0, '2020-06-10 10:31:23', '2020-06-10 10:31:23', 0, 1),
(108, 17, 22, 4, 0, 4, 0, '2020-06-10 10:31:23', '2020-06-10 10:31:23', 0, 1),
(109, 17, 25, 3, 2, 1, 0, '2020-06-10 10:31:23', '2020-06-10 10:31:23', 0, 1),
(110, 17, 1, 4, 1, 3, 0, '2020-06-10 10:31:23', '2020-06-10 10:31:23', 0, 1),
(111, 17, 29, 8, 6, 2, 0, '2020-06-10 10:31:24', '2020-06-10 10:31:24', 0, 1),
(112, 18, 1, 4, 4, 0, 0, '2020-06-11 17:36:31', '2020-06-11 17:36:31', 0, 1),
(113, 18, 4, 1, 1, 0, 0, '2020-06-11 17:36:31', '2020-06-11 17:36:31', 0, 1),
(114, 18, 22, 4, 4, 0, 0, '2020-06-11 17:36:31', '2020-06-11 17:36:31', 0, 1),
(115, 18, 25, 3, 3, 0, 0, '2020-06-11 17:36:31', '2020-06-11 17:36:31', 0, 1),
(116, 18, 29, 9, 9, 0, 0, '2020-06-11 17:36:31', '2020-06-11 17:36:31', 0, 1),
(117, 18, 10, 5, 5, 0, 0, '2020-06-11 17:36:31', '2020-06-11 17:36:31', 0, 1),
(118, 18, 18, 1, 1, 0, 0, '2020-06-11 17:36:31', '2020-06-11 17:36:31', 0, 1),
(119, 19, 22, 2, 2, 0, 0, '2020-06-11 18:25:36', '2020-06-11 18:25:36', 0, 1),
(120, 19, 10, 2, 2, 0, 0, '2020-06-11 18:25:36', '2020-06-11 18:25:36', 0, 1),
(121, 19, 15, 2, 2, 0, 0, '2020-06-11 18:25:37', '2020-06-11 18:25:37', 0, 1),
(122, 19, 29, 2, 2, 0, 0, '2020-06-11 18:25:37', '2020-06-11 18:25:37', 0, 1),
(123, 19, 1, 3, 3, 0, 0, '2020-06-11 18:25:37', '2020-06-11 18:25:37', 0, 1),
(124, 20, 10, 8, 8, 0, 0, '2020-06-11 18:39:39', '2020-06-11 18:39:39', 0, 1),
(125, 20, 14, 2, 2, 0, 0, '2020-06-11 18:39:39', '2020-06-11 18:39:39', 0, 1),
(126, 20, 29, 20, 20, 0, 0, '2020-06-11 18:39:39', '2020-06-11 18:39:39', 0, 1),
(127, 20, 32, 5, 5, 0, 0, '2020-06-11 18:39:39', '2020-06-11 18:39:39', 0, 1),
(128, 20, 1, 18, 18, 0, 0, '2020-06-11 18:39:39', '2020-06-11 18:39:39', 0, 1),
(129, 20, 22, 8, 8, 0, 0, '2020-06-11 18:39:39', '2020-06-11 18:39:39', 0, 1),
(130, 20, 15, 8, 8, 0, 0, '2020-06-11 18:39:39', '2020-06-11 18:39:39', 0, 1),
(131, 20, 19, 2, 2, 0, 0, '2020-06-11 18:39:39', '2020-06-11 18:39:39', 0, 1),
(132, 21, 29, 4, 4, 0, 0, '2020-06-12 13:01:49', '2020-06-12 13:01:49', 0, 1),
(133, 21, 33, 1, 0, 1, 0, '2020-06-12 13:01:49', '2020-06-12 13:01:49', 0, 1),
(134, 21, 15, 2, 0, 2, 0, '2020-06-12 13:01:49', '2020-06-12 13:01:49', 0, 1),
(135, 21, 18, 1, 0, 1, 0, '2020-06-12 13:01:49', '2020-06-12 13:01:49', 0, 1),
(136, 21, 19, 1, 0, 1, 0, '2020-06-12 13:01:50', '2020-06-12 13:01:50', 0, 1),
(137, 21, 10, 2, 0, 2, 0, '2020-06-12 13:01:50', '2020-06-12 13:01:50', 0, 1),
(138, 21, 14, 1, 1, 0, 0, '2020-06-12 13:01:50', '2020-06-12 13:01:50', 0, 1),
(139, 21, 1, 1, 1, 0, 0, '2020-06-12 13:01:50', '2020-06-12 13:01:50', 0, 1),
(140, 21, 4, 1, 0, 1, 0, '2020-06-12 13:01:50', '2020-06-12 13:01:50', 0, 1),
(141, 21, 5, 1, 0, 1, 0, '2020-06-12 13:01:50', '2020-06-12 13:01:50', 0, 1),
(142, 21, 25, 1, 0, 1, 0, '2020-06-12 13:01:50', '2020-06-12 13:01:50', 0, 1),
(143, 22, 4, 1, 1, 0, 0, '2020-06-12 13:49:30', '2020-06-12 13:49:30', 0, 1),
(144, 22, 10, 4, 4, 0, 0, '2020-06-12 13:49:30', '2020-06-12 13:49:30', 0, 1),
(145, 22, 25, 1, 1, 0, 0, '2020-06-12 13:49:30', '2020-06-12 13:49:30', 0, 1),
(146, 22, 15, 3, 3, 0, 0, '2020-06-12 13:49:30', '2020-06-12 13:49:30', 0, 1),
(147, 22, 29, 4, 4, 0, 0, '2020-06-12 13:49:31', '2020-06-12 13:49:31', 0, 1),
(148, 23, 29, 10, 10, 0, 0, '2020-06-12 14:20:46', '2020-06-12 14:20:46', 0, 1),
(149, 23, 15, 10, 10, 0, 0, '2020-06-12 14:20:48', '2020-06-12 14:20:48', 0, 1),
(150, 24, 1, 10, 10, 0, 0, '2020-06-12 14:40:19', '2020-06-12 14:40:19', 0, 1),
(151, 24, 10, 20, 20, 0, 0, '2020-06-12 14:40:19', '2020-06-12 14:40:19', 0, 1),
(152, 24, 22, 20, 20, 0, 0, '2020-06-12 14:40:19', '2020-06-12 14:40:19', 0, 1),
(153, 24, 15, 30, 30, 0, 0, '2020-06-12 14:40:20', '2020-06-12 14:40:20', 0, 1),
(154, 24, 29, 20, 20, 0, 0, '2020-06-12 14:40:20', '2020-06-12 14:40:20', 0, 1),
(155, 25, 14, 2, 2, 0, 0, '2020-06-15 11:09:07', '2020-06-15 11:09:07', 0, 1),
(156, 25, 19, 2, 2, 0, 0, '2020-06-15 11:09:07', '2020-06-15 11:09:07', 0, 1),
(157, 25, 26, 2, 2, 0, 0, '2020-06-15 11:09:07', '2020-06-15 11:09:07', 0, 1),
(158, 25, 4, 2, 2, 0, 0, '2020-06-15 11:09:07', '2020-06-15 11:09:07', 0, 1),
(159, 25, 5, 1, 1, 0, 0, '2020-06-15 11:09:07', '2020-06-15 11:09:07', 0, 1),
(160, 26, 10, 2, 2, 0, 0, '2020-06-15 11:16:25', '2020-06-15 11:16:25', 0, 1),
(161, 26, 15, 2, 0, 2, 0, '2020-06-15 11:16:25', '2020-06-15 11:16:25', 0, 1),
(162, 26, 29, 3, 1, 2, 0, '2020-06-15 11:16:25', '2020-06-15 11:16:25', 0, 1),
(163, 26, 22, 4, 0, 4, 0, '2020-06-15 11:16:25', '2020-06-15 11:16:25', 0, 1),
(164, 26, 4, 1, 0, 1, 0, '2020-06-15 11:16:25', '2020-06-15 11:16:25', 0, 1),
(165, 27, 4, 5, 5, 0, 0, '2020-06-15 13:53:30', '2020-06-15 13:53:30', 0, 1),
(166, 27, 5, 1, 1, 0, 0, '2020-06-15 13:53:30', '2020-06-15 13:53:30', 0, 1),
(167, 27, 26, 2, 2, 0, 0, '2020-06-15 13:53:31', '2020-06-15 13:53:31', 0, 1),
(168, 28, 22, 6, 2, 4, 0, '2020-06-16 10:39:03', '2020-06-16 10:39:03', 0, 1),
(169, 28, 1, 4, 2, 2, 0, '2020-06-16 10:39:03', '2020-06-16 10:39:03', 0, 1),
(170, 28, 10, 4, 1, 3, 0, '2020-06-16 10:39:03', '2020-06-16 10:39:03', 0, 1),
(171, 28, 29, 5, 2, 3, 0, '2020-06-16 10:39:04', '2020-06-16 10:39:04', 0, 1),
(172, 28, 15, 2, 0, 2, 0, '2020-06-16 10:39:05', '2020-06-16 10:39:05', 0, 1),
(173, 29, 29, 5, 1, 4, 0, '2020-06-16 10:44:44', '2020-06-16 10:44:44', 0, 1),
(174, 29, 32, 2, 1, 1, 0, '2020-06-16 10:44:44', '2020-06-16 10:44:44', 0, 1),
(175, 29, 22, 5, 1, 4, 0, '2020-06-16 10:44:45', '2020-06-16 10:44:45', 0, 1),
(176, 29, 25, 2, 0, 2, 0, '2020-06-16 10:44:45', '2020-06-16 10:44:45', 0, 1),
(177, 29, 15, 2, 1, 1, 0, '2020-06-16 10:44:45', '2020-06-16 10:44:45', 0, 1),
(178, 29, 18, 2, 0, 2, 0, '2020-06-16 10:44:45', '2020-06-16 10:44:45', 0, 1),
(179, 29, 1, 2, 2, 0, 0, '2020-06-16 10:44:46', '2020-06-16 10:44:46', 0, 1),
(180, 29, 4, 2, 0, 2, 0, '2020-06-16 10:44:46', '2020-06-16 10:44:46', 0, 1),
(181, 29, 10, 5, 0, 5, 0, '2020-06-16 10:44:46', '2020-06-16 10:44:46', 0, 1),
(182, 30, 29, 5, 2, 3, 0, '2020-06-16 12:49:46', '2020-06-16 12:49:46', 0, 1),
(183, 30, 32, 2, 1, 1, 0, '2020-06-16 12:49:46', '2020-06-16 12:49:46', 0, 1),
(184, 30, 15, 2, 0, 2, 0, '2020-06-16 12:49:47', '2020-06-16 12:49:47', 0, 1),
(185, 30, 18, 1, 0, 1, 0, '2020-06-16 12:49:47', '2020-06-16 12:49:47', 0, 1),
(186, 30, 10, 5, 4, 1, 0, '2020-06-16 12:49:47', '2020-06-16 12:49:47', 0, 1),
(187, 30, 22, 5, 2, 3, 0, '2020-06-16 12:49:47', '2020-06-16 12:49:47', 0, 1),
(188, 30, 1, 3, 0, 3, 0, '2020-06-16 12:49:47', '2020-06-16 12:49:47', 0, 1),
(189, 31, 14, 2, 2, 0, 0, '2020-06-16 15:22:13', '2020-06-16 15:22:13', 0, 1),
(190, 31, 22, 2, 2, 0, 0, '2020-06-16 15:22:13', '2020-06-16 15:22:13', 0, 1),
(191, 31, 26, 1, 1, 0, 0, '2020-06-16 15:22:13', '2020-06-16 15:22:13', 0, 1),
(192, 32, 10, 7, 7, 0, 0, '2020-06-17 11:23:47', '2020-06-17 11:23:47', 0, 1),
(193, 32, 22, 1, 1, 0, 0, '2020-06-17 11:23:48', '2020-06-17 11:23:48', 0, 1),
(194, 32, 29, 2, 2, 0, 0, '2020-06-17 11:23:48', '2020-06-17 11:23:48', 0, 1),
(195, 32, 15, 2, 2, 0, 0, '2020-06-17 11:23:48', '2020-06-17 11:23:48', 0, 1),
(196, 33, 5, 1, 1, 0, 0, '2020-06-17 13:21:30', '2020-06-17 13:21:30', 0, 1),
(197, 33, 14, 1, 1, 0, 0, '2020-06-17 13:21:30', '2020-06-17 13:21:30', 0, 1),
(198, 33, 26, 1, 1, 0, 0, '2020-06-17 13:21:30', '2020-06-17 13:21:30', 0, 1),
(199, 33, 19, 1, 1, 0, 0, '2020-06-17 13:21:30', '2020-06-17 13:21:30', 0, 1),
(200, 34, 22, 3, 3, 0, 0, '2020-06-17 14:30:29', '2020-06-17 14:30:29', 0, 1),
(201, 34, 25, 2, 2, 0, 0, '2020-06-17 14:30:29', '2020-06-17 14:30:29', 0, 1),
(202, 34, 29, 3, 3, 0, 0, '2020-06-17 14:30:29', '2020-06-17 14:30:29', 0, 1),
(203, 34, 32, 1, 1, 0, 0, '2020-06-17 14:30:29', '2020-06-17 14:30:29', 0, 1),
(204, 34, 15, 3, 3, 0, 0, '2020-06-17 14:30:29', '2020-06-17 14:30:29', 0, 1),
(205, 34, 18, 1, 1, 0, 0, '2020-06-17 14:30:29', '2020-06-17 14:30:29', 0, 1),
(206, 34, 19, 1, 1, 0, 0, '2020-06-17 14:30:29', '2020-06-17 14:30:29', 0, 1),
(207, 34, 1, 3, 3, 0, 0, '2020-06-17 14:30:30', '2020-06-17 14:30:30', 0, 1),
(208, 34, 10, 3, 3, 0, 0, '2020-06-17 14:30:30', '2020-06-17 14:30:30', 0, 1),
(209, 35, 29, 4, 4, 0, 0, '2020-06-18 14:45:36', '2020-06-18 14:45:36', 0, 1),
(210, 35, 32, 1, 1, 0, 0, '2020-06-18 14:45:36', '2020-06-18 14:45:36', 0, 1),
(211, 35, 1, 1, 1, 0, 0, '2020-06-18 14:45:36', '2020-06-18 14:45:36', 0, 1),
(212, 35, 4, 1, 1, 0, 0, '2020-06-18 14:45:37', '2020-06-18 14:45:37', 0, 1),
(213, 35, 15, 1, 1, 0, 0, '2020-06-18 14:45:37', '2020-06-18 14:45:37', 0, 1),
(214, 35, 10, 1, 1, 0, 0, '2020-06-18 14:45:37', '2020-06-18 14:45:37', 0, 1),
(215, 35, 25, 2, 2, 0, 0, '2020-06-18 14:45:37', '2020-06-18 14:45:37', 0, 1),
(216, 35, 26, 2, 2, 0, 0, '2020-06-18 14:45:38', '2020-06-18 14:45:38', 0, 1),
(217, 36, 1, 2, 0, 2, 0, '2020-06-18 15:07:06', '2020-06-18 15:07:06', 0, 1),
(218, 36, 4, 1, 0, 1, 0, '2020-06-18 15:07:06', '2020-06-18 15:07:06', 0, 1),
(219, 36, 10, 4, 1, 3, 0, '2020-06-18 15:07:06', '2020-06-18 15:07:06', 0, 1),
(220, 36, 22, 4, 4, 0, 0, '2020-06-18 15:07:07', '2020-06-18 15:07:07', 0, 1),
(221, 36, 25, 1, 0, 1, 0, '2020-06-18 15:07:07', '2020-06-18 15:07:07', 0, 1),
(222, 36, 29, 3, 1, 2, 0, '2020-06-18 15:07:07', '2020-06-18 15:07:07', 0, 1),
(223, 36, 15, 2, 0, 2, 0, '2020-06-18 15:07:07', '2020-06-18 15:07:07', 0, 1),
(224, 36, 18, 1, 0, 1, 0, '2020-06-18 15:07:07', '2020-06-18 15:07:07', 0, 1),
(225, 37, 10, 1, 1, 0, 0, '2020-06-18 17:04:11', '2020-06-18 17:04:11', 0, 1),
(226, 37, 22, 4, 4, 0, 0, '2020-06-18 17:04:11', '2020-06-18 17:04:11', 0, 1),
(227, 37, 29, 1, 1, 0, 0, '2020-06-18 17:04:11', '2020-06-18 17:04:11', 0, 1),
(228, 38, 29, 2, 2, 0, 0, '2020-06-19 13:44:19', '2020-06-19 13:44:19', 0, 1),
(229, 38, 32, 1, 1, 0, 0, '2020-06-19 13:44:19', '2020-06-19 13:44:19', 0, 1),
(230, 38, 22, 2, 2, 0, 0, '2020-06-19 13:44:19', '2020-06-19 13:44:19', 0, 1),
(231, 38, 25, 1, 1, 0, 0, '2020-06-19 13:44:19', '2020-06-19 13:44:19', 0, 1),
(232, 38, 26, 1, 1, 0, 0, '2020-06-19 13:44:20', '2020-06-19 13:44:20', 0, 1),
(233, 39, 15, 1, 1, 0, 0, '2020-06-19 14:44:58', '2020-06-19 14:44:58', 0, 1),
(234, 39, 18, 1, 1, 0, 0, '2020-06-19 14:44:58', '2020-06-19 14:44:58', 0, 1),
(235, 39, 1, 1, 1, 0, 0, '2020-06-19 14:44:58', '2020-06-19 14:44:58', 0, 1),
(236, 39, 4, 1, 1, 0, 0, '2020-06-19 14:44:59', '2020-06-19 14:44:59', 0, 1),
(237, 39, 10, 7, 7, 0, 0, '2020-06-19 14:44:59', '2020-06-19 14:44:59', 0, 1),
(238, 39, 22, 8, 8, 0, 0, '2020-06-19 14:44:59', '2020-06-19 14:44:59', 0, 1),
(239, 39, 25, 1, 1, 0, 0, '2020-06-19 14:44:59', '2020-06-19 14:44:59', 0, 1),
(240, 39, 29, 1, 1, 0, 0, '2020-06-19 14:44:59', '2020-06-19 14:44:59', 0, 1),
(241, 40, 33, 1, 1, 0, 0, '2020-06-19 17:25:44', '2020-06-19 17:25:44', 0, 1),
(242, 40, 19, 2, 2, 0, 0, '2020-06-19 17:25:44', '2020-06-19 17:25:44', 0, 1),
(243, 40, 14, 1, 1, 0, 0, '2020-06-19 17:25:44', '2020-06-19 17:25:44', 0, 1),
(244, 41, 33, 1, 1, 0, 0, '2020-06-19 17:26:00', '2020-06-19 17:26:00', 0, 1),
(245, 41, 19, 2, 2, 0, 0, '2020-06-19 17:26:00', '2020-06-19 17:26:00', 0, 1),
(246, 41, 14, 1, 1, 0, 0, '2020-06-19 17:26:00', '2020-06-19 17:26:00', 0, 1),
(247, 42, 15, 3, 2, 1, 0, '2020-06-20 11:01:14', '2020-06-20 11:01:14', 0, 1),
(248, 42, 18, 2, 0, 2, 0, '2020-06-20 11:01:14', '2020-06-20 11:01:14', 0, 1),
(249, 42, 19, 1, 0, 1, 0, '2020-06-20 11:01:14', '2020-06-20 11:01:14', 0, 1),
(250, 42, 10, 3, 2, 1, 0, '2020-06-20 11:01:15', '2020-06-20 11:01:15', 0, 1),
(251, 42, 14, 1, 0, 1, 0, '2020-06-20 11:01:15', '2020-06-20 11:01:15', 0, 1),
(252, 42, 25, 2, 1, 1, 0, '2020-06-20 11:01:15', '2020-06-20 11:01:15', 0, 1),
(253, 42, 26, 1, 0, 1, 0, '2020-06-20 11:01:15', '2020-06-20 11:01:15', 0, 1),
(254, 42, 29, 3, 3, 0, 0, '2020-06-20 11:01:15', '2020-06-20 11:01:15', 0, 1),
(255, 42, 32, 2, 1, 1, 0, '2020-06-20 11:01:15', '2020-06-20 11:01:15', 0, 1),
(256, 42, 33, 1, 0, 1, 0, '2020-06-20 11:01:15', '2020-06-20 11:01:15', 0, 1),
(257, 42, 1, 2, 1, 1, 0, '2020-06-20 11:01:15', '2020-06-20 11:01:15', 0, 1),
(258, 42, 4, 2, 0, 2, 0, '2020-06-20 11:01:16', '2020-06-20 11:01:16', 0, 1),
(259, 43, 29, 5, 1, 4, 0, '2020-06-20 11:06:10', '2020-06-20 11:06:10', 0, 1),
(260, 43, 32, 2, 0, 2, 0, '2020-06-20 11:06:10', '2020-06-20 11:06:10', 0, 1),
(261, 43, 15, 6, 1, 5, 0, '2020-06-20 11:06:10', '2020-06-20 11:06:10', 0, 1),
(262, 43, 18, 1, 0, 1, 0, '2020-06-20 11:06:11', '2020-06-20 11:06:11', 0, 1),
(263, 43, 19, 1, 0, 1, 0, '2020-06-20 11:06:11', '2020-06-20 11:06:11', 0, 1),
(264, 43, 22, 5, 2, 3, 0, '2020-06-20 11:06:11', '2020-06-20 11:06:11', 0, 1),
(265, 43, 25, 2, 1, 1, 0, '2020-06-20 11:06:11', '2020-06-20 11:06:11', 0, 1),
(266, 43, 26, 1, 0, 1, 0, '2020-06-20 11:06:11', '2020-06-20 11:06:11', 0, 1),
(267, 43, 10, 7, 5, 2, 0, '2020-06-20 11:06:12', '2020-06-20 11:06:12', 0, 1),
(268, 44, 10, 1, 1, 0, 0, '2020-06-19 11:21:14', '2020-06-20 11:21:14', 0, 1),
(269, 44, 15, 1, 1, 0, 0, '2020-06-19 11:21:14', '2020-06-20 11:21:14', 0, 1),
(270, 44, 32, 1, 1, 0, 0, '2020-06-19 11:21:14', '2020-06-20 11:21:14', 0, 1),
(271, 44, 26, 1, 1, 0, 0, '2020-06-19 11:21:14', '2020-06-20 11:21:14', 0, 1),
(272, 45, 1, 4, 4, 0, 0, '2020-06-20 14:24:05', '2020-06-20 14:24:05', 0, 1),
(273, 45, 4, 1, 0, 1, 0, '2020-06-20 14:24:06', '2020-06-20 14:24:06', 0, 1),
(274, 45, 15, 5, 5, 0, 0, '2020-06-20 14:24:06', '2020-06-20 14:24:06', 0, 1),
(275, 45, 19, 1, 0, 1, 0, '2020-06-20 14:24:06', '2020-06-20 14:24:06', 0, 1),
(276, 45, 22, 6, 1, 5, 0, '2020-06-20 14:24:06', '2020-06-20 14:24:06', 0, 1),
(277, 45, 25, 1, 1, 0, 0, '2020-06-20 14:24:06', '2020-06-20 14:24:06', 0, 1),
(278, 45, 26, 1, 0, 1, 0, '2020-06-20 14:24:06', '2020-06-20 14:24:06', 0, 1),
(279, 45, 29, 4, 4, 0, 0, '2020-06-20 14:24:06', '2020-06-20 14:24:06', 0, 1),
(280, 45, 32, 2, 2, 0, 0, '2020-06-20 14:24:06', '2020-06-20 14:24:06', 0, 1),
(281, 45, 10, 8, 7, 1, 0, '2020-06-20 14:24:06', '2020-06-20 14:24:06', 0, 1),
(282, 45, 14, 1, 1, 0, 0, '2020-06-20 14:24:06', '2020-06-20 14:24:06', 0, 1),
(283, 46, 10, 8, 3, 5, 0, '2020-06-20 15:48:17', '2020-06-20 15:48:17', 0, 1),
(284, 46, 14, 1, 1, 0, 0, '2020-06-20 15:48:17', '2020-06-20 15:48:17', 0, 1),
(285, 46, 15, 5, 2, 3, 0, '2020-06-20 15:48:17', '2020-06-20 15:48:17', 0, 1),
(286, 46, 18, 2, 0, 2, 0, '2020-06-20 15:48:17', '2020-06-20 15:48:17', 0, 1),
(287, 46, 1, 5, 3, 2, 0, '2020-06-20 15:48:17', '2020-06-20 15:48:17', 0, 1),
(288, 46, 4, 1, 1, 0, 0, '2020-06-20 15:48:17', '2020-06-20 15:48:17', 0, 1),
(289, 46, 32, 2, 1, 1, 0, '2020-06-20 15:48:17', '2020-06-20 15:48:17', 0, 1),
(290, 46, 22, 5, 2, 3, 0, '2020-06-20 15:48:18', '2020-06-20 15:48:18', 0, 1),
(291, 46, 25, 2, 0, 2, 0, '2020-06-20 15:48:18', '2020-06-20 15:48:18', 0, 1),
(292, 47, 10, 4, 4, 0, 0, '2020-06-20 17:22:28', '2020-06-20 17:22:28', 0, 1),
(293, 47, 29, 4, 4, 0, 0, '2020-06-20 17:22:28', '2020-06-20 17:22:28', 0, 1),
(294, 47, 32, 1, 1, 0, 0, '2020-06-20 17:22:28', '2020-06-20 17:22:28', 0, 1),
(295, 47, 25, 1, 1, 0, 0, '2020-06-20 17:22:28', '2020-06-20 17:22:28', 0, 1),
(296, 47, 26, 2, 2, 0, 0, '2020-06-20 17:22:28', '2020-06-20 17:22:28', 0, 1),
(297, 48, 1, 10, 10, 0, 0, '2020-06-22 12:07:34', '2020-06-22 12:07:34', 0, 1),
(298, 48, 10, 20, 20, 0, 0, '2020-06-22 12:07:35', '2020-06-22 12:07:35', 0, 1),
(299, 48, 15, 30, 30, 0, 0, '2020-06-22 12:07:35', '2020-06-22 12:07:35', 0, 1),
(300, 48, 22, 20, 20, 0, 0, '2020-06-22 12:07:35', '2020-06-22 12:07:35', 0, 1),
(301, 48, 29, 20, 20, 0, 0, '2020-06-22 12:07:35', '2020-06-22 12:07:35', 0, 1),
(302, 49, 10, 2, 2, 0, 0, '2020-06-22 12:12:29', '2020-06-22 12:12:29', 0, 1),
(303, 49, 1, 1, 1, 0, 0, '2020-06-22 12:12:29', '2020-06-22 12:12:29', 0, 1),
(304, 50, 1, 5, 5, 0, 0, '2020-06-22 12:21:05', '2020-06-22 12:21:05', 0, 1),
(305, 51, 26, 2, 2, 0, 0, '2020-06-22 17:34:16', '2020-06-22 17:34:16', 0, 1),
(306, 52, 32, 1, 1, 0, 0, '2020-06-22 17:37:35', '2020-06-22 17:37:35', 0, 1),
(307, 52, 25, 1, 1, 0, 0, '2020-06-22 17:37:35', '2020-06-22 17:37:35', 0, 1),
(308, 53, 1, 12, 12, 0, 0, '2020-06-22 18:27:03', '2020-06-22 18:27:03', 0, 1),
(309, 53, 10, 18, 18, 0, 0, '2020-06-22 18:27:04', '2020-06-22 18:27:04', 0, 1),
(310, 53, 15, 12, 12, 0, 0, '2020-06-22 18:27:04', '2020-06-22 18:27:04', 0, 1),
(311, 53, 22, 12, 12, 0, 0, '2020-06-22 18:27:04', '2020-06-22 18:27:04', 0, 1),
(312, 54, 10, 4, 4, 0, 0, '2020-06-23 11:44:14', '2020-06-23 11:44:14', 0, 1),
(313, 54, 14, 1, 1, 0, 0, '2020-06-23 11:44:14', '2020-06-23 11:44:14', 0, 1),
(314, 54, 4, 1, 1, 0, 0, '2020-06-23 11:44:15', '2020-06-23 11:44:15', 0, 1),
(315, 54, 15, 2, 2, 0, 0, '2020-06-23 11:44:15', '2020-06-23 11:44:15', 0, 1),
(316, 54, 22, 5, 5, 0, 0, '2020-06-23 11:44:15', '2020-06-23 11:44:15', 0, 1),
(317, 54, 26, 1, 1, 0, 0, '2020-06-23 11:44:15', '2020-06-23 11:44:15', 0, 1),
(318, 55, 22, 5, 5, 0, 0, '2020-06-23 13:22:26', '2020-06-23 13:22:26', 0, 1),
(319, 56, 1, 3, 2, 1, 0, '2020-06-24 12:56:49', '2020-06-24 12:56:49', 0, 1),
(320, 56, 15, 3, 3, 0, 0, '2020-06-24 12:56:50', '2020-06-24 12:56:50', 0, 1),
(321, 56, 22, 4, 2, 2, 0, '2020-06-24 12:56:50', '2020-06-24 12:56:50', 0, 1),
(322, 56, 25, 1, 0, 1, 0, '2020-06-24 12:56:50', '2020-06-24 12:56:50', 0, 1),
(323, 56, 32, 1, 1, 0, 0, '2020-06-24 12:56:50', '2020-06-24 12:56:50', 0, 1),
(324, 56, 10, 7, 5, 2, 0, '2020-06-24 12:56:50', '2020-06-24 12:56:50', 0, 1),
(325, 57, 10, 3, 3, 0, 0, '2020-06-24 15:19:39', '2020-06-24 15:19:39', 0, 1),
(326, 58, 10, 3, 3, 0, 0, '2020-06-24 17:46:04', '2020-06-24 17:46:04', 0, 1),
(327, 58, 14, 1, 1, 0, 0, '2020-06-24 17:46:05', '2020-06-24 17:46:05', 0, 1),
(328, 59, 25, 1, 1, 0, 0, '2020-06-24 18:10:10', '2020-06-24 18:10:10', 0, 1),
(329, 60, 1, 6, 6, 0, 0, '2020-06-25 11:50:56', '2020-06-25 11:50:56', 0, 1),
(330, 60, 5, 2, 2, 0, 0, '2020-06-25 11:50:56', '2020-06-25 11:50:56', 0, 1),
(331, 60, 15, 6, 6, 0, 0, '2020-06-25 11:50:56', '2020-06-25 11:50:56', 0, 1),
(332, 60, 19, 1, 1, 0, 0, '2020-06-25 11:50:56', '2020-06-25 11:50:56', 0, 1),
(333, 60, 10, 6, 6, 0, 0, '2020-06-25 11:50:56', '2020-06-25 11:50:56', 0, 1),
(334, 60, 22, 6, 6, 0, 0, '2020-06-25 11:50:56', '2020-06-25 11:50:56', 0, 1),
(335, 60, 32, 2, 2, 0, 0, '2020-06-25 11:50:56', '2020-06-25 11:50:56', 0, 1),
(336, 61, 15, 2, 1, 1, 0, '2020-06-25 12:30:30', '2020-06-25 12:30:30', 0, 1),
(337, 61, 18, 2, 0, 2, 0, '2020-06-25 12:30:30', '2020-06-25 12:30:30', 0, 1),
(338, 61, 19, 1, 0, 1, 0, '2020-06-25 12:30:30', '2020-06-25 12:30:30', 0, 1),
(339, 61, 10, 15, 3, 12, 0, '2020-06-25 12:30:30', '2020-06-25 12:30:30', 0, 1),
(340, 61, 14, 1, 1, 0, 0, '2020-06-25 12:30:30', '2020-06-25 12:30:30', 0, 1),
(341, 61, 32, 4, 0, 4, 0, '2020-06-25 12:30:30', '2020-06-25 12:30:30', 0, 1),
(342, 61, 33, 1, 0, 1, 0, '2020-06-25 12:30:31', '2020-06-25 12:30:31', 0, 1),
(343, 61, 25, 4, 0, 4, 0, '2020-06-25 12:30:31', '2020-06-25 12:30:31', 0, 1),
(344, 61, 26, 2, 0, 2, 0, '2020-06-25 12:30:31', '2020-06-25 12:30:31', 0, 1),
(345, 61, 4, 3, 1, 2, 0, '2020-06-25 12:30:32', '2020-06-25 12:30:32', 0, 1),
(346, 62, 10, 4, 4, 0, 0, '2020-06-25 15:45:31', '2020-06-25 15:45:31', 0, 1),
(347, 62, 1, 5, 5, 0, 0, '2020-06-25 15:45:31', '2020-06-25 15:45:31', 0, 1),
(348, 62, 4, 1, 1, 0, 0, '2020-06-25 15:45:31', '2020-06-25 15:45:31', 0, 1),
(349, 62, 25, 1, 1, 0, 0, '2020-06-25 15:45:31', '2020-06-25 15:45:31', 0, 1),
(350, 63, 4, 2, 2, 0, 0, '2020-06-25 16:59:41', '2020-06-25 16:59:41', 0, 1),
(351, 63, 25, 1, 1, 0, 0, '2020-06-25 16:59:42', '2020-06-25 16:59:42', 0, 1),
(352, 63, 32, 1, 1, 0, 0, '2020-06-25 16:59:42', '2020-06-25 16:59:42', 0, 1),
(353, 64, 32, 2, 2, 0, 0, '2020-06-26 17:49:16', '2020-06-26 17:49:16', 0, 1),
(354, 64, 25, 1, 1, 0, 0, '2020-06-26 17:49:16', '2020-06-26 17:49:16', 0, 1),
(355, 65, 14, 1, 1, 0, 0, '2020-06-26 18:27:20', '2020-06-26 18:27:20', 0, 1),
(356, 65, 26, 1, 1, 0, 0, '2020-06-26 18:27:20', '2020-06-26 18:27:20', 0, 1),
(357, 66, 22, 3, 3, 0, 0, '2020-06-30 14:01:38', '2020-06-30 14:01:38', 0, 1),
(358, 66, 25, 3, 3, 0, 0, '2020-06-30 14:01:38', '2020-06-30 14:01:38', 0, 1),
(359, 66, 26, 1, 1, 0, 0, '2020-06-30 14:01:38', '2020-06-30 14:01:38', 0, 1),
(360, 66, 1, 2, 2, 0, 0, '2020-06-30 14:01:38', '2020-06-30 14:01:38', 0, 1),
(361, 66, 5, 1, 1, 0, 0, '2020-06-30 14:01:38', '2020-06-30 14:01:38', 0, 1),
(362, 66, 10, 1, 1, 0, 0, '2020-06-30 14:01:38', '2020-06-30 14:01:38', 0, 1),
(363, 66, 14, 1, 1, 0, 0, '2020-06-30 14:01:39', '2020-06-30 14:01:39', 0, 1),
(364, 66, 18, 1, 1, 0, 0, '2020-06-30 14:01:39', '2020-06-30 14:01:39', 0, 1),
(365, 67, 14, 2, 2, 0, 0, '2020-06-30 14:23:25', '2020-06-30 14:23:25', 0, 1),
(366, 67, 25, 3, 3, 0, 0, '2020-06-30 14:23:25', '2020-06-30 14:23:25', 0, 1),
(367, 67, 26, 2, 2, 0, 0, '2020-06-30 14:23:26', '2020-06-30 14:23:26', 0, 1),
(368, 68, 22, 5, 3, 2, 0, '2020-07-01 13:37:45', '2020-07-01 13:37:45', 0, 1),
(369, 68, 25, 3, 2, 1, 0, '2020-07-01 13:37:45', '2020-07-01 13:37:45', 0, 1),
(370, 68, 26, 1, 0, 1, 0, '2020-07-01 13:37:46', '2020-07-01 13:37:46', 0, 1),
(371, 68, 10, 7, 6, 1, 0, '2020-07-01 13:37:46', '2020-07-01 13:37:46', 0, 1),
(372, 68, 15, 3, 1, 2, 0, '2020-07-01 13:37:46', '2020-07-01 13:37:46', 0, 1),
(373, 68, 1, 3, 0, 3, 0, '2020-07-01 13:37:46', '2020-07-01 13:37:46', 0, 1),
(374, 69, 10, 2, 2, 0, 0, '2020-07-05 08:18:46', '2020-07-05 08:18:46', 0, 1),
(375, 69, 22, 4, 4, 0, 0, '2020-07-05 08:18:46', '2020-07-05 08:18:46', 0, 1),
(376, 69, 25, 2, 2, 0, 0, '2020-07-05 08:18:46', '2020-07-05 08:18:46', 0, 1),
(377, 69, 15, 2, 2, 0, 0, '2020-07-05 08:18:46', '2020-07-05 08:18:46', 0, 1),
(378, 69, 1, 2, 2, 0, 0, '2020-07-05 08:18:46', '2020-07-05 08:18:46', 0, 1),
(379, 70, 10, 7, 7, 0, 0, '2020-07-07 17:16:04', '2020-07-07 17:16:04', 0, 1),
(380, 70, 22, 5, 5, 0, 0, '2020-07-07 17:16:05', '2020-07-07 17:16:05', 0, 1),
(381, 70, 25, 4, 4, 0, 0, '2020-07-07 17:16:05', '2020-07-07 17:16:05', 0, 1),
(382, 70, 32, 2, 2, 0, 0, '2020-07-07 17:16:05', '2020-07-07 17:16:05', 0, 1),
(383, 70, 1, 2, 2, 0, 0, '2020-07-07 17:16:05', '2020-07-07 17:16:05', 0, 1),
(384, 71, 14, 1, 1, 0, 0, '2020-07-07 18:06:21', '2020-07-07 18:06:21', 0, 1),
(385, 72, 15, 10, 10, 0, 0, '2020-07-09 16:24:38', NULL, 0, 1),
(386, 72, 1, 10, 10, 0, 0, '2020-07-09 16:24:39', NULL, 0, 1),
(387, 72, 10, 10, 10, 0, 0, '2020-07-09 16:24:39', NULL, 0, 1),
(388, 72, 22, 10, 10, 0, 0, '2020-07-09 16:24:40', NULL, 0, 1),
(389, 73, 15, 10, 10, 0, 0, '2020-07-09 16:29:38', NULL, 0, 1),
(390, 73, 1, 10, 10, 0, 0, '2020-07-09 16:29:38', NULL, 0, 1),
(391, 73, 10, 10, 10, 0, 0, '2020-07-09 16:29:39', NULL, 0, 1),
(392, 73, 22, 10, 10, 0, 0, '2020-07-09 16:29:39', NULL, 0, 1);

-- --------------------------------------------------------

--
-- Structure de la table `machine`
--

CREATE TABLE `machine` (
  `id` int(11) NOT NULL,
  `name` varchar(50) COLLATE utf8_bin NOT NULL,
  `marque` varchar(50) COLLATE utf8_bin NOT NULL,
  `modele` varchar(200) COLLATE utf8_bin NOT NULL,
  `image` text COLLATE utf8_bin,
  `etatvehicule_id` int(11) NOT NULL,
  `created` datetime DEFAULT NULL,
  `modified` datetime DEFAULT NULL,
  `protected` int(11) NOT NULL DEFAULT '0',
  `valide` int(11) NOT NULL DEFAULT '1'
) ENGINE=InnoDB DEFAULT CHARSET=utf8 COLLATE=utf8_bin;

-- --------------------------------------------------------

--
-- Structure de la table `miseenboutique`
--

CREATE TABLE `miseenboutique` (
  `id` int(11) NOT NULL,
  `reference` varchar(50) COLLATE utf8_bin NOT NULL DEFAULT '0',
  `employe_id` int(11) NOT NULL,
  `boutique_id` int(11) NOT NULL,
  `entrepot_id` int(11) NOT NULL,
  `etat_id` int(11) NOT NULL,
  `comment` text COLLATE utf8_bin,
  `datereception` datetime DEFAULT NULL,
  `created` datetime DEFAULT NULL,
  `modified` datetime DEFAULT NULL,
  `protected` int(11) NOT NULL DEFAULT '0',
  `valide` int(11) NOT NULL DEFAULT '1'
) ENGINE=InnoDB DEFAULT CHARSET=utf8 COLLATE=utf8_bin;

--
-- Déchargement des données de la table `miseenboutique`
--

INSERT INTO `miseenboutique` (`id`, `reference`, `employe_id`, `boutique_id`, `entrepot_id`, `etat_id`, `comment`, `datereception`, `created`, `modified`, `protected`, `valide`) VALUES
(1, 'MEB/02062020-DFR452', 2, 1, 1, 4, NULL, '2020-06-02 11:47:15', '2020-06-02 11:47:15', '2020-06-02 11:47:15', 0, 1),
(2, 'MEB/05062020-F478SD', 2, 1, 1, 4, NULL, '2020-06-05 16:27:23', '2020-06-05 16:27:23', '2020-06-05 16:27:23', 0, 1),
(3, 'MEB/02062020-DFFD52', 2, 1, 1, 4, NULL, '2020-06-08 14:26:12', '2020-06-08 14:26:12', '2020-06-08 14:26:12', 0, 1),
(4, 'MEB/10062020-E52B7C', 2, 1, 1, 4, '', '2020-06-10 09:56:34', '2020-06-10 09:56:34', '2020-06-10 09:56:34', 0, 1),
(5, 'MEB/11062020-C3A2C0', 2, 1, 1, 4, '', '2020-06-11 18:47:22', '2020-06-11 18:47:22', '2020-06-11 18:47:22', 0, 1),
(6, 'MEB/12062020-BE59EC', 2, 1, 1, 4, '', '2020-06-12 14:06:29', '2020-06-12 14:06:29', '2020-06-12 14:06:29', 0, 1),
(7, 'MEB/12062020-DA1C07', 2, 1, 1, 4, '', '2020-06-12 14:13:53', '2020-06-12 14:13:53', '2020-06-12 14:13:53', 0, 1),
(8, 'MEB/12062020-3AF06F', 2, 1, 1, 4, '', '2020-06-12 14:39:43', '2020-06-12 14:39:43', '2020-06-12 14:39:43', 0, 1),
(9, 'MEB/13062020-4E3CCE', 2, 1, 1, 4, '', '2020-06-13 12:21:55', '2020-06-13 12:21:55', '2020-06-13 12:21:55', 0, 1),
(10, 'MEB/16062020-071EDC', 2, 1, 1, 4, '', '2020-06-16 10:35:29', '2020-06-16 10:35:29', '2020-06-16 10:35:29', 0, 1),
(11, 'MEB/19062020-6FB940', 2, 1, 1, 4, '', '2020-06-19 13:00:43', '2020-06-19 13:00:43', '2020-06-19 13:00:43', 0, 1),
(12, 'MEB/19062020-A556A1', 2, 1, 1, 4, '', '2020-06-19 13:15:01', '2020-06-19 13:15:01', '2020-06-19 13:15:01', 0, 1),
(13, 'MEB/22062020-BEC83E', 2, 1, 1, 4, '', '2020-06-22 11:54:20', '2020-06-22 11:54:20', '2020-06-22 11:54:20', 0, 1),
(14, 'MEB/22062020-36A15D', 2, 1, 1, 4, '', '2020-06-22 18:07:38', '2020-06-22 18:07:38', '2020-06-22 18:07:38', 0, 1),
(15, 'MEB/30062020-216337', 2, 1, 1, 4, '', '2020-06-30 13:45:58', '2020-06-30 13:45:58', '2020-06-30 13:45:58', 0, 1),
(16, 'MEB/30062020-00CA40', 1, 1, 1, 4, '', '2020-06-30 14:45:32', '2020-06-30 14:45:32', '2020-06-30 14:45:32', 0, 1),
(17, 'MEB/02072020-79A515', 2, 1, 1, 4, '', '2020-07-02 18:29:46', '2020-07-02 18:29:46', '2020-07-02 18:29:46', 0, 1),
(18, 'MEB/05072020-0EC859', 2, 1, 1, 4, '', '2020-07-05 08:35:56', '2020-07-05 08:35:56', '2020-07-05 08:35:56', 0, 1),
(19, 'MEB/05072020-1BA33B', 2, 1, 1, 4, '', '2020-07-05 08:39:22', '2020-07-05 08:39:22', '2020-07-05 08:39:22', 0, 1),
(20, 'MEB/06072020-A62E87', 2, 1, 1, 4, '', '2020-07-06 11:26:26', '2020-07-06 11:26:26', '2020-07-06 11:26:26', 0, 1),
(21, 'MEB/08072020-46C0A1', 2, 1, 1, 4, '', '2020-07-08 17:37:48', '2020-07-08 17:37:48', '2020-07-08 17:37:48', 0, 1);

-- --------------------------------------------------------

--
-- Structure de la table `modepayement`
--

CREATE TABLE `modepayement` (
  `id` int(11) NOT NULL,
  `name` varchar(50) COLLATE utf8_bin NOT NULL,
  `initial` varchar(3) COLLATE utf8_bin NOT NULL,
  `etat_id` int(11) NOT NULL,
  `created` datetime DEFAULT NULL,
  `modified` datetime DEFAULT NULL,
  `protected` int(11) NOT NULL DEFAULT '0',
  `valide` int(11) NOT NULL DEFAULT '1'
) ENGINE=InnoDB DEFAULT CHARSET=utf8 COLLATE=utf8_bin;

--
-- Déchargement des données de la table `modepayement`
--

INSERT INTO `modepayement` (`id`, `name`, `initial`, `etat_id`, `created`, `modified`, `protected`, `valide`) VALUES
(1, 'Espèces', 'ES', 4, '2020-06-02 10:39:06', '2020-06-02 10:39:06', 1, 1),
(2, 'Prelevement sur acompte', 'PA', 4, '2020-06-02 10:39:06', '2020-06-02 10:39:06', 1, 1),
(3, 'Chèque', 'CH', 2, '2020-06-02 10:39:06', '2020-06-02 10:39:06', 1, 1),
(4, 'Virement banquaire', 'VB', 2, '2020-06-02 10:39:06', '2020-06-02 10:39:06', 1, 1),
(5, 'Mobile money', 'MM', 2, '2020-06-02 10:39:06', '2020-06-02 10:39:06', 1, 1);

-- --------------------------------------------------------

--
-- Structure de la table `mouvement`
--

CREATE TABLE `mouvement` (
  `id` int(11) NOT NULL,
  `reference` varchar(20) COLLATE utf8_bin NOT NULL,
  `typemouvement_id` int(11) NOT NULL,
  `comptebanque_id` int(11) NOT NULL,
  `montant` int(11) NOT NULL,
  `comment` text COLLATE utf8_bin,
  `etat_id` int(11) NOT NULL,
  `employe_id` int(11) NOT NULL,
  `created` datetime DEFAULT NULL,
  `modified` datetime DEFAULT NULL,
  `protected` int(11) NOT NULL DEFAULT '0',
  `valide` int(11) NOT NULL DEFAULT '1'
) ENGINE=InnoDB DEFAULT CHARSET=utf8 COLLATE=utf8_bin ROW_FORMAT=DYNAMIC;

--
-- Déchargement des données de la table `mouvement`
--

INSERT INTO `mouvement` (`id`, `reference`, `typemouvement_id`, `comptebanque_id`, `montant`, `comment`, `etat_id`, `employe_id`, `created`, `modified`, `protected`, `valide`) VALUES
(1, 'MVT/25062020-30ADD4', 1, 2, 4274000, 'Nouveau capital : Fond de commerce initial', 4, 1, '2020-06-01 14:22:02', '2020-06-25 14:22:02', 0, 1),
(2, 'MVT/25062020-34A948', 1, 1, 5000, NULL, 4, 1, '2020-06-25 14:23:06', '2020-06-25 14:23:06', 0, 1),
(3, 'MVT/25062020-34B600', 1, 1, 200, NULL, 4, 1, '2020-06-25 14:23:07', '2020-06-25 14:23:07', 0, 1),
(4, 'MVT/25062020-34C635', 1, 1, 2600, NULL, 4, 1, '2020-06-25 14:23:08', '2020-06-25 14:23:08', 0, 1),
(5, 'MVT/25062020-34CF1C', 1, 1, 1500, NULL, 4, 1, '2020-06-25 14:23:08', '2020-06-25 14:23:08', 0, 1),
(6, 'MVT/25062020-34E079', 1, 1, 5500, NULL, 4, 1, '2020-06-25 14:23:10', '2020-06-25 14:23:10', 0, 1),
(7, 'MVT/25062020-34E92F', 1, 1, 1600, NULL, 4, 1, '2020-06-25 14:23:10', '2020-06-25 14:23:10', 0, 1),
(8, 'MVT/25062020-34ED9B', 1, 1, 400, NULL, 4, 1, '2020-06-25 14:23:10', '2020-06-25 14:23:10', 0, 1),
(9, 'MVT/25062020-34F6A4', 1, 1, 200, NULL, 4, 1, '2020-06-25 14:23:11', '2020-06-25 14:23:11', 0, 1),
(10, 'MVT/25062020-350CE2', 1, 1, 1200, NULL, 4, 1, '2020-06-25 14:23:12', '2020-06-25 14:23:12', 0, 1),
(11, 'MVT/25062020-35140C', 1, 1, 200, NULL, 4, 1, '2020-06-25 14:23:13', '2020-06-25 14:23:13', 0, 1),
(12, 'MVT/25062020-351D43', 1, 1, 600, NULL, 4, 1, '2020-06-25 14:23:13', '2020-06-25 14:23:13', 0, 1),
(13, 'MVT/25062020-352276', 1, 1, 200, NULL, 4, 1, '2020-06-25 14:23:14', '2020-06-25 14:23:14', 0, 1),
(14, 'MVT/25062020-3531E1', 1, 1, 1600, NULL, 4, 1, '2020-06-25 14:23:15', '2020-06-25 14:23:15', 0, 1),
(15, 'MVT/25062020-353DAC', 1, 1, 15800, NULL, 4, 1, '2020-06-25 14:23:15', '2020-06-25 14:23:15', 0, 1),
(16, 'MVT/25062020-354D7D', 1, 1, 2000, NULL, 4, 1, '2020-06-25 14:23:16', '2020-06-25 14:23:16', 0, 1),
(17, 'MVT/25062020-355A2D', 1, 1, 14900, NULL, 4, 1, '2020-06-25 14:23:17', '2020-06-25 14:23:17', 0, 1),
(18, 'MVT/25062020-355E93', 1, 1, 11900, NULL, 4, 1, '2020-06-25 14:23:17', '2020-06-25 14:23:17', 0, 1),
(19, 'MVT/25062020-356D83', 1, 1, 5600, NULL, 4, 1, '2020-06-25 14:23:18', '2020-06-25 14:23:18', 0, 1),
(20, 'MVT/25062020-357D5A', 1, 1, 7300, NULL, 4, 1, '2020-06-25 14:23:19', '2020-06-25 14:23:19', 0, 1),
(21, 'MVT/25062020-35833A', 1, 1, 4000, NULL, 4, 1, '2020-06-25 14:23:20', '2020-06-25 14:23:20', 0, 1),
(22, 'MVT/25062020-358B13', 1, 1, 2500, NULL, 4, 1, '2020-06-25 14:23:20', '2020-06-25 14:23:20', 0, 1),
(23, 'MVT/25062020-359085', 1, 1, 4400, NULL, 4, 1, '2020-06-25 14:23:21', '2020-06-25 14:23:21', 0, 1),
(24, 'MVT/25062020-3595B8', 1, 1, 2200, NULL, 4, 1, '2020-06-25 14:23:21', '2020-06-25 14:23:21', 0, 1),
(25, 'MVT/25062020-35A276', 1, 1, 900, NULL, 4, 1, '2020-06-25 14:23:22', '2020-06-25 14:23:22', 0, 1),
(26, 'MVT/25062020-35A760', 1, 1, 900, NULL, 4, 1, '2020-06-25 14:23:22', '2020-06-25 14:23:22', 0, 1),
(27, 'MVT/25062020-35B089', 1, 1, 600, NULL, 4, 1, '2020-06-25 14:23:23', '2020-06-25 14:23:23', 0, 1),
(28, 'MVT/25062020-35BBF5', 1, 1, 15800, NULL, 4, 1, '2020-06-25 14:23:23', '2020-06-25 14:23:23', 0, 1),
(29, 'MVT/25062020-35C5E7', 1, 1, 2300, NULL, 4, 1, '2020-06-25 14:23:24', '2020-06-25 14:23:24', 0, 1),
(30, 'MVT/25062020-35D302', 1, 1, 21800, NULL, 4, 1, '2020-06-25 14:23:25', '2020-06-25 14:23:25', 0, 1),
(31, 'MVT/25062020-35DBFC', 1, 1, 400, NULL, 4, 1, '2020-06-25 14:23:25', '2020-06-25 14:23:25', 0, 1),
(32, 'MVT/25062020-35E5E9', 1, 1, 2000, NULL, 4, 1, '2020-06-25 14:23:26', '2020-06-25 14:23:26', 0, 1),
(33, 'MVT/25062020-35EA1E', 1, 1, 1800, NULL, 4, 1, '2020-06-25 14:23:26', '2020-06-25 14:23:26', 0, 1),
(34, 'MVT/25062020-35F2C4', 1, 1, 2700, NULL, 4, 1, '2020-06-25 14:23:27', '2020-06-25 14:23:27', 0, 1),
(35, 'MVT/25062020-3604E7', 1, 1, 900, NULL, 4, 1, '2020-06-25 14:23:28', '2020-06-25 14:23:28', 0, 1),
(36, 'MVT/25062020-36178B', 1, 1, 19800, NULL, 4, 1, '2020-06-25 14:23:29', '2020-06-25 14:23:29', 0, 1),
(37, 'MVT/25062020-362086', 1, 1, 1100, NULL, 4, 1, '2020-06-25 14:23:30', '2020-06-25 14:23:30', 0, 1),
(38, 'MVT/25062020-3628F1', 1, 1, 1600, NULL, 4, 1, '2020-06-25 14:23:30', '2020-06-25 14:23:30', 0, 1),
(39, 'MVT/25062020-36324D', 1, 1, 7400, NULL, 4, 1, '2020-06-25 14:23:31', '2020-06-25 14:23:31', 0, 1),
(40, 'MVT/25062020-363D3D', 1, 1, 2400, NULL, 4, 1, '2020-06-25 14:23:31', '2020-06-25 14:23:31', 0, 1),
(41, 'MVT/25062020-3644CB', 1, 1, 800, NULL, 4, 1, '2020-06-25 14:23:32', '2020-06-25 14:23:32', 0, 1),
(42, 'MVT/25062020-364949', 1, 1, 3000, NULL, 4, 1, '2020-06-25 14:23:32', '2020-06-25 14:23:32', 0, 1),
(43, 'MVT/25062020-364D56', 1, 1, 3600, NULL, 4, 1, '2020-06-25 14:23:33', '2020-06-25 14:23:33', 0, 1),
(44, 'MVT/25062020-365511', 1, 1, 21700, NULL, 4, 1, '2020-06-25 14:23:33', '2020-06-25 14:23:33', 0, 1),
(45, 'MVT/25062020-365CBE', 1, 1, 4000, NULL, 4, 1, '2020-06-25 14:23:33', '2020-06-25 14:23:33', 0, 1),
(46, 'MVT/25062020-366501', 1, 1, 400, NULL, 4, 1, '2020-06-25 14:23:34', '2020-06-25 14:23:34', 0, 1),
(47, 'MVT/25062020-366CD6', 1, 1, 22000, NULL, 4, 1, '2020-06-25 14:23:34', '2020-06-25 14:23:34', 0, 1),
(48, 'MVT/25062020-367282', 1, 1, 5800, NULL, 4, 1, '2020-06-25 14:23:35', '2020-06-25 14:23:35', 0, 1),
(49, 'MVT/25062020-367EF0', 1, 1, 1100, NULL, 4, 1, '2020-06-25 14:23:35', '2020-06-25 14:23:35', 0, 1),
(50, 'MVT/25062020-368E7B', 1, 1, 6900, NULL, 4, 1, '2020-06-25 14:23:36', '2020-06-25 14:23:36', 0, 1),
(51, 'MVT/25062020-369DBA', 1, 1, 1000, NULL, 4, 1, '2020-06-25 14:23:37', '2020-06-25 14:23:37', 0, 1),
(52, 'MVT/25062020-36AA71', 1, 1, 300, NULL, 4, 1, '2020-06-25 14:23:38', '2020-06-25 14:23:38', 0, 1),
(53, 'MVT/25062020-36B049', 1, 1, 800, NULL, 4, 1, '2020-06-25 14:23:39', '2020-06-25 14:23:39', 0, 1),
(54, 'MVT/25062020-36C2C2', 1, 1, 1200, NULL, 4, 1, '2020-06-25 14:23:40', '2020-06-25 14:23:40', 0, 1),
(55, 'MVT/25062020-36CDC5', 1, 1, 10000, NULL, 4, 1, '2020-06-25 14:23:40', '2020-06-25 14:23:40', 0, 1),
(56, 'MVT/25062020-36D2FC', 1, 1, 500, NULL, 4, 1, '2020-06-25 14:23:41', '2020-06-25 14:23:41', 0, 1),
(57, 'MVT/25062020-36DE86', 1, 1, 500, NULL, 4, 1, '2020-06-25 14:23:41', '2020-06-25 14:23:41', 0, 1),
(58, 'MVT/25062020-36EED1', 1, 1, 1500, NULL, 4, 1, '2020-06-25 14:23:42', '2020-06-25 14:23:42', 0, 1),
(59, 'MVT/25062020-36F416', 1, 1, 1500, NULL, 4, 1, '2020-06-25 14:23:43', '2020-06-25 14:23:43', 0, 1),
(60, 'MVT/25062020-36FF21', 1, 1, 2500, NULL, 4, 1, '2020-06-25 14:23:43', '2020-06-25 14:23:43', 0, 1),
(61, 'MVT/25062020-3704B3', 1, 1, 5400, NULL, 4, 1, '2020-06-25 14:23:44', '2020-06-25 14:23:44', 0, 1),
(62, 'MVT/25062020-370C36', 1, 1, 2100, NULL, 4, 1, '2020-06-25 14:23:44', '2020-06-25 14:23:44', 0, 1),
(63, 'MVT/25062020-371CA8', 1, 1, 2700, NULL, 4, 1, '2020-06-25 14:23:45', '2020-06-25 14:23:45', 0, 1),
(64, 'MVT/25062020-372624', 1, 1, 3100, NULL, 4, 1, '2020-06-25 14:23:46', '2020-06-25 14:23:46', 0, 1),
(65, 'MVT/25062020-372E7E', 1, 1, 5000, NULL, 4, 1, '2020-06-25 14:23:46', '2020-06-25 14:23:46', 0, 1),
(66, 'MVT/25062020-373390', 1, 1, 1100, NULL, 4, 1, '2020-06-25 14:23:47', '2020-06-25 14:23:47', 0, 1),
(67, 'MVT/25062020-3738E1', 1, 1, 1400, NULL, 4, 1, '2020-06-25 14:23:47', '2020-06-25 14:23:47', 0, 1),
(68, 'MVT/25062020-373E2A', 1, 1, 6300, NULL, 4, 1, '2020-06-25 14:23:47', '2020-06-25 14:23:47', 0, 1),
(69, 'MVT/25062020-374304', 1, 1, 5500, NULL, 4, 1, '2020-06-25 14:23:48', '2020-06-25 14:23:48', 0, 1),
(70, 'MVT/25062020-374AA7', 1, 1, 1300, NULL, 4, 1, '2020-06-25 14:23:48', '2020-06-25 14:23:48', 0, 1),
(71, 'MVT/25062020-37533D', 1, 1, 1300, NULL, 4, 1, '2020-06-25 14:23:49', '2020-06-25 14:23:49', 0, 1),
(72, 'MVT/25062020-375AAA', 1, 1, 2500, NULL, 4, 1, '2020-06-25 14:23:49', '2020-06-25 14:23:49', 0, 1),
(73, 'MVT/25062020-3769F1', 1, 1, 500, NULL, 4, 1, '2020-06-25 14:23:50', '2020-06-25 14:23:50', 0, 1),
(74, 'MVT/25062020-3775F1', 1, 1, 3600, NULL, 4, 1, '2020-06-25 14:23:51', '2020-06-25 14:23:51', 0, 1),
(75, 'MVT/25062020-378C94', 1, 1, 5000, NULL, 4, 1, '2020-06-25 14:23:52', '2020-06-25 14:23:52', 0, 1),
(76, 'MVT/25062020-379C29', 1, 1, 5800, NULL, 4, 1, '2020-06-25 14:23:53', '2020-06-25 14:23:53', 0, 1),
(77, 'MVT/25062020-37ABC6', 1, 1, 2800, NULL, 4, 1, '2020-06-25 14:23:54', '2020-06-25 14:23:54', 0, 1),
(78, 'MVT/25062020-37B78A', 1, 1, 2000, NULL, 4, 1, '2020-06-25 14:23:55', '2020-06-25 14:23:55', 0, 1),
(79, 'MVT/25062020-37C2E6', 1, 1, 2800, NULL, 4, 1, '2020-06-25 14:23:56', '2020-06-25 14:23:56', 0, 1),
(80, 'MVT/25062020-37C7B0', 1, 1, 8400, NULL, 4, 1, '2020-06-25 14:23:56', '2020-06-25 14:23:56', 0, 1),
(81, 'MVT/25062020-37D051', 1, 1, 2800, NULL, 4, 1, '2020-06-25 14:23:57', '2020-06-25 14:23:57', 0, 1),
(82, 'MVT/25062020-37D83D', 1, 1, 6700, NULL, 4, 1, '2020-06-25 14:23:57', '2020-06-25 14:23:57', 0, 1),
(83, 'MVT/25062020-37E149', 1, 1, 5300, NULL, 4, 1, '2020-06-25 14:23:58', '2020-06-25 14:23:58', 0, 1),
(84, 'MVT/25062020-37EBC6', 1, 1, 5000, NULL, 4, 1, '2020-06-25 14:23:58', '2020-06-25 14:23:58', 0, 1),
(85, 'MVT/25062020-37F81A', 1, 1, 800, NULL, 4, 1, '2020-06-25 14:23:59', '2020-06-25 14:23:59', 0, 1),
(86, 'MVT/25062020-380AF4', 1, 1, 500, NULL, 4, 1, '2020-06-25 14:24:00', '2020-06-25 14:24:00', 0, 1),
(87, 'MVT/25062020-38114E', 1, 1, 2000, NULL, 4, 1, '2020-06-25 14:24:01', '2020-06-25 14:24:01', 0, 1),
(88, 'MVT/25062020-38166A', 1, 1, 500, NULL, 4, 1, '2020-06-25 14:24:01', '2020-06-25 14:24:01', 0, 1),
(89, 'MVT/25062020-381BE5', 1, 1, 1000, NULL, 4, 1, '2020-06-25 14:24:01', '2020-06-25 14:24:01', 0, 1),
(90, 'MVT/25062020-382B1F', 1, 1, 900, NULL, 4, 1, '2020-06-25 14:24:02', '2020-06-25 14:24:02', 0, 1),
(91, 'MVT/25062020-38460D', 1, 1, 1000, NULL, 4, 1, '2020-06-25 14:24:04', '2020-06-25 14:24:04', 0, 1),
(92, 'MVT/25062020-385703', 1, 1, 5500, NULL, 4, 1, '2020-06-25 14:24:05', '2020-06-25 14:24:05', 0, 1),
(93, 'MVT/25062020-3861D3', 1, 1, 2000, NULL, 4, 1, '2020-06-25 14:24:06', '2020-06-25 14:24:06', 0, 1),
(94, 'MVT/25062020-386730', 1, 1, 2000, NULL, 4, 1, '2020-06-25 14:24:06', '2020-06-25 14:24:06', 0, 1),
(95, 'MVT/25062020-38735F', 1, 1, 6100, NULL, 4, 1, '2020-06-25 14:24:07', '2020-06-25 14:24:07', 0, 1),
(96, 'MVT/25062020-3882FC', 1, 1, 400, NULL, 4, 1, '2020-06-25 14:24:08', '2020-06-25 14:24:08', 0, 1),
(97, 'MVT/25062020-38949C', 1, 1, 500, NULL, 4, 1, '2020-06-25 14:24:09', '2020-06-25 14:24:09', 0, 1),
(98, 'MVT/25062020-38A886', 1, 1, 1000, NULL, 4, 1, '2020-06-25 14:24:10', '2020-06-25 14:24:10', 0, 1),
(99, 'MVT/25062020-38B7B1', 1, 1, 10000, NULL, 4, 1, '2020-06-25 14:24:11', '2020-06-25 14:24:11', 0, 1),
(100, 'MVT/25062020-38BB5E', 1, 1, 300, NULL, 4, 1, '2020-06-25 14:24:11', '2020-06-25 14:24:11', 0, 1),
(101, 'MVT/25062020-38C7F2', 1, 1, 22000, NULL, 4, 1, '2020-06-25 14:24:12', '2020-06-25 14:24:12', 0, 1),
(102, 'MVT/25062020-38CE75', 1, 1, 900, NULL, 4, 1, '2020-06-25 14:24:12', '2020-06-25 14:24:12', 0, 1),
(103, 'MVT/25062020-38D4A3', 1, 1, 1000, NULL, 4, 1, '2020-06-25 14:24:13', '2020-06-25 14:24:13', 0, 1),
(104, 'MVT/25062020-38DB6D', 1, 1, 2600, NULL, 4, 1, '2020-06-25 14:24:13', '2020-06-25 14:24:13', 0, 1),
(105, 'MVT/25062020-38DDF0', 1, 1, 3400, NULL, 4, 1, '2020-06-25 14:24:13', '2020-06-25 14:24:13', 0, 1),
(106, 'MVT/25062020-38E9FE', 1, 1, 500, NULL, 4, 1, '2020-06-25 14:24:14', '2020-06-25 14:24:14', 0, 1),
(107, 'MVT/25062020-38F37F', 1, 1, 700, NULL, 4, 1, '2020-06-25 14:24:15', '2020-06-25 14:24:15', 0, 1),
(108, 'MVT/25062020-38FC42', 1, 1, 2900, NULL, 4, 1, '2020-06-25 14:24:15', '2020-06-25 14:24:15', 0, 1),
(109, 'MVT/25062020-39083A', 1, 1, 1300, NULL, 4, 1, '2020-06-25 14:24:16', '2020-06-25 14:24:16', 0, 1),
(110, 'MVT/25062020-391BFB', 1, 1, 500, NULL, 4, 1, '2020-06-25 14:24:17', '2020-06-25 14:24:17', 0, 1),
(111, 'MVT/25062020-3924C2', 1, 1, 200, NULL, 4, 1, '2020-06-25 14:24:18', '2020-06-25 14:24:18', 0, 1),
(112, 'MVT/25062020-393401', 1, 1, 4100, NULL, 4, 1, '2020-06-25 14:24:19', '2020-06-25 14:24:19', 0, 1),
(113, 'MVT/25062020-393CD6', 1, 1, 900, NULL, 4, 1, '2020-06-25 14:24:19', '2020-06-25 14:24:19', 0, 1),
(114, 'MVT/25062020-394267', 1, 1, 40000, 'complement pour achat de passion', 4, 1, '2020-06-02 16:32:09', '2020-06-02 16:32:09', 0, 1),
(115, 'MVT/25062020-394A10', 1, 1, 300000, 'appro pour travaux production et achat d\'intrant', 4, 1, '2020-06-01 18:41:31', '2020-06-03 18:41:31', 0, 1),
(116, 'MVT/25062020-394B86', 2, 1, 80000, NULL, 4, 1, '2020-06-25 14:24:20', '2020-06-25 14:24:20', 0, 1),
(117, 'MVT/25062020-39537C', 2, 1, 80000, NULL, 4, 1, '2020-06-25 14:24:21', '2020-06-25 14:24:21', 0, 1),
(118, 'MVT/25062020-395ACA', 2, 1, 30000, NULL, 4, 1, '2020-06-25 14:24:21', '2020-06-25 14:24:21', 0, 1),
(119, 'MVT/25062020-396605', 2, 1, 32500, NULL, 4, 1, '2020-06-25 14:24:22', '2020-06-25 14:24:22', 0, 1),
(120, 'MVT/25062020-396CC7', 2, 1, 46000, NULL, 4, 1, '2020-06-25 14:24:22', '2020-06-25 14:24:22', 0, 1),
(121, 'MVT/25062020-397772', 2, 1, 75000, NULL, 4, 1, '2020-06-25 14:24:23', '2020-06-25 14:24:23', 0, 1),
(122, 'MVT/25062020-397B06', 2, 1, 5000, NULL, 4, 1, '2020-06-25 14:24:23', '2020-06-25 14:24:23', 0, 1),
(123, 'MVT/25062020-3989DB', 2, 2, 145000, 'achat de glacière ', 4, 1, '2020-06-02 16:25:54', '2020-06-02 16:25:54', 0, 1),
(124, 'MVT/25062020-398B1B', 2, 2, 275000, 'conception medias plus impressions plus gadgets', 4, 1, '2020-06-02 16:27:17', '2020-06-02 16:27:17', 0, 1),
(125, 'MVT/25062020-399141', 2, 1, 10000, 'achat multi- prises', 4, 1, '2020-06-02 16:28:00', '2020-06-02 16:28:00', 0, 1),
(126, 'MVT/25062020-399427', 2, 1, 5000, 'carte de recharge', 4, 1, '2020-06-16 19:11:48', '2020-06-16 19:11:48', 0, 1),
(127, 'MVT/25062020-399DB0', 2, 1, 20000, 'achat de certificat ssl', 4, 1, '2020-06-16 19:19:26', '2020-06-16 19:19:26', 0, 1),
(128, 'MVT/25062020-39AC09', 2, 1, 10500, 'CIE', 4, 1, '2020-06-16 19:54:26', '2020-06-16 19:54:26', 0, 1),
(129, 'MVT/25062020-39AEC2', 2, 1, 5000, 'achat carburant  ', 4, 1, '2020-06-17 15:13:05', '2020-06-17 15:13:05', 0, 1),
(130, 'MVT/25062020-39C10E', 2, 1, 1000, 'achat de recharge', 4, 1, '2020-06-17 15:14:35', '2020-06-17 15:14:35', 0, 1),
(131, 'MVT/25062020-39C294', 2, 1, 5500, 'achat paire de chausures  et transport', 4, 1, '2020-06-18 17:50:51', '2020-06-18 17:50:51', 0, 1),
(132, 'MVT/25062020-39C4E7', 2, 1, 10000, 'transport et achat sucre blanc 10kg', 4, 1, '2020-06-20 17:37:42', '2020-06-20 17:37:42', 0, 1),
(133, 'MVT/25062020-39CC9F', 2, 1, 1500, 'transport  du personnel', 4, 1, '2020-06-23 16:53:33', '2020-06-23 16:53:33', 0, 1),
(134, 'MVT/25062020-39CE30', 2, 1, 20000, 'frais de transport pour approvisionnement de passion', 4, 1, '2020-06-02 16:30:50', '2020-06-02 16:30:50', 0, 1),
(135, 'MVT/25062020-39D057', 2, 1, 4000, 'unités de communication', 4, 1, '2020-06-10 16:44:41', '2020-06-10 16:44:41', 0, 1),
(136, 'MVT/25062020-39D1D5', 2, 1, 500, '', 4, 1, '2020-06-16 14:44:06', '2020-06-16 14:44:06', 0, 1),
(137, 'MVT/25062020-39DDA7', 2, 1, 500, '', 4, 1, '2020-06-16 14:53:58', '2020-06-16 14:53:58', 0, 1),
(138, 'MVT/25062020-39E0CC', 2, 1, 1300, 'transport des commerciaux', 4, 1, '2020-06-24 18:23:53', '2020-06-24 18:23:53', 0, 1),
(139, 'MVT/25062020-39E820', 2, 1, 15000, NULL, 4, 1, '2020-06-25 14:24:30', '2020-06-25 14:24:30', 0, 1),
(140, 'MVT/25062020-39F59B', 2, 1, 15000, NULL, 4, 1, '2020-06-25 14:24:31', '2020-06-25 14:24:31', 0, 1),
(141, 'MVT/25062020-3A053A', 2, 1, 15000, NULL, 4, 1, '2020-06-25 14:24:32', '2020-06-25 14:24:32', 0, 1),
(142, 'MVT/25062020-3A0DE6', 2, 2, 305000, 'ordinateur desktop et imprimante', 4, 1, '2020-06-02 16:09:19', '2020-06-02 16:09:19', 0, 1),
(143, 'MVT/25062020-3A13F0', 2, 2, 350000, 'Retrait de 350 000 pour nouvelle immobilisation de ordinateur portable', 4, 1, '2020-06-25 14:24:33', '2020-06-25 14:24:33', 0, 1),
(144, 'MVT/25062020-3A1549', 2, 2, 29000, 'fournitures de bureau', 4, 1, '2020-06-02 16:12:17', '2020-06-02 16:12:17', 0, 1),
(145, 'MVT/25062020-3A19EE', 2, 2, 74000, 'confection du portail d entrée', 4, 1, '2020-06-02 16:13:28', '2020-06-02 16:13:28', 0, 1),
(146, 'MVT/25062020-3A25B0', 2, 2, 110000, 'confection de la grille', 4, 1, '2020-06-02 16:14:30', '2020-06-02 16:14:30', 0, 1),
(147, 'MVT/25062020-3A2D48', 2, 2, 115000, 'confection baches', 4, 1, '2020-06-02 16:15:20', '2020-06-02 16:15:20', 0, 1),
(148, 'MVT/25062020-3A34C0', 2, 2, 450000, 'Retrait de 450 000 pour nouvelle immobilisation de pose des cloisons', 4, 1, '2020-06-25 14:24:35', '2020-06-25 14:24:35', 0, 1),
(149, 'MVT/25062020-3A494C', 2, 2, 85000, 'peinture magasin', 4, 1, '2020-06-02 16:17:02', '2020-06-02 16:17:02', 0, 1),
(150, 'MVT/25062020-3A4E96', 2, 2, 450000, 'Retrait de 450 000 pour nouvelle immobilisation de congelateur', 4, 1, '2020-06-25 14:24:37', '2020-06-25 14:24:37', 0, 1),
(151, 'MVT/25062020-3A576B', 2, 2, 290000, 'achat refrigerateur', 4, 1, '2020-06-02 16:18:56', '2020-06-02 16:18:56', 0, 1),
(152, 'MVT/25062020-3A5977', 2, 2, 274000, 'achat climatiseur', 4, 1, '2020-06-02 16:19:49', '2020-06-02 16:19:49', 0, 1),
(153, 'MVT/25062020-3A6084', 2, 2, 50000, 'stabilisateur', 4, 1, '2020-06-02 16:20:54', '2020-06-02 16:20:54', 0, 1),
(154, 'MVT/25062020-3A6736', 2, 2, 50000, 'achat de 2 evaporateur', 4, 1, '2020-06-02 16:22:06', '2020-06-02 16:22:06', 0, 1),
(155, 'MVT/25062020-3A7022', 2, 2, 145000, 'electricite du magasin', 4, 1, '2020-06-02 16:23:06', '2020-06-02 16:23:06', 0, 1),
(156, 'MVT/25062020-3A71A4', 2, 2, 60000, 'plomberie', 4, 1, '2020-06-02 16:23:48', '2020-06-02 16:23:48', 0, 1),
(157, 'MVT/25062020-3A760F', 2, 2, 50000, 'pose sanitaire', 4, 1, '2020-06-02 16:25:02', '2020-06-02 16:25:02', 0, 1),
(158, 'MVT/25062020-3A7756', 2, 2, 100000, 'Aménagement du local de la production situé au quarier far  \r\nla somme a été remis a Jaures', 4, 1, '2020-06-03 18:43:56', '2020-06-03 18:43:56', 0, 1),
(159, 'MVT/25062020-3A7911', 2, 2, 950, '', 4, 1, '2020-06-14 18:34:05', '2020-06-14 18:34:05', 0, 1),
(160, 'MVT/25062020-3A7A90', 2, 2, 5000, 'menuisier pour casier de congelateur', 4, 1, '2020-06-15 12:46:02', '2020-06-15 12:46:02', 0, 1),
(161, 'MVT/25062020-3A8046', 2, 2, 10000, 'achat multi-prises', 4, 1, '2020-06-15 12:48:23', '2020-06-15 12:48:23', 0, 1),
(162, 'MVT/25062020-3A96F3', 2, 2, 485000, 'Retrait de 485 000 pour nouvelle immobilisation de Mobilier pour le magasin, rue congo', 4, 1, '2020-06-25 14:24:41', '2020-06-25 14:24:41', 0, 1),
(163, 'MVT/25062020-3AA348', 2, 2, 360000, 'Retrait de 360 000 pour nouvelle immobilisation de 2 mois caution et 3 mois avance', 4, 1, '2020-06-25 14:24:42', '2020-06-25 14:24:42', 0, 1),
(164, 'MVT/25062020-32C868', 2, 1, 100000, 'Retrait de 100 000 Fcfa du compte pour approvisionner compte epargne - depot en banque', 4, 2, '2020-06-25 15:30:52', '2020-06-25 15:30:52', 0, 1),
(165, 'MVT/25062020-32C8DF', 1, 3, 100000, 'Approvionnement du compte de 100 000 Fcfa à partir de Caisse courante - depot en banque', 4, 2, '2020-06-25 15:30:52', '2020-06-25 15:30:52', 0, 1),
(166, 'MVT/25062020-3BF3A6', 2, 1, 100000, 'depenses pour amenagement', 4, 2, '2020-06-25 15:33:19', '2020-06-25 15:33:19', 0, 1),
(167, 'MVT/25062020-503F39', 1, 1, 800, NULL, 4, 2, '2020-06-25 15:38:44', '2020-06-25 15:38:44', 0, 1),
(168, 'MVT/25062020-7859AF', 1, 1, 3200, NULL, 4, 2, '2020-06-25 15:49:25', '2020-06-25 15:49:25', 0, 1),
(169, 'MVT/25062020-A59EA6', 2, 1, 1500, 'transport des commerciales', 4, 2, '2020-06-25 16:01:29', '2020-06-25 16:01:29', 0, 1),
(170, 'MVT/25062020-3AD0A7', 1, 1, 3600, NULL, 4, 2, '2020-06-25 17:49:33', '2020-06-25 17:49:33', 0, 1),
(171, 'MVT/26062020-D1A0F9', 1, 1, 9400, NULL, 4, 2, '2020-06-26 12:42:02', '2020-06-26 12:42:02', 0, 1),
(172, 'MVT/26062020-D7F47E', 1, 1, 2000, NULL, 4, 2, '2020-06-26 12:43:43', '2020-06-26 12:43:43', 0, 1),
(173, 'MVT/26062020-FF7B5D', 2, 1, 123900, 'Retrait de 123 900 Fcfa du compte pour approvisionner compte epargne - ', 4, 2, '2020-06-26 12:54:15', '2020-06-26 12:54:15', 0, 1),
(174, 'MVT/26062020-FF81EA', 1, 3, 123900, 'Approvionnement du compte de 123 900 Fcfa à partir de Caisse courante - ', 4, 2, '2020-06-26 12:54:16', '2020-06-26 12:54:16', 0, 1),
(175, 'MVT/26062020-0CD51A', 2, 3, 313900, 'Retrait de 313 900 Fcfa du compte pour approvisionner Caisse courante - ', 4, 2, '2020-06-26 12:57:49', '2020-06-26 12:57:49', 0, 1),
(176, 'MVT/26062020-0CE495', 1, 1, 313900, 'Approvionnement du compte de 313 900 Fcfa à partir de compte epargne - ', 4, 2, '2020-06-26 12:57:50', '2020-06-26 12:57:50', 0, 1),
(177, 'MVT/26062020-5D8E40', 1, 1, 1500, NULL, 4, 2, '2020-06-26 17:52:24', '2020-06-26 17:52:24', 0, 1),
(178, 'MVT/30062020-4256FC', 1, 1, 3000, NULL, 4, 2, '2020-06-30 13:54:45', '2020-06-30 13:54:45', 0, 1),
(179, 'MVT/30062020-836A91', 1, 1, 10200, NULL, 4, 2, '2020-06-30 14:12:06', '2020-06-30 14:12:06', 0, 1),
(180, 'MVT/30062020-9AEEDB', 1, 1, 7300, NULL, 4, 2, '2020-06-30 14:18:22', '2020-06-30 14:18:22', 0, 1),
(181, 'MVT/30062020-0C6EA6', 1, 1, 10000, NULL, 4, 1, '2020-06-30 14:48:38', '2020-06-30 14:48:38', 0, 1),
(182, 'MVT/30062020-12BA31', 1, 1, 7500, NULL, 4, 1, '2020-06-30 14:50:19', '2020-06-30 14:50:19', 0, 1),
(183, 'MVT/30062020-21B3F5', 2, 1, 16000, NULL, 4, 2, '2020-06-30 18:19:07', '2020-06-30 18:19:07', 0, 1),
(184, 'MVT/01072020-1A9D14', 2, 1, 500, 'Transport du commercial Yolande pour la prospection N° BSO/01072020-1A9B03', 4, 2, '2020-07-01 13:37:45', '2020-07-01 13:37:45', 0, 1),
(185, 'MVT/01072020-C1EB55', 1, 1, 3600, NULL, 4, 2, '2020-07-01 14:22:22', '2020-07-01 14:22:22', 0, 1),
(186, 'MVT/01072020-65FF2D', 2, 1, 13950, 'Paye du commercial Hélène', 4, 2, '2020-07-01 16:14:24', '2020-07-01 16:14:24', 0, 1),
(187, 'MVT/01072020-9584F7', 2, 1, 17000, NULL, 4, 2, '2020-07-01 16:27:04', '2020-07-01 16:27:04', 0, 1),
(188, 'MVT/01072020-9DFF02', 2, 1, 30000, NULL, 4, 2, '2020-07-01 16:29:19', '2020-07-01 16:29:19', 0, 1),
(189, 'MVT/01072020-A44C0E', 2, 1, 3500, NULL, 4, 2, '2020-07-01 16:31:00', '2020-07-01 16:31:00', 0, 1),
(190, 'MVT/01072020-D74862', 2, 1, 27700, NULL, 4, 2, '2020-07-01 16:44:36', '2020-07-01 16:44:36', 0, 1),
(191, 'MVT/02072020-DE4E0E', 1, 1, 4950, 'Réglement de la vente Directe N°BVE/02072020-DE34CB', 4, 2, '2020-07-02 16:40:04', '2020-07-02 16:40:04', 0, 1),
(192, 'MVT/02072020-4FC247', 1, 1, 200, 'Réglement de la vente Directe N°BVE/02072020-4FBA8C', 4, 2, '2020-07-02 17:10:20', '2020-07-02 17:10:20', 0, 1),
(193, 'MVT/02072020-9706FD', 2, 1, 5630, 'Paye du commercial Yolande', 4, 2, '2020-07-02 17:29:20', '2020-07-02 17:29:20', 0, 1),
(194, 'MVT/02072020-D76970', 1, 1, 200, 'Réglement de la vente Directe N°BVE/02072020-D76656', 4, 2, '2020-07-02 18:54:46', '2020-07-02 18:54:46', 0, 1),
(195, 'MVT/02072020-EA591A', 2, 1, 1000, 'transport commerciaux', 4, 2, '2020-07-02 18:59:49', '2020-07-02 18:59:49', 0, 1),
(196, 'MVT/05072020-EEA58B', 1, 1, 16400, 'Réglement de la vente Directe N°BVE/05072020-EE9B20', 4, 2, '2020-07-05 08:27:22', '2020-07-05 08:27:22', 0, 1),
(197, 'MVT/05072020-24CC4B', 1, 1, 3200, 'Réglement de la vente Par Prospection/livraison N°BVE/05072020-24A35A', 4, 2, '2020-07-05 08:41:48', '2020-07-05 08:41:48', 0, 1),
(198, 'MVT/05072020-48068A', 1, 1, 8000, 'Réglement de la vente Directe N°BVE/05072020-480249', 4, 2, '2020-07-05 08:51:12', '2020-07-05 08:51:12', 0, 1),
(199, 'MVT/06072020-6FB129', 1, 1, 1000, 'Réglement de la vente Directe N°BVE/06072020-6FADAC', 4, 2, '2020-07-06 12:20:11', '2020-07-06 12:20:11', 0, 1),
(200, 'MVT/06072020-15726C', 1, 1, 1400, 'Réglement de la vente Directe N°BVE/06072020-156923', 4, 2, '2020-07-06 15:20:55', '2020-07-06 15:20:55', 0, 1),
(201, 'MVT/06072020-9DB506', 2, 1, 150000, NULL, 4, 2, '2020-07-06 15:57:15', '2020-07-06 15:57:15', 0, 1),
(202, 'MVT/06072020-14801A', 1, 3, 100000, '', 4, 2, '2020-07-06 17:37:12', '2020-07-06 17:37:12', 0, 1),
(203, 'MVT/06072020-1D60AA', 2, 3, 100000, 'Retrait de 100 000 Fcfa du compte pour approvisionner Caisse courante - approvisionnement pour paiement de loyer', 4, 2, '2020-07-06 17:39:34', '2020-07-06 17:39:34', 0, 1),
(204, 'MVT/06072020-1D6161', 1, 1, 100000, 'Approvionnement du compte de 100 000 Fcfa à partir de compte epargne - approvisionnement pour paiement de loyer', 4, 2, '2020-07-06 17:39:34', '2020-07-06 17:39:34', 0, 1),
(205, 'MVT/06072020-2AE74B', 2, 1, 100000, 'paiement du loyer des mois de juin et juillet 2020', 4, 2, '2020-07-06 17:43:10', '2020-07-06 17:43:10', 0, 1),
(206, 'MVT/06072020-6B1D93', 1, 1, 1400, 'Réglement de la vente Directe N°BVE/06072020-6B150E', 4, 2, '2020-07-06 18:00:17', '2020-07-06 18:00:17', 0, 1),
(207, 'MVT/07072020-DD4CBF', 2, 1, 500, 'Transport du commercial Yolande pour la prospection N° BSO/07072020-DD4ACE', 4, 2, '2020-07-07 17:16:04', '2020-07-07 17:16:04', 0, 1),
(208, 'MVT/07072020-959E33', 1, 1, 6500, 'Réglement de la vente Par Prospection/livraison N°BVE/07072020-958D5C', 4, 2, '2020-07-07 18:05:13', '2020-07-07 18:05:13', 0, 1),
(209, 'MVT/07072020-99C995', 2, 1, 1500, 'Transport du commercial Yolande pour la prospection N° BSO/07072020-99C77A', 4, 2, '2020-07-07 18:06:20', '2020-07-07 18:06:20', 0, 1),
(210, 'MVT/07072020-A36931', 1, 1, 2000, 'Réglement de la vente Par Prospection/livraison N°BVE/07072020-A35D64', 4, 2, '2020-07-07 18:08:54', '2020-07-07 18:08:54', 0, 1),
(211, 'MVT/08072020-12059C', 1, 1, 2900, 'Réglement de la vente Directe N°BVE/08072020-11FA69', 4, 2, '2020-07-08 17:23:44', '2020-07-08 17:23:44', 0, 1),
(212, 'MVT/08072020-7E005F', 1, 1, 200, 'Réglement de la vente Directe N°BVE/08072020-7DFC81', 4, 2, '2020-07-08 17:52:32', '2020-07-08 17:52:32', 0, 1),
(213, 'MVT/09072020-467131', 1, 1, 1300, 'Réglement de la vente Directe N°BVE/09072020-4661B3', 4, 1, '2020-07-09 16:23:03', NULL, 0, 1),
(214, 'MVT/09072020-4C6A1C', 2, 1, 1000, 'Transport du commercial Hélène pour la prospection N° BSO/09072020-4C62D3', 4, 1, '2020-07-09 16:24:38', NULL, 0, 1),
(215, 'MVT/09072020-5F25FC', 2, 1, 1000, 'Transport du commercial Hélène pour la prospection N° BSO/09072020-5F1EF2', 4, 1, '2020-07-09 16:29:38', NULL, 0, 1),
(216, 'MVT/09072020-675936', 1, 1, 9000, 'Réglement de la vente Par Prospection/livraison N°BVE/09072020-6743B4', 4, 1, '2020-07-09 16:31:49', NULL, 0, 1);

-- --------------------------------------------------------

--
-- Structure de la table `mycompte`
--

CREATE TABLE `mycompte` (
  `id` int(11) NOT NULL,
  `identifiant` varchar(9) COLLATE utf8_bin NOT NULL,
  `tentative` int(11) NOT NULL,
  `expired` datetime NOT NULL,
  `protected` int(11) NOT NULL DEFAULT '1',
  `valide` int(11) NOT NULL DEFAULT '1'
) ENGINE=InnoDB DEFAULT CHARSET=utf8 COLLATE=utf8_bin;

--
-- Déchargement des données de la table `mycompte`
--

INSERT INTO `mycompte` (`id`, `identifiant`, `tentative`, `expired`, `protected`, `valide`) VALUES
(1, 'C4A870C', 0, '2020-12-31 00:00:00', 1, 1);

-- --------------------------------------------------------

--
-- Structure de la table `operation`
--

CREATE TABLE `operation` (
  `id` int(11) NOT NULL,
  `categorieoperation_id` int(11) NOT NULL,
  `reference` varchar(20) COLLATE utf8_bin NOT NULL,
  `montant` int(11) NOT NULL,
  `boutique_id` int(11) NOT NULL,
  `mouvement_id` int(11) NOT NULL,
  `modepayement_id` int(11) NOT NULL,
  `structure` varchar(50) COLLATE utf8_bin DEFAULT NULL,
  `numero` varchar(50) COLLATE utf8_bin DEFAULT NULL,
  `comment` text COLLATE utf8_bin,
  `employe_id` int(11) NOT NULL,
  `etat_id` int(11) NOT NULL,
  `date_approbation` datetime DEFAULT NULL,
  `created` datetime DEFAULT NULL,
  `modified` datetime DEFAULT NULL,
  `protected` int(11) NOT NULL DEFAULT '0',
  `valide` int(11) NOT NULL DEFAULT '1'
) ENGINE=InnoDB DEFAULT CHARSET=utf8 COLLATE=utf8_bin;

--
-- Déchargement des données de la table `operation`
--

INSERT INTO `operation` (`id`, `categorieoperation_id`, `reference`, `montant`, `boutique_id`, `mouvement_id`, `modepayement_id`, `structure`, `numero`, `comment`, `employe_id`, `etat_id`, `date_approbation`, `created`, `modified`, `protected`, `valide`) VALUES
(5, 10, 'BCA/01072020-D74830', 27700, 1, 190, 1, '', '', 'porteur-tami-menthe-bactigel--sachet poubelle-papier hygiénique', 2, 4, NULL, '2020-07-01 16:44:36', '2020-07-01 16:44:36', 0, 1),
(6, 18, 'BCA/02072020-EA59A3', 1000, 1, 195, 1, '', '', 'transport commerciaux', 2, 4, NULL, '2020-07-02 18:59:49', '2020-07-02 18:59:49', 0, 1),
(7, 13, 'BCA/06072020-2AE7E0', 100000, 1, 205, 1, '', '', 'paiement du loyer des mois de juin et juillet 2020', 2, 4, NULL, '2020-07-06 17:43:10', '2020-07-06 17:43:10', 0, 1),
(8, 18, 'BCA/07072020-DD4D45', 500, 1, 207, 1, NULL, NULL, 'Transport du commercial Yolande pour la prospection N° BSO/07072020-DD4ACE', 2, 4, NULL, '2020-07-07 17:16:04', '2020-07-07 17:16:04', 0, 1),
(9, 18, 'BCA/07072020-99CDBD', 1500, 1, 209, 1, NULL, NULL, 'Transport du commercial Yolande pour la prospection N° BSO/07072020-99C77A', 2, 4, NULL, '2020-07-07 18:06:20', '2020-07-07 18:06:20', 0, 1),
(10, 18, 'BCA/09072020-4C6BD9', 1000, 1, 214, 1, NULL, NULL, 'Transport du commercial Hélène pour la prospection N° BSO/09072020-4C62D3', 1, 4, NULL, '2020-07-09 16:24:38', NULL, 0, 1),
(11, 18, 'BCA/09072020-5F27B8', 1000, 1, 215, 1, NULL, NULL, 'Transport du commercial Hélène pour la prospection N° BSO/09072020-5F1EF2', 1, 4, NULL, '2020-07-09 16:29:38', NULL, 0, 1),
(28, 10, 'BCA/02062020-E10A58', 10000, 0, 125, 1, '', '', 'achat multi- prises', 2, 4, NULL, '2020-06-02 16:28:00', '2020-06-02 16:28:00', 0, 1),
(30, 4, 'BCA/02062020-F09CBB', 40000, 0, 114, 1, '', '', 'complement pour achat de passion', 2, 4, NULL, '2020-06-02 16:32:09', '2020-06-02 16:32:09', 0, 1),
(106, 10, 'BCA/16062020-9749F0', 5000, 0, 126, 1, '', '', 'carte de recharge', 2, 4, NULL, '2020-06-16 19:11:48', '2020-06-16 19:11:48', 0, 1),
(107, 10, 'BCA/16062020-B3E9DA', 20000, 0, 127, 1, '', '', 'achat de certificat ssl', 2, 4, NULL, '2020-06-16 19:19:26', '2020-06-16 19:19:26', 0, 1),
(108, 10, 'BCA/16062020-372125', 10500, 0, 128, 1, '', '', 'CIE', 2, 4, NULL, '2020-06-16 19:54:26', '2020-06-16 19:54:26', 0, 1),
(114, 10, 'BCA/17062020-3012AB', 5000, 0, 129, 1, '', '', 'achat carburant  ', 2, 4, NULL, '2020-06-17 15:13:05', '2020-06-17 15:13:05', 0, 1),
(115, 10, 'BCA/17062020-35BE24', 1000, 0, 130, 1, '', '', 'achat de recharge', 2, 4, NULL, '2020-06-17 15:14:35', '2020-06-17 15:14:35', 0, 1),
(123, 10, 'BCA/18062020-97BB9B', 5500, 0, 131, 1, '', '', 'achat paire de chausures  et transport', 2, 4, NULL, '2020-06-18 17:50:51', '2020-06-18 17:50:51', 0, 1),
(135, 10, 'BCA/20062020-9666FA', 10000, 0, 132, 1, '', '', 'transport et achat sucre blanc 10kg', 2, 4, NULL, '2020-06-20 17:37:42', '2020-06-20 17:37:42', 0, 1),
(152, 10, 'BCA/23062020-38DE15', 1500, 0, 133, 1, '', '', 'transport  du personnel', 2, 4, NULL, '2020-06-23 16:53:33', '2020-06-23 16:53:33', 0, 1);

-- --------------------------------------------------------

--
-- Structure de la table `params`
--

CREATE TABLE `params` (
  `id` int(11) NOT NULL,
  `societe` varchar(50) COLLATE utf8_bin NOT NULL,
  `email` varchar(200) COLLATE utf8_bin NOT NULL,
  `contact` varchar(50) COLLATE utf8_bin DEFAULT NULL,
  `fax` varchar(50) COLLATE utf8_bin DEFAULT NULL,
  `devise` varchar(50) COLLATE utf8_bin NOT NULL,
  `tva` int(11) NOT NULL,
  `seuilCredit` int(11) NOT NULL,
  `ruptureStock` int(11) NOT NULL,
  `minImmobilisation` int(11) NOT NULL,
  `adresse` varchar(200) COLLATE utf8_bin DEFAULT NULL,
  `postale` varchar(200) COLLATE utf8_bin DEFAULT NULL,
  `image` varchar(50) COLLATE utf8_bin DEFAULT NULL,
  `autoriserVersementAttente` varchar(11) COLLATE utf8_bin NOT NULL,
  `bloquerOrfonds` varchar(11) COLLATE utf8_bin NOT NULL,
  `protected` int(11) NOT NULL DEFAULT '1',
  `valide` int(11) NOT NULL DEFAULT '1'
) ENGINE=InnoDB DEFAULT CHARSET=utf8 COLLATE=utf8_bin;

--
-- Déchargement des données de la table `params`
--

INSERT INTO `params` (`id`, `societe`, `email`, `contact`, `fax`, `devise`, `tva`, `seuilCredit`, `ruptureStock`, `minImmobilisation`, `adresse`, `postale`, `image`, `autoriserVersementAttente`, `bloquerOrfonds`, `protected`, `valide`) VALUES
(1, 'Douceurs Natures', 'info@douceurs-natures.com', '52267256 / 08496438', '', 'Fcfa', 0, 100000, 10, 0, 'Grand Bassam, rue congo', '', '4323b030.png', 'on', 'off', 1, 1);

-- --------------------------------------------------------

--
-- Structure de la table `paye`
--

CREATE TABLE `paye` (
  `id` int(11) NOT NULL,
  `commercial_id` int(11) DEFAULT NULL,
  `montant` int(11) DEFAULT NULL,
  `bonus` int(11) DEFAULT NULL,
  `started` date DEFAULT NULL,
  `finished` date DEFAULT NULL,
  `etat_id` int(11) NOT NULL,
  `created` datetime DEFAULT NULL,
  `modified` datetime DEFAULT NULL,
  `protected` int(11) NOT NULL DEFAULT '0',
  `valide` int(11) NOT NULL DEFAULT '1'
) ENGINE=InnoDB DEFAULT CHARSET=utf8 COLLATE=utf8_bin ROW_FORMAT=DYNAMIC;

--
-- Déchargement des données de la table `paye`
--

INSERT INTO `paye` (`id`, `commercial_id`, `montant`, `bonus`, `started`, `finished`, `etat_id`, `created`, `modified`, `protected`, `valide`) VALUES
(1, 2, 13950, 0, '2020-06-01', '2020-06-30', 4, '2020-07-01 15:49:50', '2020-07-01 15:49:50', 0, 1),
(2, 3, 5630, 0, '2020-06-01', '2020-06-30', 4, '2020-07-01 15:49:50', '2020-07-01 15:49:50', 0, 1),
(3, 4, 20000, 0, '2020-06-01', '2020-06-30', 4, '2020-07-01 15:49:50', '2020-07-01 15:49:50', 0, 1),
(4, 2, 0, 0, '2020-07-01', NULL, 2, '2020-07-01 16:13:01', '2020-07-01 16:13:01', 0, 1),
(5, 3, 0, 0, '2020-07-01', NULL, 2, '2020-07-01 16:13:01', '2020-07-01 16:13:01', 0, 1),
(6, 4, 0, 0, '2020-07-01', NULL, 2, '2020-07-01 16:13:02', '2020-07-01 16:13:02', 0, 1),
(7, 1, 0, 0, '2020-07-01', NULL, 2, '2020-07-02 13:54:16', '2020-07-02 13:54:16', 0, 1),
(8, 5, 0, 0, '2020-07-01', NULL, 2, '2020-07-02 13:54:16', '2020-07-02 13:54:16', 0, 1);

-- --------------------------------------------------------

--
-- Structure de la table `perteentrepot`
<<<<<<< HEAD
=======
--

CREATE TABLE `perteentrepot` (
  `id` int(11) NOT NULL,
  `reference` varchar(50) COLLATE utf8_bin NOT NULL DEFAULT '0',
  `employe_id` int(11) NOT NULL,
  `entrepot_id` int(11) NOT NULL,
  `etat_id` int(11) NOT NULL,
  `comment` text COLLATE utf8_bin,
  `created` datetime DEFAULT NULL,
  `modified` datetime DEFAULT NULL,
  `protected` int(11) NOT NULL DEFAULT '0',
  `valide` int(11) NOT NULL DEFAULT '1'
) ENGINE=InnoDB DEFAULT CHARSET=utf8 COLLATE=utf8_bin ROW_FORMAT=DYNAMIC;

-- --------------------------------------------------------

--
-- Structure de la table `prestataire`
>>>>>>> origin/test
--

CREATE TABLE `perteentrepot` (
  `id` int(11) NOT NULL,
  `reference` varchar(50) COLLATE utf8_bin NOT NULL DEFAULT '0',
  `employe_id` int(11) NOT NULL,
  `entrepot_id` int(11) NOT NULL,
  `etat_id` int(11) NOT NULL,
  `comment` text COLLATE utf8_bin,
  `created` datetime DEFAULT NULL,
  `modified` datetime DEFAULT NULL,
  `protected` int(11) NOT NULL DEFAULT '0',
  `valide` int(11) NOT NULL DEFAULT '1'
) ENGINE=InnoDB DEFAULT CHARSET=utf8 COLLATE=utf8_bin ROW_FORMAT=DYNAMIC;

-- --------------------------------------------------------

--
-- Structure de la table `prix`
--

CREATE TABLE `prix` (
  `id` int(11) NOT NULL,
  `price` varchar(200) COLLATE utf8_bin NOT NULL,
  `isActive` int(11) NOT NULL DEFAULT '0',
  `created` datetime DEFAULT NULL,
  `modified` datetime DEFAULT NULL,
  `protected` int(11) NOT NULL DEFAULT '0',
  `valide` int(11) NOT NULL DEFAULT '1'
) ENGINE=InnoDB DEFAULT CHARSET=utf8 COLLATE=utf8_bin;

--
-- Déchargement des données de la table `prix`
--

INSERT INTO `prix` (`id`, `price`, `isActive`, `created`, `modified`, `protected`, `valide`) VALUES
(1, '200', 1, '2020-06-02 10:39:08', '2020-06-02 10:39:08', 1, 1),
(2, '250', 1, '2020-06-02 10:39:08', '2020-06-02 10:39:08', 1, 1),
(3, '300', 1, '2020-06-02 10:39:08', '2020-06-02 10:39:08', 1, 1),
(4, '500', 1, '2020-06-02 10:39:08', '2020-06-02 10:39:08', 1, 1),
(5, '1000', 1, '2020-06-02 10:39:08', '2020-06-02 10:39:08', 1, 1),
(6, '1500', 1, '2020-06-02 10:39:08', '2020-06-02 10:39:08', 1, 1),
(7, '2000', 1, '2020-06-02 10:39:08', '2020-06-02 10:39:08', 1, 1),
(8, '750', 1, '2020-06-02 11:24:51', '2020-06-02 11:24:51', 0, 1);

-- --------------------------------------------------------

--
-- Structure de la table `prixdevente`
--

CREATE TABLE `prixdevente` (
  `id` int(11) NOT NULL,
  `produit_id` int(11) NOT NULL,
  `prix_id` int(11) NOT NULL,
  `prix_id_gros` int(11) NOT NULL,
  `quantite_id` int(11) NOT NULL,
  `isActive` int(11) NOT NULL,
  `stock` int(11) DEFAULT NULL,
  `created` datetime DEFAULT NULL,
  `modified` datetime DEFAULT NULL,
  `protected` int(11) NOT NULL DEFAULT '0',
  `valide` int(11) NOT NULL DEFAULT '1'
) ENGINE=InnoDB DEFAULT CHARSET=utf8 COLLATE=utf8_bin;

--
-- Déchargement des données de la table `prixdevente`
--

INSERT INTO `prixdevente` (`id`, `produit_id`, `prix_id`, `prix_id_gros`, `quantite_id`, `isActive`, `stock`, `created`, `modified`, `protected`, `valide`) VALUES
(1, 1, 1, 1, 1, 1, 119, '2020-06-02 11:03:10', '2020-06-02 11:03:10', 0, 1),
(2, 1, 2, 2, 1, 0, 0, '2020-06-02 11:03:10', '2020-06-02 11:03:10', 0, 1),
(3, 1, 3, 3, 1, 0, 0, '2020-06-02 11:03:10', '2020-06-02 11:03:10', 0, 1),
(4, 1, 4, 4, 3, 1, 27, '2020-06-02 11:03:10', '2020-06-02 11:03:10', 0, 1),
(5, 1, 5, 5, 4, 1, 6, '2020-06-02 11:03:10', '2020-06-02 11:03:10', 0, 1),
(6, 1, 6, 6, 4, 0, 0, '2020-06-02 11:03:10', '2020-06-02 11:03:10', 0, 1),
(7, 1, 7, 7, 4, 0, 0, '2020-06-02 11:03:11', '2020-06-02 11:03:11', 0, 1),
(8, 2, 1, 1, 1, 0, 0, '2020-06-02 11:03:26', '2020-06-02 11:03:26', 0, 1),
(9, 2, 2, 2, 1, 0, 0, '2020-06-02 11:03:27', '2020-06-02 11:03:27', 0, 1),
(10, 2, 3, 2, 1, 1, 0, '2020-06-02 11:03:27', '2020-06-02 11:03:27', 0, 1),
(11, 2, 4, 4, 3, 0, 0, '2020-06-02 11:03:27', '2020-06-02 11:03:27', 0, 1),
(12, 2, 5, 5, 4, 0, 0, '2020-06-02 11:03:27', '2020-06-02 11:03:27', 0, 1),
(13, 2, 6, 6, 4, 0, 0, '2020-06-02 11:03:28', '2020-06-02 11:03:28', 0, 1),
(14, 2, 7, 7, 4, 1, 4, '2020-06-02 11:03:28', '2020-06-02 11:03:28', 0, 1),
(15, 3, 1, 1, 1, 1, 0, '2020-06-02 11:03:57', '2020-06-02 11:03:57', 0, 1),
(16, 3, 2, 2, 1, 0, 0, '2020-06-02 11:03:57', '2020-06-02 11:03:57', 0, 1),
(17, 3, 3, 3, 1, 0, 0, '2020-06-02 11:03:57', '2020-06-02 11:03:57', 0, 1),
(18, 3, 4, 4, 3, 1, 3, '2020-06-02 11:03:57', '2020-06-02 11:03:57', 0, 1),
(19, 3, 5, 5, 4, 1, 1, '2020-06-02 11:03:58', '2020-06-02 11:03:58', 0, 1),
(20, 3, 6, 6, 4, 0, 0, '2020-06-02 11:03:58', '2020-06-02 11:03:58', 0, 1),
(21, 3, 7, 7, 4, 0, 0, '2020-06-02 11:03:58', '2020-06-02 11:03:58', 0, 1),
(22, 4, 1, 1, 1, 1, 0, '2020-06-02 11:04:18', '2020-06-02 11:04:18', 0, 1),
(23, 4, 2, 2, 1, 0, 0, '2020-06-02 11:04:18', '2020-06-02 11:04:18', 0, 1),
(24, 4, 3, 3, 1, 0, 0, '2020-06-02 11:04:18', '2020-06-02 11:04:18', 0, 1),
(25, 4, 4, 4, 3, 1, 0, '2020-06-02 11:04:18', '2020-06-02 11:04:18', 0, 1),
(26, 4, 5, 5, 4, 1, 0, '2020-06-02 11:04:18', '2020-06-02 11:04:18', 0, 1),
(27, 4, 6, 6, 4, 0, 0, '2020-06-02 11:04:18', '2020-06-02 11:04:18', 0, 1),
(28, 4, 7, 7, 4, 0, 0, '2020-06-02 11:04:18', '2020-06-02 11:04:18', 0, 1),
(29, 5, 1, 1, 1, 1, 4, '2020-06-02 11:04:44', '2020-06-02 11:04:44', 0, 1),
(30, 5, 2, 2, 1, 0, 0, '2020-06-02 11:04:44', '2020-06-02 11:04:44', 0, 1),
(31, 5, 3, 3, 1, 0, 0, '2020-06-02 11:04:44', '2020-06-02 11:04:44', 0, 1),
(32, 5, 4, 4, 3, 1, 2, '2020-06-02 11:04:44', '2020-06-02 11:04:44', 0, 1),
(33, 5, 5, 5, 4, 1, 4, '2020-06-02 11:04:44', '2020-06-02 11:04:44', 0, 1),
(34, 5, 6, 6, 4, 0, 0, '2020-06-02 11:04:44', '2020-06-02 11:04:44', 0, 1),
(35, 5, 7, 7, 4, 0, 0, '2020-06-02 11:04:44', '2020-06-02 11:04:44', 0, 1),
(36, 6, 1, 1, 1, 0, 0, '2020-06-02 11:06:49', '2020-06-02 11:06:49', 0, 1),
(37, 6, 2, 2, 1, 1, 0, '2020-06-02 11:06:50', '2020-06-02 11:06:50', 0, 1),
(38, 6, 3, 3, 1, 0, 0, '2020-06-02 11:06:50', '2020-06-02 11:06:50', 0, 1),
(39, 6, 4, 4, 3, 0, 0, '2020-06-02 11:06:50', '2020-06-02 11:06:50', 0, 1),
(40, 6, 5, 5, 4, 0, 0, '2020-06-02 11:06:50', '2020-06-02 11:06:50', 0, 1),
(41, 6, 6, 6, 4, 1, 0, '2020-06-02 11:06:50', '2020-06-02 11:06:50', 0, 1),
(42, 6, 7, 7, 4, 0, 0, '2020-06-02 11:06:50', '2020-06-02 11:06:50', 0, 1),
(43, 1, 8, 8, 3, 0, 0, '2020-06-02 11:24:51', '2020-06-02 11:24:51', 0, 1),
(44, 2, 8, 8, 3, 0, 0, '2020-06-02 11:24:51', '2020-06-02 11:24:51', 0, 1),
(45, 3, 8, 8, 3, 0, 0, '2020-06-02 11:24:51', '2020-06-02 11:24:51', 0, 1),
(46, 4, 8, 8, 3, 0, 0, '2020-06-02 11:24:51', '2020-06-02 11:24:51', 0, 1),
(47, 5, 8, 8, 3, 0, 0, '2020-06-02 11:24:51', '2020-06-02 11:24:51', 0, 1),
(48, 6, 8, 8, 3, 1, 0, '2020-06-02 11:24:52', '2020-06-02 11:24:52', 0, 1);

-- --------------------------------------------------------

--
-- Structure de la table `production`
--

CREATE TABLE `production` (
  `id` int(11) NOT NULL,
  `ladate` date DEFAULT NULL,
  `comment` text COLLATE utf8_bin NOT NULL,
  `groupemanoeuvre_id` int(11) NOT NULL,
  `entrepot_id` int(11) NOT NULL,
  `employe_id` int(11) NOT NULL,
  `etat_id` int(11) NOT NULL,
  `dateRangement` date DEFAULT NULL,
  `total_production` int(11) NOT NULL,
  `total_rangement` int(11) NOT NULL,
  `total_livraison` int(11) NOT NULL,
  `created` datetime DEFAULT NULL,
  `modified` datetime DEFAULT NULL,
  `protected` int(11) NOT NULL DEFAULT '0',
  `valide` int(11) NOT NULL DEFAULT '1'
) ENGINE=InnoDB DEFAULT CHARSET=utf8 COLLATE=utf8_bin;

--
-- Déchargement des données de la table `production`
--

INSERT INTO `production` (`id`, `ladate`, `comment`, `groupemanoeuvre_id`, `entrepot_id`, `employe_id`, `etat_id`, `dateRangement`, `total_production`, `total_rangement`, `total_livraison`, `created`, `modified`, `protected`, `valide`) VALUES
(1, '2020-06-02', '', 0, 1, 0, 2, NULL, 0, 0, 0, '2020-06-02 10:39:26', '2020-06-02 10:39:26', 0, 1),
(2, '2020-06-03', '', 0, 1, 0, 2, NULL, 0, 0, 0, '2020-06-03 09:59:43', '2020-06-03 09:59:43', 0, 1),
(3, '2020-06-04', '', 0, 1, 0, 2, NULL, 0, 0, 0, '2020-06-04 10:18:25', '2020-06-04 10:18:25', 0, 1),
(4, '2020-06-05', '', 0, 1, 2, 3, NULL, 0, 0, 0, '2020-06-05 14:31:27', '2020-06-05 14:31:27', 0, 1),
(5, '2020-06-06', '', 0, 1, 0, 2, NULL, 0, 0, 0, '2020-06-06 12:06:38', '2020-06-06 12:06:38', 0, 1),
(6, '2020-06-08', '', 0, 1, 0, 2, NULL, 0, 0, 0, '2020-06-08 08:21:57', '2020-06-08 08:21:57', 0, 1),
(7, '2020-06-09', '', 0, 1, 2, 3, NULL, 0, 0, 0, '2020-06-09 09:37:36', '2020-06-09 09:37:36', 0, 1),
(8, '2020-06-10', '', 0, 1, 0, 2, NULL, 0, 0, 0, '2020-06-10 09:21:37', '2020-06-10 09:21:37', 0, 1),
(9, '2020-06-11', '', 0, 1, 2, 3, NULL, 0, 0, 0, '2020-06-11 17:16:00', '2020-06-11 17:16:00', 0, 1),
(10, '2020-06-12', '', 0, 1, 2, 3, NULL, 0, 0, 0, '2020-06-12 10:21:01', '2020-06-12 10:21:01', 0, 1),
(11, '2020-06-13', '', 0, 1, 2, 3, NULL, 0, 0, 0, '2020-06-13 11:48:13', '2020-06-13 11:48:13', 0, 1),
(12, '2020-06-14', '', 0, 1, 0, 2, NULL, 0, 0, 0, '2020-06-14 16:03:50', '2020-06-14 16:03:50', 0, 1),
(13, '2020-06-15', '', 0, 1, 0, 2, NULL, 0, 0, 0, '2020-06-15 10:16:54', '2020-06-15 10:16:54', 0, 1),
(14, '2020-06-16', '', 0, 1, 2, 3, NULL, 0, 0, 0, '2020-06-16 10:26:57', '2020-06-16 10:26:57', 0, 1),
(15, '2020-06-17', '', 0, 1, 2, 3, NULL, 0, 0, 0, '2020-06-17 11:11:04', '2020-06-17 11:11:04', 0, 1),
(16, '2020-06-18', '', 0, 1, 0, 2, NULL, 0, 0, 0, '2020-06-18 14:21:19', '2020-06-18 14:21:19', 0, 1),
(17, '2020-06-19', '', 0, 1, 0, 2, NULL, 0, 0, 0, '2020-06-19 10:13:47', '2020-06-19 10:13:47', 0, 1),
(18, '2020-06-20', '', 0, 1, 0, 2, NULL, 0, 0, 0, '2020-06-20 10:53:46', '2020-06-20 10:53:46', 0, 1),
(19, '2020-06-21', '', 0, 1, 2, 3, NULL, 0, 0, 0, '2020-06-21 12:32:25', '2020-06-21 12:32:25', 0, 1),
(20, '2020-06-22', '', 0, 1, 0, 2, NULL, 0, 0, 0, '2020-06-22 11:41:17', '2020-06-22 11:41:17', 0, 1),
(21, '2020-06-23', '', 0, 1, 0, 2, NULL, 0, 0, 0, '2020-06-23 09:18:21', '2020-06-23 09:18:21', 0, 1),
(22, '2020-06-24', '', 0, 1, 0, 2, NULL, 0, 0, 0, '2020-06-24 00:47:52', '2020-06-24 00:47:52', 0, 1),
(23, '2020-06-25', '', 0, 1, 0, 2, NULL, 0, 0, 0, '2020-06-25 10:00:44', '2020-06-25 10:00:44', 0, 1),
(24, '2020-06-26', '', 0, 1, 0, 2, NULL, 0, 0, 0, '2020-06-26 12:21:00', '2020-06-26 12:21:00', 0, 1),
(25, '2020-06-30', '', 0, 1, 1, 3, NULL, 0, 0, 0, '2020-06-30 12:36:29', '2020-06-30 12:36:29', 0, 1),
(26, '2020-07-01', '', 0, 1, 0, 2, NULL, 0, 0, 0, '2020-07-01 13:31:11', '2020-07-01 13:31:11', 0, 1),
(27, '2020-07-02', '', 0, 1, 2, 3, NULL, 0, 0, 0, '2020-07-02 13:54:15', '2020-07-02 13:54:15', 0, 1),
(28, '2020-07-05', '', 0, 1, 2, 3, NULL, 0, 0, 0, '2020-07-05 08:16:39', '2020-07-05 08:16:39', 0, 1),
(29, '2020-07-06', '', 0, 1, 2, 3, NULL, 0, 0, 0, '2020-07-06 11:23:22', '2020-07-06 11:23:22', 0, 1),
(30, '2020-07-07', '', 0, 1, 0, 2, NULL, 0, 0, 0, '2020-07-07 17:10:16', '2020-07-07 17:10:16', 0, 1),
(31, '2020-07-08', '', 0, 1, 2, 3, NULL, 0, 0, 0, '2020-07-08 17:17:15', '2020-07-08 17:17:15', 0, 1),
(32, '2020-07-09', '', 0, 1, 0, 2, NULL, 0, 0, 0, '2020-07-09 10:05:41', '2020-07-09 10:05:41', 0, 1);

-- --------------------------------------------------------

--
-- Structure de la table `produit`
--

CREATE TABLE `produit` (
  `id` int(11) NOT NULL,
  `name` varchar(200) COLLATE utf8_bin NOT NULL,
  `description` text COLLATE utf8_bin NOT NULL,
  `isActive` int(11) NOT NULL DEFAULT '0',
  `image` varchar(50) COLLATE utf8_bin DEFAULT NULL,
  `stock` int(11) DEFAULT NULL,
  `couleur` varchar(50) COLLATE utf8_bin DEFAULT NULL,
  `created` datetime DEFAULT NULL,
  `modified` datetime DEFAULT NULL,
  `protected` int(11) NOT NULL DEFAULT '0',
  `valide` int(11) NOT NULL DEFAULT '1'
) ENGINE=InnoDB DEFAULT CHARSET=utf8 COLLATE=utf8_bin;

--
-- Déchargement des données de la table `produit`
--

INSERT INTO `produit` (`id`, `name`, `description`, `isActive`, `image`, `stock`, `couleur`, `created`, `modified`, `protected`, `valide`) VALUES
(1, 'jus de bissap', '', 1, NULL, NULL, '#f02d2d', '2020-06-02 11:03:10', '2020-06-02 11:03:10', 0, 1),
(2, 'Jus de passion', '', 1, NULL, NULL, '#b39c05', '2020-06-02 11:03:26', '2020-06-02 11:03:26', 0, 1),
(3, 'jus de tamarin', '', 1, 'default.png', NULL, '#250e0e', '2020-06-02 11:03:57', '2020-06-02 11:03:57', 0, 1),
(4, 'jus de gimgembre', '', 1, 'default.png', NULL, '#d5d750', '2020-06-02 11:04:18', '2020-06-02 11:04:18', 0, 1),
(5, 'jus de baobab', '', 1, 'default.png', NULL, '#ab8f69', '2020-06-02 11:04:44', '2020-06-02 11:04:44', 0, 1),
(6, 'jus de citron', '', 1, 'default.png', NULL, '#bec837', '2020-06-02 11:06:49', '2020-06-02 11:06:49', 0, 1);

-- --------------------------------------------------------

--
-- Structure de la table `prospection`
--

CREATE TABLE `prospection` (
  `id` int(11) NOT NULL,
  `reference` varchar(20) COLLATE utf8_bin DEFAULT NULL,
  `typeprospection_id` int(11) DEFAULT NULL,
  `groupecommande_id` int(11) DEFAULT NULL,
  `zonedevente_id` int(11) DEFAULT NULL,
  `lieu` varchar(50) COLLATE utf8_bin DEFAULT NULL,
  `montant` int(11) DEFAULT NULL,
  `vendu` int(11) DEFAULT NULL,
  `monnaie` int(11) DEFAULT NULL,
  `transport` int(11) DEFAULT NULL,
  `etat_id` int(11) NOT NULL,
  `vente_id` int(11) DEFAULT NULL,
  `boutique_id` int(11) DEFAULT NULL,
  `commercial_id` int(11) NOT NULL,
  `employe_id` int(11) DEFAULT NULL,
  `dateretour` datetime DEFAULT NULL,
  `comment` text COLLATE utf8_bin,
  `nom_receptionniste` text COLLATE utf8_bin,
  `contact_receptionniste` text COLLATE utf8_bin,
  `created` datetime DEFAULT NULL,
  `modified` datetime DEFAULT NULL,
  `protected` int(11) NOT NULL DEFAULT '0',
  `valide` int(11) NOT NULL DEFAULT '1'
) ENGINE=InnoDB DEFAULT CHARSET=utf8 COLLATE=utf8_bin ROW_FORMAT=DYNAMIC;

--
-- Déchargement des données de la table `prospection`
--

INSERT INTO `prospection` (`id`, `reference`, `typeprospection_id`, `groupecommande_id`, `zonedevente_id`, `lieu`, `montant`, `vendu`, `monnaie`, `transport`, `etat_id`, `vente_id`, `boutique_id`, `commercial_id`, `employe_id`, `dateretour`, `comment`, `nom_receptionniste`, `contact_receptionniste`, `created`, `modified`, `protected`, `valide`) VALUES
(1, 'BSO/02062020-D99EC9', 1, NULL, 2, NULL, 5200, 5000, 1200, NULL, 4, NULL, 1, 2, 2, '2020-06-02 00:00:00', '', NULL, NULL, '2020-06-02 11:52:57', '2020-06-02 11:52:57', 0, 1),
(2, 'BSO/02062020-F283A4', 1, NULL, 2, NULL, 6100, 5500, 10200, NULL, 4, NULL, 1, 3, 2, '2020-06-02 00:00:00', '', NULL, NULL, '2020-06-02 11:59:36', '2020-06-02 11:59:36', 0, 1),
(3, 'BSO/02062020-009295', 1, NULL, 2, NULL, 6500, 2600, 1000, NULL, 4, NULL, 1, 2, 2, '2020-06-02 00:00:00', '', NULL, NULL, '2020-06-02 13:11:37', '2020-06-02 13:11:37', 0, 1),
(4, 'BSO/02062020-2F390A', 1, NULL, 2, NULL, 5500, 1600, 1700, NULL, 4, NULL, 1, 4, 2, '2020-06-02 00:00:00', '', NULL, NULL, '2020-06-02 13:24:03', '2020-06-02 13:24:03', 0, 1),
(5, 'BSO/08062020-BC1D6F', 1, NULL, 2, NULL, 15800, 14900, 0, NULL, 4, NULL, 1, 2, 2, '2020-06-08 00:00:00', 'prospecttion du 04 /06 /2020', NULL, NULL, '2020-06-08 14:31:29', '2020-06-08 14:31:29', 0, 1),
(6, 'BSO/08062020-D94D28', 1, NULL, 2, NULL, 14900, NULL, 0, NULL, 4, NULL, 1, 2, 2, '2020-06-08 00:00:00', '05/06/2020', NULL, NULL, '2020-06-08 14:39:16', '2020-06-08 14:39:16', 0, 1),
(7, 'BSO/08062020-56F8B0', 1, NULL, 2, NULL, 11900, NULL, 0, NULL, 4, NULL, 1, 4, 2, '2020-06-08 00:00:00', '06/06/2020', NULL, NULL, '2020-06-08 15:12:47', '2020-06-08 15:12:47', 0, 1),
(8, 'BSO/08062020-87686A', 1, NULL, 2, NULL, 5600, NULL, 0, NULL, 4, NULL, 1, 2, 2, '2020-06-08 00:00:00', '', NULL, NULL, '2020-06-08 16:33:58', '2020-06-08 16:33:58', 0, 1),
(9, 'BSO/08062020-E51280', 1, NULL, 2, NULL, 7300, 7300, 0, NULL, 4, NULL, 1, 2, 2, '2020-06-08 00:00:00', '', NULL, NULL, '2020-06-08 16:58:57', '2020-06-08 16:58:57', 0, 1),
(10, 'BSO/09062020-B05B47', 1, NULL, 2, NULL, 11600, 4000, 1000, NULL, 4, NULL, 1, 2, 2, '2020-06-09 00:00:00', '', NULL, NULL, '2020-06-09 09:48:53', '2020-06-09 09:48:53', 0, 1),
(11, 'BSO/09062020-EC579C', 1, NULL, 2, NULL, 2500, 2500, 0, NULL, 4, NULL, 1, 2, 2, '2020-06-09 00:00:00', '', NULL, NULL, '2020-06-09 13:29:41', '2020-06-09 13:29:41', 0, 1),
(12, 'BSO/09062020-FA64A4', 1, NULL, 2, NULL, 4500, 900, 3000, NULL, 4, NULL, 1, 2, 2, '2020-06-09 00:00:00', '', NULL, NULL, '2020-06-09 13:33:26', '2020-06-09 13:33:26', 0, 1),
(13, 'BSO/09062020-3A6E97', 1, NULL, 2, NULL, 6800, 900, 2500, NULL, 4, NULL, 1, 2, 2, '2020-06-09 00:00:00', '', NULL, NULL, '2020-06-09 14:58:46', '2020-06-09 14:58:46', 0, 1),
(14, 'BSO/09062020-D77CFF', 1, NULL, 2, NULL, 600, 600, 0, NULL, 4, NULL, 1, 2, 2, '2020-06-09 00:00:00', '', NULL, NULL, '2020-06-09 15:40:39', '2020-06-09 15:40:39', 0, 1),
(15, 'BSO/09062020-C8B348', 1, NULL, 2, NULL, 2000, 19800, 0, NULL, 4, NULL, 1, 2, 2, '2020-06-10 00:00:00', '', NULL, NULL, '2020-06-09 16:44:59', '2020-06-09 16:44:59', 0, 1),
(16, 'BSO/10062020-FC8045', 1, NULL, 3, NULL, 19800, 19800, 0, NULL, 4, NULL, 1, 5, 2, '2020-06-10 00:00:00', '', NULL, NULL, '2020-06-10 10:02:48', '2020-06-10 10:02:48', 0, 1),
(17, 'BSO/10062020-67B584', 1, NULL, 2, NULL, 10500, 2700, 2000, NULL, 4, NULL, 1, 2, 2, '2020-06-10 00:00:00', '', NULL, NULL, '2020-06-10 10:31:23', '2020-06-10 10:31:23', 0, 1),
(18, 'BSO/11062020-B9F5D4', 1, NULL, 2, NULL, 7400, 7400, 0, NULL, 4, NULL, 1, 2, 2, '2020-06-11 00:00:00', '', NULL, NULL, '2020-06-11 17:36:31', '2020-06-11 17:36:31', 0, 1),
(19, 'BSO/11062020-71FD00', 1, NULL, 2, NULL, 2400, 2400, 0, NULL, 4, NULL, 1, 2, 2, '2020-06-12 00:00:00', '', NULL, NULL, '2020-06-11 18:25:35', '2020-06-11 18:25:35', 0, 1),
(20, 'BSO/11062020-A6AD7C', 1, NULL, 3, NULL, 21700, 21700, 0, NULL, 4, NULL, 1, 5, 2, '2020-06-12 17:37:11', '', NULL, NULL, '2020-06-11 18:39:38', '2020-06-11 18:39:38', 0, 1),
(21, 'BSO/12062020-CBD34A', 1, NULL, 2, NULL, 8500, 3000, 0, NULL, 4, NULL, 1, 2, 2, '2020-06-12 13:06:12', '', NULL, NULL, '2020-06-12 13:01:49', '2020-06-12 13:01:49', 0, 1),
(22, 'BSO/12062020-7EA54B', 1, NULL, 2, NULL, 3600, 3600, 2000, NULL, 4, NULL, 1, 2, 2, '2020-06-12 13:59:20', '', NULL, NULL, '2020-06-12 13:49:30', '2020-06-12 13:49:30', 0, 1),
(23, 'BSO/12062020-F3C415', 1, NULL, 3, NULL, 4000, 4000, 0, NULL, 4, NULL, 1, 5, 2, '2020-06-12 17:39:52', '', NULL, NULL, '2020-06-12 14:20:44', '2020-06-12 14:20:44', 0, 1),
(24, 'BSO/12062020-3D2EF7', 1, NULL, 3, NULL, 22000, 400, 0, NULL, 1, NULL, 1, 5, 2, '2020-06-12 17:47:10', '', NULL, NULL, '2020-06-12 14:40:18', '2020-06-12 14:40:18', 0, 1),
(25, 'BSO/15062020-6D2E44', 1, NULL, 3, NULL, 10000, 10000, 0, NULL, 4, NULL, 1, 5, 2, '2020-06-15 13:50:29', '', NULL, NULL, '2020-06-15 11:09:06', '2020-06-15 11:09:06', 0, 1),
(26, 'BSO/15062020-889655', 1, NULL, 2, NULL, 2900, 800, 0, NULL, 4, NULL, 1, 2, 2, '2020-06-15 11:43:09', '', NULL, NULL, '2020-06-15 11:16:25', '2020-06-15 11:16:25', 0, 1),
(27, 'BSO/15062020-D5AB62', 2, 1, 2, 'rosier', 5500, 0, 0, NULL, 4, NULL, 1, 1, 2, '2020-06-15 14:07:00', '', 'mme ngué', '72501842', '2020-06-15 13:53:30', '2020-06-15 13:53:30', 0, 1),
(28, 'BSO/16062020-14648C', 1, NULL, 2, NULL, 4600, 1500, 0, NULL, 4, NULL, 1, 2, 2, '2020-06-16 11:49:17', '', NULL, NULL, '2020-06-16 10:39:02', '2020-06-16 10:39:02', 0, 1),
(29, 'BSO/16062020-29C29A', 1, NULL, 2, NULL, 8300, 1500, 0, NULL, 4, NULL, 1, 3, 2, '2020-06-16 13:24:42', '', NULL, NULL, '2020-06-16 10:44:44', '2020-06-16 10:44:44', 0, 1),
(30, 'BSO/16062020-FEA926', 1, NULL, 2, NULL, 6000, 2500, 1500, NULL, 4, NULL, 1, 2, 2, '2020-06-16 14:10:54', '', NULL, NULL, '2020-06-16 12:49:46', '2020-06-16 12:49:46', 0, 1),
(31, 'BSO/16062020-3A4D00', 1, NULL, 2, NULL, 5400, 5400, 0, NULL, 4, NULL, 1, 3, 2, '2020-06-16 15:38:25', '', NULL, NULL, '2020-06-16 15:22:13', '2020-06-16 15:22:13', 0, 1),
(32, 'BSO/17062020-D42944', 1, NULL, 2, NULL, 3100, 2700, 0, NULL, 4, NULL, 1, 2, 2, '2020-06-17 13:01:14', '', NULL, NULL, '2020-06-17 11:23:46', '2020-06-17 11:23:46', 0, 1),
(33, 'BSO/17062020-8D9E07', 1, NULL, 2, NULL, 5000, 5000, 0, NULL, 4, NULL, 1, 2, 2, '2020-06-17 13:23:22', '', NULL, NULL, '2020-06-17 13:21:29', '2020-06-17 13:21:29', 0, 1),
(34, 'BSO/17062020-904C21', 1, NULL, 2, NULL, 6300, NULL, 1500, NULL, 4, NULL, 1, 3, 2, '2020-06-18 14:40:49', '', NULL, NULL, '2020-06-17 14:30:28', '2020-06-17 14:30:28', 0, 1),
(35, 'BSO/18062020-E0FDC3', 1, NULL, 2, NULL, 5500, 5500, 0, NULL, 4, NULL, 1, 3, 2, '2020-06-18 14:47:41', '', NULL, NULL, '2020-06-18 14:45:35', '2020-06-18 14:45:35', 0, 1),
(36, 'BSO/18062020-31AB51', 1, NULL, 2, NULL, 4900, 1300, 1500, NULL, 4, NULL, 1, 2, 2, '2020-06-18 16:36:45', '', NULL, NULL, '2020-06-18 15:07:06', '2020-06-18 15:07:06', 0, 1),
(37, 'BSO/18062020-E8B652', 1, NULL, 2, NULL, 1300, 1300, 0, NULL, 4, NULL, 1, 2, 2, '2020-06-18 17:11:26', '', NULL, NULL, '2020-06-18 17:04:11', '2020-06-18 17:04:11', 0, 1),
(38, 'BSO/19062020-13340A', 1, NULL, 2, NULL, 2800, 2800, 0, NULL, 4, NULL, 1, 3, 2, '2020-06-19 17:34:41', '', NULL, NULL, '2020-06-19 13:44:19', '2020-06-19 13:44:19', 0, 1),
(39, 'BSO/19062020-F6A27A', 1, NULL, 2, NULL, 5800, 5800, 0, NULL, 4, NULL, 1, 2, 2, '2020-06-19 17:33:39', '', NULL, NULL, '2020-06-19 14:44:58', '2020-06-19 14:44:58', 0, 1),
(40, 'BSO/19062020-51841D', 1, NULL, 2, NULL, 5000, 5000, 0, NULL, 4, NULL, 1, 3, 2, '2020-06-19 17:32:45', '', NULL, NULL, '2020-06-19 17:25:44', '2020-06-19 17:25:44', 0, 1),
(41, 'BSO/19062020-528784', 1, NULL, 2, NULL, 5000, 0, 0, NULL, 1, NULL, 1, 3, 2, NULL, NULL, NULL, NULL, '2020-06-19 17:26:00', '2020-06-19 17:26:00', 0, 1),
(42, 'BSO/20062020-C7AB6B', 1, NULL, 2, NULL, 11500, 2800, 10200, NULL, 4, NULL, 1, 3, 2, '2020-06-20 15:43:37', '', NULL, NULL, '2020-06-20 11:01:14', '2020-06-20 11:01:14', 0, 1),
(43, 'BSO/20062020-DA27DF', 1, NULL, 2, NULL, 9800, 2800, 0, NULL, 4, NULL, 1, 2, 2, '2020-06-20 12:04:38', '', NULL, NULL, '2020-06-20 11:06:10', '2020-06-20 11:06:10', 0, 1),
(44, 'BSO/20062020-12A46A', 1, NULL, 2, NULL, 2000, 2000, 0, NULL, 4, NULL, 1, 2, 2, '2020-06-19 11:23:48', '', NULL, NULL, '2020-06-19 11:21:14', '2020-06-19 11:21:14', 0, 1),
(45, 'BSO/20062020-C05BA3', 1, NULL, 2, NULL, 12200, 8400, 0, NULL, 4, NULL, 1, 2, 2, '2020-06-20 15:06:20', '', NULL, NULL, '2020-06-20 14:24:05', '2020-06-20 14:24:05', 0, 1),
(46, 'BSO/20062020-FC11CD', 1, NULL, 2, NULL, 10900, 5300, 2000, NULL, 4, NULL, 1, 2, 2, '2020-06-20 17:10:55', '', NULL, NULL, '2020-06-20 15:48:17', '2020-06-20 15:48:17', 0, 1),
(47, 'BSO/20062020-5D4485', 1, NULL, 2, NULL, 5000, 5000, 0, NULL, 4, NULL, 1, 2, 2, '2020-06-20 17:24:04', '', NULL, NULL, '2020-06-20 17:22:28', '2020-06-20 17:22:28', 0, 1),
(48, 'BSO/22062020-F0682D', 2, 2, 1, 'yopougon', 22000, 0, 0, NULL, 4, NULL, 1, 1, 2, '2020-06-22 12:08:20', '', 'cyrille', '.........', '2020-06-22 12:07:34', '2020-06-22 12:07:34', 0, 1),
(49, 'BSO/22062020-02D47C', 1, NULL, 2, NULL, 800, 800, 0, NULL, 4, NULL, 1, 2, 2, '2020-06-22 12:13:57', '', NULL, NULL, '2020-06-22 12:12:29', '2020-06-22 12:12:29', 0, 1),
(50, 'BSO/22062020-231926', 2, 3, 1, 'rosier', 1000, 0, 0, NULL, 4, NULL, 1, 1, 2, '2020-06-22 12:21:37', '', 'casmir', '.........', '2020-06-22 12:21:05', '2020-06-22 12:21:05', 0, 1),
(51, 'BSO/22062020-B983A5', 1, NULL, 2, NULL, 2000, 2000, 0, NULL, 4, NULL, 1, 2, 2, '2020-06-23 10:11:42', '', NULL, NULL, '2020-06-22 17:34:16', '2020-06-22 17:34:16', 0, 1),
(52, 'BSO/22062020-C5F5F5', 1, NULL, 2, NULL, 1000, 500, 0, NULL, 4, NULL, 1, 3, 2, '2020-06-22 17:59:35', '', NULL, NULL, '2020-06-22 17:37:35', '2020-06-22 17:37:35', 0, 1),
(53, 'BSO/22062020-7F78F4', 2, 4, 2, '', 1000, 0, 0, NULL, 4, NULL, 1, 1, 2, '2020-06-22 18:50:25', '', 'mr malo', '....', '2020-06-22 18:27:03', '2020-06-22 18:27:03', 0, 1),
(54, 'BSO/23062020-B0E99E', 1, NULL, 2, NULL, 6100, 6100, 0, NULL, 4, NULL, 1, 2, 2, '2020-06-23 11:46:47', '', NULL, NULL, '2020-06-23 11:44:14', '2020-06-23 11:44:14', 0, 1),
(55, 'BSO/23062020-212C4C', 1, NULL, 2, NULL, 1000, 1000, 0, NULL, 4, NULL, 1, 3, 2, '2020-06-23 13:27:31', '', NULL, NULL, '2020-06-23 13:22:26', '2020-06-23 13:22:26', 0, 1),
(56, 'BSO/24062020-D9166C', 1, NULL, 2, NULL, 5100, 3400, 1000, NULL, 4, NULL, 1, 2, 2, '2020-06-24 13:06:46', '', NULL, NULL, '2020-06-24 12:56:49', '2020-06-24 12:56:49', 0, 1),
(57, 'BSO/24062020-F0B580', 1, NULL, 2, NULL, 900, NULL, 0, NULL, 4, NULL, 1, 2, 2, '2020-06-25 13:18:55', '', NULL, NULL, '2020-06-24 15:19:39', '2020-06-24 15:19:39', 0, 1),
(58, 'BSO/24062020-15CC67', 1, NULL, 2, NULL, 2900, 2900, 0, NULL, 4, NULL, 1, 3, 2, '2020-06-24 17:48:25', '', NULL, NULL, '2020-06-24 17:46:04', '2020-06-24 17:46:04', 0, 1),
(59, 'BSO/24062020-70248D', 1, NULL, 2, NULL, 500, 500, 0, NULL, 4, NULL, 1, 3, 2, '2020-06-24 18:12:32', '', NULL, NULL, '2020-06-24 18:10:10', '2020-06-24 18:10:10', 0, 1),
(60, 'BSO/25062020-FA0671', 1, NULL, 3, NULL, 9400, 9400, 0, NULL, 4, NULL, 1, 5, 2, '2020-06-26 12:42:00', '', NULL, NULL, '2020-06-25 11:50:56', '2020-06-25 11:50:56', 0, 1),
(61, 'BSO/25062020-8E66D7', 1, NULL, 2, NULL, 17400, 3600, 0, NULL, 4, NULL, 1, 3, 2, '2020-06-25 17:49:31', '', NULL, NULL, '2020-06-25 12:30:30', '2020-06-25 12:30:30', 0, 1),
(62, 'BSO/25062020-69B26C', 1, NULL, 2, NULL, 3200, 3200, 0, 0, 4, NULL, 1, 2, 2, '2020-06-25 15:49:23', '', NULL, NULL, '2020-06-25 15:45:31', '2020-06-25 15:45:31', 0, 1),
(63, 'BSO/25062020-7FDB14', 1, NULL, 2, NULL, 2000, 2000, 0, 0, 4, NULL, 1, 2, 2, '2020-06-26 12:43:42', '', NULL, NULL, '2020-06-25 16:59:41', '2020-06-25 16:59:41', 0, 1),
(64, 'BSO/26062020-51C8E6', 1, NULL, 2, NULL, 1500, 1500, 0, 0, 4, NULL, 1, 3, 2, '2020-06-26 17:52:24', '', NULL, NULL, '2020-06-26 17:49:16', '2020-06-26 17:49:16', 0, 1),
(65, 'BSO/26062020-E085E3', 1, NULL, 2, NULL, 3000, 3000, 0, 0, 4, NULL, 1, 3, 2, '2020-06-30 13:54:44', '', NULL, NULL, '2020-06-26 18:27:20', '2020-06-26 18:27:20', 0, 1),
(66, 'BSO/30062020-5C1E53', 1, NULL, 2, NULL, 7300, 7300, 0, 0, 4, NULL, 1, 3, 2, '2020-06-30 14:18:20', '', NULL, NULL, '2020-06-30 14:01:37', '2020-06-30 14:01:37', 0, 1),
(67, 'BSO/30062020-ADD958', 1, NULL, 2, NULL, 7500, 7500, 0, 0, 4, NULL, 1, 3, 2, '2020-06-30 14:50:18', '', NULL, NULL, '2020-06-30 14:23:25', '2020-06-30 14:23:25', 0, 1),
(68, 'BSO/01072020-1A9B03', 1, NULL, 2, NULL, 6800, 3600, 1500, 500, 4, NULL, 1, 3, 2, '2020-07-01 14:22:21', '', NULL, NULL, '2020-07-01 13:37:45', '2020-07-01 13:37:45', 0, 1),
(69, 'BSO/05072020-CE57A4', 1, NULL, 2, NULL, 3200, 3200, 0, 0, 4, NULL, 1, 3, 2, '2020-07-05 08:41:46', '', NULL, NULL, '2020-07-05 08:18:45', '2020-07-05 08:18:45', 0, 1),
(70, 'BSO/07072020-DD4ACE', 1, NULL, 2, NULL, 6500, 6500, 0, 500, 4, NULL, 1, 3, 2, '2020-07-07 18:05:12', '', NULL, NULL, '2020-07-07 17:16:04', '2020-07-07 17:16:04', 0, 1),
(71, 'BSO/07072020-99C77A', 1, NULL, 2, NULL, 2000, 2000, 0, 1500, 4, NULL, 1, 3, 2, '2020-07-07 18:08:53', '', NULL, NULL, '2020-07-07 18:06:20', '2020-07-07 18:06:20', 0, 1),
(72, 'BSO/09072020-4C62D3', 1, NULL, 2, NULL, 9000, 0, 3000, 1000, 2, NULL, 1, 2, 1, NULL, NULL, NULL, NULL, '2020-07-09 16:24:38', NULL, 0, 1),
(73, 'BSO/09072020-5F1EF2', 1, NULL, 2, NULL, 9000, 9000, 3000, 1000, 4, NULL, 1, 2, 1, '2020-07-09 16:31:48', '', NULL, NULL, '2020-07-09 16:29:37', NULL, 0, 1);

-- --------------------------------------------------------

--
-- Structure de la table `quantite`
--

CREATE TABLE `quantite` (
  `id` int(11) NOT NULL,
  `name` float NOT NULL DEFAULT '0',
  `isActive` int(11) NOT NULL DEFAULT '0',
  `created` datetime DEFAULT NULL,
  `modified` datetime DEFAULT NULL,
  `protected` int(11) NOT NULL DEFAULT '0',
  `valide` int(11) NOT NULL DEFAULT '1'
) ENGINE=InnoDB DEFAULT CHARSET=utf8 COLLATE=utf8_bin ROW_FORMAT=DYNAMIC;

--
-- Déchargement des données de la table `quantite`
--

INSERT INTO `quantite` (`id`, `name`, `isActive`, `created`, `modified`, `protected`, `valide`) VALUES
(1, 0.25, 1, '2020-06-25 14:20:30', '2020-06-25 14:20:30', 1, 1),
(2, 0.33, 1, '2020-06-25 14:20:30', '2020-06-25 14:20:30', 1, 1),
(3, 0.5, 1, '2020-06-25 14:20:30', '2020-06-25 14:20:30', 1, 1),
(4, 1, 1, '2020-06-25 14:20:30', '2020-06-25 14:20:30', 1, 1);

-- --------------------------------------------------------

--
-- Structure de la table `reglementclient`
--

CREATE TABLE `reglementclient` (
  `id` int(11) NOT NULL,
  `reference` varchar(20) COLLATE utf8_bin NOT NULL,
  `client_id` int(11) NOT NULL,
  `mouvement_id` int(11) NOT NULL,
  `commercial_id` int(11) DEFAULT NULL,
  `modepayement_id` int(11) NOT NULL,
  `structure` varchar(50) COLLATE utf8_bin DEFAULT NULL,
  `numero` varchar(50) COLLATE utf8_bin DEFAULT NULL,
  `comment` text COLLATE utf8_bin,
  `acompteClient` int(11) NOT NULL,
  `detteClient` int(11) NOT NULL,
  `etat_id` int(11) NOT NULL,
  `boutique_id` int(11) NOT NULL,
  `employe_id` int(11) NOT NULL,
  `date_approbation` datetime DEFAULT NULL,
  `image` text COLLATE utf8_bin,
  `isModified` int(11) NOT NULL,
  `created` datetime DEFAULT NULL,
  `modified` datetime DEFAULT NULL,
  `protected` int(11) NOT NULL DEFAULT '0',
  `valide` int(11) NOT NULL DEFAULT '1'
) ENGINE=InnoDB DEFAULT CHARSET=utf8 COLLATE=utf8_bin ROW_FORMAT=DYNAMIC;

--
-- Déchargement des données de la table `reglementclient`
--

INSERT INTO `reglementclient` (`id`, `reference`, `client_id`, `mouvement_id`, `commercial_id`, `modepayement_id`, `structure`, `numero`, `comment`, `acompteClient`, `detteClient`, `etat_id`, `boutique_id`, `employe_id`, `date_approbation`, `image`, `isModified`, `created`, `modified`, `protected`, `valide`) VALUES
(1, 'RGC/25062020-34A923', 1, 2, NULL, 1, '', '', 'Réglement de la vente  N°BVE/02062020-D527FA', 0, 0, 4, 1, 1, NULL, NULL, 0, '2020-06-02 13:00:03', '2020-06-02 13:00:03', 0, 1),
(2, 'RGC/25062020-34B5E2', 1, 3, 1, 1, '', '', 'Réglement de la vente Directe N°BVE/02062020-D982C7', 0, 0, 4, 1, 1, NULL, NULL, 0, '2020-06-02 13:01:12', '2020-06-02 13:01:12', 0, 1),
(3, 'RGC/25062020-34C617', 1, 4, NULL, 1, '', '', 'Réglement de la vente  N°BVE/02062020-09DCC2', 0, 0, 4, 1, 1, NULL, NULL, 0, '2020-06-02 13:14:07', '2020-06-02 13:14:07', 0, 1),
(4, 'RGC/25062020-34CF06', 1, 5, 1, 1, '', '', 'Réglement de la vente Directe N°BVE/02062020-A5E8F9', 0, 0, 4, 1, 1, NULL, NULL, 0, '2020-06-02 13:55:43', '2020-06-02 13:55:43', 0, 1),
(5, 'RGC/25062020-34E061', 1, 6, NULL, 1, '', '', 'Réglement de la vente Par Prospection/livraison N°BVE/02062020-C270A1', 0, 0, 4, 1, 1, NULL, NULL, 0, '2020-06-02 14:03:20', '2020-06-02 14:03:20', 0, 1),
(6, 'RGC/25062020-34E91C', 1, 7, NULL, 1, '', '', 'Réglement de la vente Par Prospection/livraison N°BVE/02062020-D489DF', 0, 0, 4, 1, 1, NULL, NULL, 0, '2020-06-02 14:08:10', '2020-06-02 14:08:10', 0, 1),
(7, 'RGC/25062020-34ED89', 1, 8, 1, 1, '', '', 'Réglement de la vente Directe N°BVE/03062020-02620C', 0, 0, 4, 1, 1, NULL, NULL, 0, '2020-06-03 18:47:02', '2020-06-03 18:47:02', 0, 1),
(8, 'RGC/25062020-34F68B', 1, 9, 1, 1, '', '', 'Réglement de la vente Directe N°BVE/06062020-34C442', 0, 0, 4, 1, 1, NULL, NULL, 0, '2020-06-06 12:59:56', '2020-06-06 12:59:56', 0, 1),
(9, 'RGC/25062020-35099A', 1, 10, 1, 1, '', '', 'Réglement de la vente Directe N°BVE/06062020-38CDB8', 0, 0, 4, 1, 1, NULL, NULL, 0, '2020-06-06 13:01:01', '2020-06-06 13:01:01', 0, 1),
(10, 'RGC/25062020-3513F0', 1, 11, 1, 1, '', '', 'Réglement de la vente Directe N°BVE/06062020-40DCC8', 0, 0, 4, 1, 1, NULL, NULL, 0, '2020-06-06 13:03:09', '2020-06-06 13:03:09', 0, 1),
(11, 'RGC/25062020-351D28', 1, 12, 1, 1, '', '', 'Réglement de la vente Directe N°BVE/06062020-4C2E56', 0, 0, 4, 1, 1, NULL, NULL, 0, '2020-06-06 13:06:11', '2020-06-06 13:06:11', 0, 1),
(12, 'RGC/25062020-352265', 1, 13, 1, 1, '', '', 'Réglement de la vente Directe N°BVE/06062020-56B8D3', 0, 0, 4, 1, 1, NULL, NULL, 0, '2020-06-06 13:08:59', '2020-06-06 13:08:59', 0, 1),
(13, 'RGC/25062020-3531CD', 1, 14, 1, 1, '', '', 'Réglement de la vente Directe N°BVE/08062020-C3081E', 0, 0, 4, 1, 1, NULL, NULL, 0, '2020-06-08 14:33:22', '2020-06-08 14:33:22', 0, 1),
(14, 'RGC/25062020-353D9A', 1, 15, NULL, 1, '', '', 'Réglement de la vente Par Prospection/livraison N°BVE/08062020-D81A9A', 0, 0, 4, 1, 1, NULL, NULL, 0, '2020-06-08 14:38:58', '2020-06-08 14:38:58', 0, 1),
(15, 'RGC/25062020-354D6B', 1, 16, 1, 1, '', '', 'Réglement de la vente Directe N°BVE/08062020-DF31F5', 0, 0, 4, 1, 1, NULL, NULL, 0, '2020-06-08 14:40:52', '2020-06-08 14:40:52', 0, 1),
(16, 'RGC/25062020-355A17', 1, 17, NULL, 1, '', '', 'Réglement de la vente Par Prospection/livraison N°BVE/08062020-05E746', 0, 0, 4, 1, 1, NULL, NULL, 0, '2020-06-08 15:59:28', '2020-06-08 15:59:28', 0, 1),
(17, 'RGC/25062020-355E81', 1, 18, NULL, 1, '', '', 'Réglement de la vente Par Prospection/livraison N°BVE/08062020-0AEBC9', 0, 0, 4, 1, 1, NULL, NULL, 0, '2020-06-08 16:00:48', '2020-06-08 16:00:48', 0, 1),
(18, 'RGC/25062020-356D6F', 1, 19, NULL, 1, '', '', 'Réglement de la vente Par Prospection/livraison N°BVE/08062020-9AAE6B', 0, 0, 4, 1, 1, NULL, NULL, 0, '2020-06-08 16:39:09', '2020-06-08 16:39:09', 0, 1),
(19, 'RGC/25062020-357D46', 1, 20, NULL, 1, '', '', 'Réglement de la vente Par Prospection/livraison N°BVE/08062020-E85DA8', 0, 0, 4, 1, 1, NULL, NULL, 0, '2020-06-08 16:59:50', '2020-06-08 16:59:50', 0, 1),
(20, 'RGC/25062020-358327', 1, 21, NULL, 1, '', '', 'Réglement de la vente Par Prospection/livraison N°BVE/09062020-AF1EAD', 0, 0, 4, 1, 1, NULL, NULL, 0, '2020-06-09 13:13:23', '2020-06-09 13:13:23', 0, 1),
(21, 'RGC/25062020-358AFC', 1, 22, NULL, 1, '', '', 'Réglement de la vente Par Prospection/livraison N°BVE/09062020-F218BE', 0, 0, 4, 1, 1, NULL, NULL, 0, '2020-06-09 13:31:14', '2020-06-09 13:31:14', 0, 1),
(22, 'RGC/25062020-359074', 1, 23, 1, 1, '', '', 'Réglement de la vente Directe N°BVE/09062020-0051C6', 0, 0, 4, 1, 1, NULL, NULL, 0, '2020-06-09 13:35:01', '2020-06-09 13:35:01', 0, 1),
(23, 'RGC/25062020-3595A3', 1, 24, 1, 1, '', '', 'Réglement de la vente Directe N°BVE/09062020-21E083', 0, 0, 4, 1, 1, NULL, NULL, 0, '2020-06-09 13:43:58', '2020-06-09 13:43:58', 0, 1),
(24, 'RGC/25062020-35A261', 1, 25, NULL, 1, '', '', 'Réglement de la vente Par Prospection/livraison N°BVE/09062020-4C2D46', 0, 0, 4, 1, 1, NULL, NULL, 0, '2020-06-09 13:55:16', '2020-06-09 13:55:16', 0, 1),
(25, 'RGC/25062020-35A747', 1, 26, NULL, 1, '', '', 'Réglement de la vente Par Prospection/livraison N°BVE/09062020-CEFF14', 0, 0, 4, 1, 1, NULL, NULL, 0, '2020-06-09 15:38:26', '2020-06-09 15:38:26', 0, 1),
(26, 'RGC/25062020-35B06D', 1, 27, NULL, 1, '', '', 'Réglement de la vente Par Prospection/livraison N°BVE/09062020-DB7539', 0, 0, 4, 1, 1, NULL, NULL, 0, '2020-06-09 15:41:43', '2020-06-09 15:41:43', 0, 1),
(27, 'RGC/25062020-35BBE5', 1, 28, 1, 1, '', '', 'Réglement de la vente Directe N°BVE/09062020-F8AB59', 0, 0, 4, 1, 1, NULL, NULL, 0, '2020-06-09 15:49:31', '2020-06-09 15:49:31', 0, 1),
(28, 'RGC/25062020-35C5D8', 1, 29, 1, 1, '', '', 'Réglement de la vente Directe N°BVE/09062020-FF0ECD', 0, 0, 4, 1, 1, NULL, NULL, 0, '2020-06-09 15:51:13', '2020-06-09 15:51:13', 0, 1),
(29, 'RGC/25062020-35CEF4', 1, 30, 1, 1, '', '', 'Réglement de la vente Directe N°BVE/09062020-103AFC', 0, 0, 4, 1, 1, NULL, NULL, 0, '2020-06-09 15:55:48', '2020-06-09 15:55:48', 0, 1),
(30, 'RGC/25062020-35DBC1', 1, 31, 1, 1, '', '', 'Réglement de la vente Directe N°BVE/10062020-CAA420', 0, 0, 4, 1, 1, NULL, NULL, 0, '2020-06-10 09:49:30', '2020-06-10 09:49:30', 0, 1),
(31, 'RGC/25062020-35E5D0', 1, 32, NULL, 1, '', '', 'Réglement de la vente Par Prospection/livraison N°BVE/10062020-2D111E', 0, 0, 4, 1, 1, NULL, NULL, 0, '2020-06-10 10:15:51', '2020-06-10 10:15:51', 0, 1),
(32, 'RGC/25062020-35EA0B', 1, 33, 1, 1, '', '', 'Réglement de la vente Directe N°BVE/10062020-407022', 0, 0, 4, 1, 1, NULL, NULL, 0, '2020-06-10 10:20:55', '2020-06-10 10:20:55', 0, 1),
(33, 'RGC/25062020-35F2B2', 1, 34, NULL, 1, '', '', 'Réglement de la vente Par Prospection/livraison N°BVE/10062020-D3E390', 0, 0, 4, 1, 1, NULL, NULL, 0, '2020-06-10 13:16:48', '2020-06-10 13:16:48', 0, 1),
(34, 'RGC/25062020-3604D4', 1, 35, 1, 1, '', '', 'Réglement de la vente Directe N°BVE/10062020-FC6410', 0, 0, 4, 1, 1, NULL, NULL, 0, '2020-06-10 13:27:34', '2020-06-10 13:27:34', 0, 1),
(35, 'RGC/25062020-36177A', 1, 36, NULL, 1, '', '', 'Réglement de la vente Par Prospection/livraison N°BVE/10062020-C73936', 0, 0, 4, 1, 1, NULL, NULL, 0, '2020-06-10 16:38:14', '2020-06-10 16:38:14', 0, 1),
(36, 'RGC/25062020-36206C', 1, 37, 1, 1, '', '', 'Réglement de la vente Directe N°BVE/11062020-8B8D2D', 0, 0, 4, 1, 1, NULL, NULL, 0, '2020-06-11 17:24:09', '2020-06-11 17:24:09', 0, 1),
(37, 'RGC/25062020-3628E0', 1, 38, 1, 1, '', '', 'Réglement de la vente Directe N°BVE/11062020-919EDC', 0, 0, 4, 1, 1, NULL, NULL, 0, '2020-06-11 17:25:46', '2020-06-11 17:25:46', 0, 1),
(38, 'RGC/25062020-36323B', 1, 39, NULL, 1, '', '', 'Réglement de la vente Par Prospection/livraison N°BVE/11062020-ECC544', 0, 0, 4, 1, 1, NULL, NULL, 0, '2020-06-11 17:50:05', '2020-06-11 17:50:05', 0, 1),
(39, 'RGC/25062020-363D22', 1, 40, NULL, 1, '', '', 'Réglement de la vente Par Prospection/livraison N°BVE/12062020-8D6B86', 0, 0, 4, 1, 1, NULL, NULL, 0, '2020-06-12 10:28:39', '2020-06-12 10:28:39', 0, 1),
(40, 'RGC/25062020-3644B8', 1, 41, 1, 1, '', '', 'Réglement de la vente Directe N°BVE/12062020-D75F1D', 0, 0, 4, 1, 1, NULL, NULL, 0, '2020-06-12 10:48:22', '2020-06-12 10:48:22', 0, 1),
(41, 'RGC/25062020-364938', 1, 42, NULL, 1, '', '', 'Réglement de la vente Par Prospection/livraison N°BVE/12062020-DC4318', 0, 0, 4, 1, 1, NULL, NULL, 0, '2020-06-12 13:06:13', '2020-06-12 13:06:13', 0, 1),
(42, 'RGC/25062020-364D45', 1, 43, NULL, 1, '', '', 'Réglement de la vente Par Prospection/livraison N°BVE/12062020-A386F2', 0, 0, 4, 1, 1, NULL, NULL, 0, '2020-06-12 13:59:24', '2020-06-12 13:59:24', 0, 1),
(43, 'RGC/25062020-3654FF', 1, 44, NULL, 1, '', '', 'Réglement de la vente Par Prospection/livraison N°BVE/12062020-D474E4', 0, 0, 4, 1, 1, NULL, NULL, 0, '2020-06-12 17:37:13', '2020-06-12 17:37:13', 0, 1),
(44, 'RGC/25062020-365CA6', 1, 45, NULL, 1, '', '', 'Réglement de la vente Par Prospection/livraison N°BVE/12062020-DE82ED', 0, 0, 4, 1, 1, NULL, NULL, 0, '2020-06-12 17:39:53', '2020-06-12 17:39:53', 0, 1),
(45, 'RGC/25062020-3664F1', 1, 46, 1, 1, '', '', 'Réglement de la vente Directe N°BVE/12062020-E7049A', 0, 0, 4, 1, 1, NULL, NULL, 0, '2020-06-12 17:42:08', '2020-06-12 17:42:08', 0, 1),
(46, 'RGC/25062020-366CC4', 1, 47, NULL, 1, '', '', 'Réglement de la vente Par Prospection/livraison N°BVE/12062020-F9E24A', 0, 0, 4, 1, 1, NULL, NULL, 0, '2020-06-12 17:47:11', '2020-06-12 17:47:11', 0, 1),
(47, 'RGC/25062020-367272', 1, 48, 1, 1, '', '', 'Réglement de la vente Directe N°BVE/13062020-E07DCE', 0, 0, 4, 1, 1, NULL, NULL, 0, '2020-06-13 11:52:40', '2020-06-13 11:52:40', 0, 1),
(48, 'RGC/25062020-367B9D', 1, 49, 1, 1, '', '', 'Réglement de la vente Directe N°BVE/13062020-68695F', 0, 0, 4, 1, 1, NULL, NULL, 0, '2020-06-13 17:01:59', '2020-06-13 17:01:59', 0, 1),
(49, 'RGC/25062020-368E66', 1, 50, 1, 1, '', '', 'Réglement de la vente Directe N°BVE/14062020-0FCCCE', 0, 0, 4, 1, 1, NULL, NULL, 0, '2020-06-14 16:32:00', '2020-06-14 16:32:00', 0, 1),
(50, 'RGC/25062020-369DA8', 1, 51, 1, 1, '', '', 'Réglement de la vente Directe N°BVE/14062020-95C087', 0, 0, 4, 1, 1, NULL, NULL, 0, '2020-06-14 18:15:56', '2020-06-14 18:15:56', 0, 1),
(51, 'RGC/25062020-36AA2A', 1, 52, 1, 1, '', '', 'Réglement de la vente Directe N°BVE/14062020-B700FE', 0, 0, 4, 1, 1, NULL, NULL, 0, '2020-06-14 18:24:48', '2020-06-14 18:24:48', 0, 1),
(52, 'RGC/25062020-36B034', 1, 53, NULL, 1, '', '', 'Réglement de la vente Par Prospection/livraison N°BVE/15062020-ECD9EF', 0, 0, 4, 1, 1, NULL, NULL, 0, '2020-06-15 11:43:10', '2020-06-15 11:43:10', 0, 1),
(53, 'RGC/25062020-36C2B4', 1, 54, 1, 1, '', '', 'Réglement de la vente Directe N°BVE/15062020-91BCAB', 0, 0, 4, 1, 1, NULL, NULL, 0, '2020-06-15 13:35:24', '2020-06-15 13:35:24', 0, 1),
(54, 'RGC/25062020-36CA70', 1, 55, NULL, 1, '', '', 'Réglement de la vente Par Prospection/livraison N°BVE/15062020-CA592F', 0, 0, 4, 1, 1, NULL, NULL, 0, '2020-06-15 13:50:32', '2020-06-15 13:50:32', 0, 1),
(55, 'RGC/25062020-36D2EE', 1, 56, 1, 1, '', '', 'Réglement de la vente Directe N°BVE/16062020-347081', 0, 0, 4, 1, 1, NULL, NULL, 0, '2020-06-16 10:47:35', '2020-06-16 10:47:35', 0, 1),
(56, 'RGC/25062020-36DE73', 1, 57, 1, 1, '', '', 'Réglement de la vente Directe N°BVE/16062020-A973EB', 0, 0, 4, 1, 1, NULL, NULL, 0, '2020-06-16 11:18:47', '2020-06-16 11:18:47', 0, 1),
(57, 'RGC/25062020-36EEAA', 1, 58, NULL, 1, '', '', 'Réglement de la vente Par Prospection/livraison N°BVE/16062020-1BD64E', 0, 0, 4, 1, 1, NULL, NULL, 0, '2020-06-16 11:49:20', '2020-06-16 11:49:20', 0, 1),
(58, 'RGC/25062020-36F401', 1, 59, NULL, 1, '', '', 'Réglement de la vente Par Prospection/livraison N°BVE/16062020-81AC22', 0, 0, 4, 1, 1, NULL, NULL, 0, '2020-06-16 13:24:45', '2020-06-16 13:24:45', 0, 1),
(59, 'RGC/25062020-36FF06', 1, 60, NULL, 1, '', '', 'Réglement de la vente Par Prospection/livraison N°BVE/16062020-2EEB13', 0, 0, 4, 1, 1, NULL, NULL, 0, '2020-06-16 14:10:57', '2020-06-16 14:10:57', 0, 1),
(60, 'RGC/25062020-3704A0', 1, 61, NULL, 1, '', '', 'Réglement de la vente Par Prospection/livraison N°BVE/16062020-771E10', 0, 0, 4, 1, 1, NULL, NULL, 0, '2020-06-16 15:38:27', '2020-06-16 15:38:27', 0, 1),
(61, 'RGC/25062020-370C23', 1, 62, 1, 1, '', '', 'Réglement de la vente Directe N°BVE/16062020-7A5765', 0, 0, 4, 1, 1, NULL, NULL, 0, '2020-06-16 19:04:05', '2020-06-16 19:04:05', 0, 1),
(62, 'RGC/25062020-371C7B', 1, 63, 1, 1, '', '', 'Réglement de la vente Directe N°BVE/17062020-E62E70', 0, 0, 4, 1, 1, NULL, NULL, 0, '2020-06-17 12:36:51', '2020-06-17 12:36:51', 0, 1),
(63, 'RGC/25062020-372612', 1, 64, NULL, 1, '', '', 'Réglement de la vente Par Prospection/livraison N°BVE/17062020-41AAAF', 0, 0, 4, 1, 1, NULL, NULL, 0, '2020-06-17 13:01:16', '2020-06-17 13:01:16', 0, 1),
(64, 'RGC/25062020-372E6B', 1, 65, NULL, 1, '', '', 'Réglement de la vente Par Prospection/livraison N°BVE/17062020-94AF3C', 0, 0, 4, 1, 1, NULL, NULL, 0, '2020-06-17 13:23:24', '2020-06-17 13:23:24', 0, 1),
(65, 'RGC/25062020-37337C', 1, 66, 1, 1, '', '', 'Réglement de la vente Directe N°BVE/17062020-B93067', 0, 0, 4, 1, 1, NULL, NULL, 0, '2020-06-17 14:41:24', '2020-06-17 14:41:24', 0, 1),
(66, 'RGC/25062020-3738C7', 1, 67, 1, 1, '', '', 'Réglement de la vente Directe N°BVE/17062020-C5A07A', 0, 0, 4, 1, 1, NULL, NULL, 0, '2020-06-17 15:52:58', '2020-06-17 15:52:58', 0, 1),
(67, 'RGC/25062020-373E10', 1, 68, NULL, 1, '', '', 'Réglement de la vente Par Prospection/livraison N°BVE/18062020-CF1A74', 0, 0, 4, 1, 1, NULL, NULL, 0, '2020-06-18 14:40:51', '2020-06-18 14:40:51', 0, 1),
(68, 'RGC/25062020-3742F2', 1, 69, NULL, 1, '', '', 'Réglement de la vente Par Prospection/livraison N°BVE/18062020-E8D668', 0, 0, 4, 1, 1, NULL, NULL, 0, '2020-06-18 14:47:43', '2020-06-18 14:47:43', 0, 1),
(69, 'RGC/25062020-374A95', 1, 70, NULL, 1, '', '', 'Réglement de la vente Par Prospection/livraison N°BVE/18062020-81D3A5', 0, 0, 4, 1, 1, NULL, NULL, 0, '2020-06-18 16:36:47', '2020-06-18 16:36:47', 0, 1),
(70, 'RGC/25062020-375317', 1, 71, NULL, 1, '', '', 'Réglement de la vente Par Prospection/livraison N°BVE/18062020-03E24A', 0, 0, 4, 1, 1, NULL, NULL, 0, '2020-06-18 17:11:26', '2020-06-18 17:11:26', 0, 1),
(71, 'RGC/25062020-375A98', 1, 72, 1, 1, '', '', 'Réglement de la vente Directe N°BVE/18062020-605EF4', 0, 0, 4, 1, 1, NULL, NULL, 0, '2020-06-18 17:36:06', '2020-06-18 17:36:06', 0, 1),
(72, 'RGC/25062020-3769E3', 1, 73, 1, 1, '', '', 'Réglement de la vente Directe N°BVE/18062020-76144F', 0, 0, 4, 1, 1, NULL, NULL, 0, '2020-06-18 17:41:53', '2020-06-18 17:41:53', 0, 1),
(73, 'RGC/25062020-3775DE', 1, 74, 1, 1, '', '', 'Réglement de la vente Directe N°BVE/19062020-3BC727', 0, 0, 4, 1, 1, NULL, NULL, 0, '2020-06-19 17:19:56', '2020-06-19 17:19:56', 0, 1),
(74, 'RGC/25062020-378C72', 1, 75, NULL, 1, '', '', 'Réglement de la vente Par Prospection/livraison N°BVE/19062020-6BDA45', 0, 0, 4, 1, 1, NULL, NULL, 0, '2020-06-19 17:32:46', '2020-06-19 17:32:46', 0, 1),
(75, 'RGC/25062020-3798BF', 1, 76, NULL, 1, '', '', 'Réglement de la vente Par Prospection/livraison N°BVE/19062020-6F3C14', 0, 0, 4, 1, 1, NULL, NULL, 0, '2020-06-19 17:33:40', '2020-06-19 17:33:40', 0, 1),
(76, 'RGC/25062020-37ABAA', 1, 77, NULL, 1, '', '', 'Réglement de la vente Par Prospection/livraison N°BVE/19062020-731583', 0, 0, 4, 1, 1, NULL, NULL, 0, '2020-06-19 17:34:43', '2020-06-19 17:34:43', 0, 1),
(77, 'RGC/25062020-37B77A', 1, 78, NULL, 1, '', '', 'Réglement de la vente Par Prospection/livraison N°BVE/20062020-1C4A85', 0, 0, 4, 1, 1, NULL, NULL, 0, '2020-06-20 11:23:50', '2020-06-20 11:23:50', 0, 1),
(78, 'RGC/25062020-37C2D6', 1, 79, NULL, 1, '', '', 'Réglement de la vente Par Prospection/livraison N°BVE/20062020-B56163', 0, 0, 4, 1, 1, NULL, NULL, 0, '2020-06-20 12:04:39', '2020-06-20 12:04:39', 0, 1),
(79, 'RGC/25062020-37C798', 1, 80, NULL, 1, '', '', 'Réglement de la vente Par Prospection/livraison N°BVE/20062020-5ECD84', 0, 0, 4, 1, 1, NULL, NULL, 0, '2020-06-20 15:06:22', '2020-06-20 15:06:22', 0, 1),
(80, 'RGC/25062020-37D03D', 1, 81, NULL, 1, '', '', 'Réglement de la vente Par Prospection/livraison N°BVE/20062020-EA93E3', 0, 0, 4, 1, 1, NULL, NULL, 0, '2020-06-20 15:43:39', '2020-06-20 15:43:39', 0, 1),
(81, 'RGC/25062020-37D82B', 1, 82, 1, 1, '', '', 'Réglement de la vente Directe N°BVE/20062020-2D1E7F', 0, 0, 4, 1, 1, NULL, NULL, 0, '2020-06-20 16:01:22', '2020-06-20 16:01:22', 0, 1),
(82, 'RGC/25062020-37E136', 1, 83, NULL, 1, '', '', 'Réglement de la vente Par Prospection/livraison N°BVE/20062020-31F987', 0, 0, 4, 1, 1, NULL, NULL, 0, '2020-06-20 17:10:56', '2020-06-20 17:10:56', 0, 1),
(83, 'RGC/25062020-37EBB0', 1, 84, NULL, 1, '', '', 'Réglement de la vente Par Prospection/livraison N°BVE/20062020-634546', 0, 0, 4, 1, 1, NULL, NULL, 0, '2020-06-20 17:24:04', '2020-06-20 17:24:04', 0, 1),
(84, 'RGC/25062020-37F807', 1, 85, NULL, 1, '', '', 'Réglement de la vente Par Prospection/livraison N°BVE/22062020-0856FB', 0, 0, 4, 1, 1, NULL, NULL, 0, '2020-06-22 12:13:57', '2020-06-22 12:13:57', 0, 1),
(85, 'RGC/25062020-380AE0', 1, 86, 1, 1, '', '', 'Réglement de la vente Directe N°BVE/22062020-FAC84B', 0, 0, 4, 1, 1, NULL, NULL, 0, '2020-06-22 15:35:08', '2020-06-22 15:35:08', 0, 1),
(86, 'RGC/25062020-381139', 1, 87, 1, 1, '', '', 'Réglement de la vente Directe N°BVE/22062020-D9E9FA', 0, 0, 4, 1, 1, NULL, NULL, 0, '2020-06-22 17:42:54', '2020-06-22 17:42:54', 0, 1),
(87, 'RGC/25062020-38165A', 1, 88, 1, 1, '', '', 'Réglement de la vente Directe N°BVE/22062020-133179', 0, 0, 4, 1, 1, NULL, NULL, 0, '2020-06-22 17:58:11', '2020-06-22 17:58:11', 0, 1),
(88, 'RGC/25062020-381BC5', 1, 89, NULL, 1, '', '', 'Réglement de la vente Par Prospection/livraison N°BVE/22062020-1870FC', 0, 0, 4, 1, 1, NULL, NULL, 0, '2020-06-22 17:59:35', '2020-06-22 17:59:35', 0, 1),
(89, 'RGC/25062020-382B0B', 1, 90, 1, 1, '', '', 'Réglement de la vente Directe N°BVE/22062020-4F849B', 0, 0, 4, 1, 1, NULL, NULL, 0, '2020-06-22 18:14:16', '2020-06-22 18:14:16', 0, 1),
(90, 'RGC/25062020-3845E9', 1, 91, 1, 1, '', '', 'Réglement de la vente Directe N°BVE/22062020-7B6633', 0, 0, 4, 1, 1, NULL, NULL, 0, '2020-06-22 18:25:59', '2020-06-22 18:25:59', 0, 1),
(91, 'RGC/25062020-3856E8', 2, 92, NULL, 1, '', '', 'Reglement de la dette du client mme ngué d\'un montant de 5 500 Fcfa', 0, 0, 4, 1, 1, NULL, NULL, 0, '2020-06-23 09:23:42', '2020-06-23 09:23:42', 0, 1),
(92, 'RGC/25062020-3861B4', 1, 93, 1, 1, '', '', 'Réglement de la vente Directe N°BVE/23062020-B542AB', 0, 0, 4, 1, 1, NULL, NULL, 0, '2020-06-23 09:28:53', '2020-06-23 09:28:53', 0, 1),
(93, 'RGC/25062020-38671A', 1, 94, NULL, 1, '', '', 'Réglement de la vente Par Prospection/livraison N°BVE/23062020-55E9C8', 0, 0, 4, 1, 1, NULL, NULL, 0, '2020-06-23 10:11:43', '2020-06-23 10:11:43', 0, 1),
(94, 'RGC/25062020-38734E', 1, 95, NULL, 1, '', '', 'Réglement de la vente Par Prospection/livraison N°BVE/23062020-BA7F18', 0, 0, 4, 1, 1, NULL, NULL, 0, '2020-06-23 11:46:50', '2020-06-23 11:46:50', 0, 1),
(95, 'RGC/25062020-3882EB', 1, 96, 1, 1, '', '', 'Réglement de la vente Directe N°BVE/23062020-F5BAC3', 0, 0, 4, 1, 1, NULL, NULL, 0, '2020-06-23 13:10:52', '2020-06-23 13:10:52', 0, 1),
(96, 'RGC/25062020-389455', 1, 97, 1, 1, '', '', 'Réglement de la vente Directe N°BVE/23062020-FF61FC', 0, 0, 4, 1, 1, NULL, NULL, 0, '2020-06-23 13:13:26', '2020-06-23 13:13:26', 0, 1),
(97, 'RGC/25062020-38A86E', 1, 98, NULL, 1, '', '', 'Réglement de la vente Par Prospection/livraison N°BVE/23062020-3432E7', 0, 0, 4, 1, 1, NULL, NULL, 0, '2020-06-23 13:27:32', '2020-06-23 13:27:32', 0, 1),
(98, 'RGC/25062020-38B79A', 5, 99, NULL, 1, '', '', 'Reglement de la dette du client mr malo d\'un montant de 10 000 Fcfa', 0, 2600, 4, 1, 1, NULL, NULL, 0, '2020-06-23 13:35:30', '2020-06-23 13:35:30', 0, 1),
(99, 'RGC/25062020-38BB48', 1, 100, 1, 1, '', '', 'Réglement de la vente Directe N°BVE/23062020-31D6C6', 0, 0, 4, 1, 1, NULL, NULL, 0, '2020-06-23 16:51:41', '2020-06-23 16:51:41', 0, 1),
(100, 'RGC/25062020-38C7D8', 3, 101, NULL, 1, '', '', 'Reglement de la dette du client cyrille d\'un montant de 22 000 Fcfa', 0, 0, 4, 1, 1, NULL, NULL, 0, '2020-06-23 17:17:55', '2020-06-23 17:17:55', 0, 1),
(101, 'RGC/25062020-38CE65', 1, 102, 1, 1, '', '', 'Réglement de la vente Directe N°BVE/23062020-C6AA22', 0, 0, 4, 1, 1, NULL, NULL, 0, '2020-06-23 17:31:22', '2020-06-23 17:31:22', 0, 1),
(102, 'RGC/25062020-38D48F', 4, 103, NULL, 1, '', '', 'Reglement de la dette du client casmir d\'un montant de 1 000 Fcfa', 0, 0, 4, 1, 1, NULL, NULL, 0, '2020-06-23 17:34:24', '2020-06-23 17:34:24', 0, 1),
(103, 'RGC/25062020-38DB5C', 5, 104, NULL, 1, '', '', 'Reglement de la dette du client mr malo d\'un montant de 2 600 Fcfa', 0, 0, 4, 1, 1, NULL, NULL, 0, '2020-06-23 17:35:28', '2020-06-23 17:35:28', 0, 1),
(104, 'RGC/25062020-38DDE1', 1, 105, NULL, 1, '', '', 'Réglement de la vente Par Prospection/livraison N°BVE/24062020-FE68A8', 0, 0, 4, 1, 1, NULL, NULL, 0, '2020-06-24 13:06:47', '2020-06-24 13:06:47', 0, 1),
(105, 'RGC/25062020-38E9EA', 1, 106, 1, 1, '', '', 'Réglement de la vente Directe N°BVE/24062020-A764CD', 0, 0, 4, 1, 1, NULL, NULL, 0, '2020-06-24 13:51:50', '2020-06-24 13:51:50', 0, 1),
(106, 'RGC/25062020-38F35D', 1, 107, 1, 1, '', '', 'Réglement de la vente Directe N°BVE/24062020-0E205A', 0, 0, 4, 1, 1, NULL, NULL, 0, '2020-06-24 17:44:02', '2020-06-24 17:44:02', 0, 1),
(107, 'RGC/25062020-38FC2B', 1, 108, NULL, 1, '', '', 'Réglement de la vente Par Prospection/livraison N°BVE/24062020-1E9B8B', 0, 0, 4, 1, 1, NULL, NULL, 0, '2020-06-24 17:48:26', '2020-06-24 17:48:26', 0, 1),
(108, 'RGC/25062020-390825', 1, 109, 1, 1, '', '', 'Réglement de la vente Directe N°BVE/24062020-6A56C9', 0, 0, 4, 1, 1, NULL, NULL, 0, '2020-06-24 18:08:37', '2020-06-24 18:08:37', 0, 1),
(109, 'RGC/25062020-391BE3', 1, 110, NULL, 1, '', '', 'Réglement de la vente Par Prospection/livraison N°BVE/24062020-790516', 0, 0, 4, 1, 1, NULL, NULL, 0, '2020-06-24 18:12:32', '2020-06-24 18:12:32', 0, 1),
(110, 'RGC/25062020-3924AD', 1, 111, 1, 1, '', '', 'Réglement de la vente Directe N°BVE/24062020-97B53B', 0, 0, 4, 1, 1, NULL, NULL, 0, '2020-06-24 18:20:43', '2020-06-24 18:20:43', 0, 1),
(111, 'RGC/25062020-3933ED', 1, 112, 1, 1, '', '', 'Réglement de la vente Directe N°BVE/25062020-733BA1', 0, 0, 4, 1, 1, NULL, NULL, 0, '2020-06-25 12:23:16', '2020-06-25 12:23:16', 0, 1),
(112, 'RGC/25062020-393CC1', 1, 113, NULL, 1, '', '', 'Réglement de la vente Par Prospection/livraison N°BVE/25062020-43F767', 0, 0, 4, 1, 1, NULL, NULL, 0, '2020-06-25 13:18:55', '2020-06-25 13:18:55', 0, 1),
(113, 'RGC/25062020-503F1A', 1, 167, 1, 1, '', '', 'Réglement de la vente Directe N°BVE/25062020-503B50', 0, 0, 4, 1, 2, NULL, NULL, 0, '2020-06-25 15:38:44', '2020-06-25 15:38:44', 0, 1),
(114, 'RGC/25062020-78598D', 1, 168, NULL, 1, '', '', 'Réglement de la vente Par Prospection/livraison N°BVE/25062020-784018', 0, 0, 4, 1, 2, NULL, NULL, 0, '2020-06-25 15:49:25', '2020-06-25 15:49:25', 0, 1),
(115, 'RGC/25062020-3AD080', 1, 170, NULL, 1, '', '', 'Réglement de la vente Par Prospection/livraison N°BVE/25062020-3AB400', 0, 0, 4, 1, 2, NULL, NULL, 0, '2020-06-25 17:49:33', '2020-06-25 17:49:33', 0, 1),
(116, 'RGC/26062020-D1A0C3', 1, 171, NULL, 1, '', '', 'Réglement de la vente Par Prospection/livraison N°BVE/26062020-D18B74', 0, 0, 4, 1, 2, NULL, NULL, 0, '2020-06-26 12:42:02', '2020-06-26 12:42:02', 0, 1),
(117, 'RGC/26062020-D7F460', 1, 172, NULL, 1, '', '', 'Réglement de la vente Par Prospection/livraison N°BVE/26062020-D7E2DB', 0, 0, 4, 1, 2, NULL, NULL, 0, '2020-06-26 12:43:43', '2020-06-26 12:43:43', 0, 1),
(118, 'RGC/26062020-5D8E1A', 1, 177, NULL, 1, '', '', 'Réglement de la vente Par Prospection/livraison N°BVE/26062020-5D81B9', 0, 0, 4, 1, 2, NULL, NULL, 0, '2020-06-26 17:52:24', '2020-06-26 17:52:24', 0, 1),
(119, 'RGC/30062020-4256D8', 1, 178, NULL, 1, '', '', 'Réglement de la vente Par Prospection/livraison N°BVE/30062020-424D2A', 0, 0, 4, 1, 2, NULL, NULL, 0, '2020-06-30 13:54:45', '2020-06-30 13:54:45', 0, 1),
(120, 'RGC/30062020-836A7A', 1, 179, 1, 1, '', '', 'Réglement de la vente Directe N°BVE/30062020-83570E', 0, 0, 4, 1, 2, NULL, NULL, 0, '2020-06-30 14:12:06', '2020-06-30 14:12:06', 0, 1),
(121, 'RGC/30062020-9AEEB9', 1, 180, NULL, 1, '', '', 'Réglement de la vente Par Prospection/livraison N°BVE/30062020-9ACEDF', 0, 0, 4, 1, 2, NULL, NULL, 0, '2020-06-30 14:18:23', '2020-06-30 14:18:23', 0, 1),
(122, 'RGC/30062020-0C6E80', 5, 181, NULL, 1, '', '', 'Réglement de la facture pour la commande N°BCO/30062020-0C5D17', 0, 0, 4, 1, 1, NULL, NULL, 0, '2020-06-30 14:48:38', '2020-06-30 14:48:38', 0, 1),
(123, 'RGC/30062020-12B6DC', 1, 182, NULL, 1, '', '', 'Réglement de la vente Par Prospection/livraison N°BVE/30062020-12A475', 0, 0, 4, 1, 1, NULL, NULL, 0, '2020-06-30 14:50:19', '2020-06-30 14:50:19', 0, 1),
(124, 'RGC/01072020-C1EB3B', 1, 185, NULL, 1, '', '', 'Réglement de la vente Par Prospection/livraison N°BVE/01072020-C1D4E7', 0, 0, 4, 1, 2, NULL, NULL, 0, '2020-07-01 14:22:22', '2020-07-01 14:22:22', 0, 1),
(125, 'RGC/02072020-DE4DF3', 1, 191, 1, 1, '', '', 'Réglement de la vente Directe N°BVE/02072020-DE34CB', 0, 0, 4, 1, 2, NULL, NULL, 0, '2020-07-02 16:40:04', '2020-07-02 16:40:04', 0, 1),
(126, 'RGC/02072020-4FC220', 1, 192, 1, 1, '', '', 'Réglement de la vente Directe N°BVE/02072020-4FBA8C', 0, 0, 4, 1, 2, NULL, NULL, 0, '2020-07-02 17:10:20', '2020-07-02 17:10:20', 0, 1),
(127, 'RGC/02072020-D76941', 1, 194, 1, 1, '', '', 'Réglement de la vente Directe N°BVE/02072020-D76656', 0, 0, 4, 1, 2, NULL, NULL, 0, '2020-07-02 18:54:46', '2020-07-02 18:54:46', 0, 1),
(128, 'RGC/05072020-EEA56E', 1, 196, 1, 1, '', '', 'Réglement de la vente Directe N°BVE/05072020-EE9B20', 0, 0, 4, 1, 2, NULL, NULL, 0, '2020-07-05 08:27:22', '2020-07-05 08:27:22', 0, 1),
(129, 'RGC/05072020-24CC25', 1, 197, NULL, 1, '', '', 'Réglement de la vente Par Prospection/livraison N°BVE/05072020-24A35A', 0, 0, 4, 1, 2, NULL, NULL, 0, '2020-07-05 08:41:48', '2020-07-05 08:41:48', 0, 1),
(130, 'RGC/05072020-48066C', 1, 198, 1, 1, '', '', 'Réglement de la vente Directe N°BVE/05072020-480249', 0, 0, 4, 1, 2, NULL, NULL, 0, '2020-07-05 08:51:12', '2020-07-05 08:51:12', 0, 1),
(131, 'RGC/06072020-6FB10C', 1, 199, 1, 1, '', '', 'Réglement de la vente Directe N°BVE/06072020-6FADAC', 0, 0, 4, 1, 2, NULL, NULL, 0, '2020-07-06 12:20:11', '2020-07-06 12:20:11', 0, 1),
(132, 'RGC/06072020-15721E', 1, 200, 1, 1, '', '', 'Réglement de la vente Directe N°BVE/06072020-156923', 0, 0, 4, 1, 2, NULL, NULL, 0, '2020-07-06 15:20:55', '2020-07-06 15:20:55', 0, 1),
(133, 'RGC/06072020-6B1D74', 1, 206, 1, 1, '', '', 'Réglement de la vente Directe N°BVE/06072020-6B150E', 0, 0, 4, 1, 2, NULL, NULL, 0, '2020-07-06 18:00:17', '2020-07-06 18:00:17', 0, 1),
(134, 'RGC/07072020-959E06', 1, 208, NULL, 1, '', '', 'Réglement de la vente Par Prospection/livraison N°BVE/07072020-958D5C', 0, 0, 4, 1, 2, NULL, NULL, 0, '2020-07-07 18:05:14', '2020-07-07 18:05:14', 0, 1),
(135, 'RGC/07072020-A368FC', 1, 210, NULL, 1, '', '', 'Réglement de la vente Par Prospection/livraison N°BVE/07072020-A35D64', 0, 0, 4, 1, 2, NULL, NULL, 0, '2020-07-07 18:08:54', '2020-07-07 18:08:54', 0, 1),
(136, 'RGC/08072020-120568', 1, 211, 1, 1, '', '', 'Réglement de la vente Directe N°BVE/08072020-11FA69', 0, 0, 4, 1, 2, NULL, NULL, 0, '2020-07-08 17:23:44', '2020-07-08 17:23:44', 0, 1),
(137, 'RGC/08072020-7E0045', 1, 212, 1, 1, '', '', 'Réglement de la vente Directe N°BVE/08072020-7DFC81', 0, 0, 4, 1, 2, NULL, NULL, 0, '2020-07-08 17:52:32', '2020-07-08 17:52:32', 0, 1),
(138, 'RGC/09072020-46710E', 1, 213, 1, 1, '', '', 'Réglement de la vente Directe N°BVE/09072020-4661B3', 0, 0, 4, 1, 1, NULL, NULL, 0, '2020-07-09 16:23:04', NULL, 0, 1),
(139, 'RGC/09072020-67590B', 1, 216, NULL, 1, '', '', 'Réglement de la vente Par Prospection/livraison N°BVE/09072020-6743B4', 0, 0, 4, 1, 1, NULL, NULL, 0, '2020-07-09 16:31:51', NULL, 0, 1);

-- --------------------------------------------------------

--
-- Structure de la table `reglementfournisseur`
--

CREATE TABLE `reglementfournisseur` (
  `id` int(11) NOT NULL,
  `reference` varchar(20) COLLATE utf8_bin NOT NULL,
  `fournisseur_id` int(11) NOT NULL,
  `mouvement_id` int(11) NOT NULL,
  `modepayement_id` int(11) NOT NULL,
  `structure` varchar(50) COLLATE utf8_bin DEFAULT NULL,
  `numero` varchar(50) COLLATE utf8_bin DEFAULT NULL,
  `comment` text COLLATE utf8_bin,
  `acompteFournisseur` int(11) NOT NULL,
  `detteFournisseur` int(11) NOT NULL,
  `etat_id` int(11) NOT NULL,
  `employe_id` int(11) NOT NULL,
  `date_approbation` datetime DEFAULT NULL,
  `image` text COLLATE utf8_bin,
  `isModified` int(11) NOT NULL,
  `created` datetime DEFAULT NULL,
  `modified` datetime DEFAULT NULL,
  `protected` int(11) NOT NULL DEFAULT '0',
  `valide` int(11) NOT NULL DEFAULT '1'
) ENGINE=InnoDB DEFAULT CHARSET=utf8 COLLATE=utf8_bin ROW_FORMAT=DYNAMIC;

--
-- Déchargement des données de la table `reglementfournisseur`
--

INSERT INTO `reglementfournisseur` (`id`, `reference`, `fournisseur_id`, `mouvement_id`, `modepayement_id`, `structure`, `numero`, `comment`, `acompteFournisseur`, `detteFournisseur`, `etat_id`, `employe_id`, `date_approbation`, `image`, `isModified`, `created`, `modified`, `protected`, `valide`) VALUES
(1, 'RGF/25062020-394B70', 2, 116, 1, '', '', 'Réglement de la facture d\'approvisionnement N°APP/03062020-AEA57B', 0, 0, 4, 1, NULL, NULL, 0, '2020-06-03 18:24:42', '2020-06-03 18:24:42', 0, 1),
(2, 'RGF/25062020-395364', 4, 117, 1, '', '', 'Réglement de la facture d\'approvisionnement N°APP/05062020-2B679C', 0, 0, 4, 1, NULL, NULL, 0, '2020-06-05 15:20:22', '2020-06-05 15:20:22', 0, 1),
(3, 'RGF/25062020-395AB5', 3, 118, 1, '', '', 'Réglement de la facture d\'approvisionnement N°APP/05062020-30841C', 0, 0, 4, 1, NULL, NULL, 0, '2020-06-05 15:21:43', '2020-06-05 15:21:43', 0, 1),
(4, 'RGF/25062020-3962BC', 5, 119, 1, '', '', 'Réglement de la facture d\'approvisionnement N°APP/05062020-39D995', 0, 0, 4, 1, NULL, NULL, 0, '2020-06-05 15:24:13', '2020-06-05 15:24:13', 0, 1),
(5, 'RGF/25062020-396CB2', 6, 120, 1, '', '', 'Réglement de la facture d\'approvisionnement N°APP/05062020-58991F', 0, 0, 4, 1, NULL, NULL, 0, '2020-06-05 15:32:25', '2020-06-05 15:32:25', 0, 1),
(6, 'RGF/25062020-397759', 1, 121, 1, '', '', 'Réglement de la facture d\'approvisionnement N°APP/05062020-612463', 0, 0, 4, 1, NULL, NULL, 0, '2020-06-05 15:34:42', '2020-06-05 15:34:42', 0, 1),
(7, 'RGF/25062020-397AEB', 5, 122, 1, '', '', 'Réglement de la facture d\'approvisionnement N°APP/05062020-6C265D', 0, 0, 4, 1, NULL, NULL, 0, '2020-06-05 15:37:38', '2020-06-05 15:37:38', 0, 1),
(8, 'RGF/01072020-394B70', 5, 187, 1, NULL, NULL, 'Réglement de la facture d\'approvisionnement N°APP/01072020-A4527D', 0, 0, 4, 2, NULL, NULL, 0, '2020-07-01 16:41:26', '2020-07-01 16:41:26', 0, 1),
(9, 'RGF/01072020-39AA70', 3, 188, 1, NULL, NULL, 'Réglement de la facture d\'approvisionnement N°APP/01072020-9E0C11', 0, 0, 4, 2, NULL, NULL, 0, '2020-07-01 16:41:26', '2020-07-01 16:41:26', 0, 1),
(10, 'RGF/01072020-3A9A70', 5, 189, 1, NULL, NULL, 'Réglement de la facture d\'approvisionnement N°APP/01072020-A4527D', 0, 0, 4, 2, NULL, NULL, 0, '2020-07-01 16:41:26', '2020-07-01 16:41:26', 0, 1),
(11, 'RGF/06072020-9DB1B3', 1, 201, 1, '', '', 'Réglement de la facture d\'approvisionnement N°APP/06072020-9DB6E0', 0, 0, 4, 2, NULL, NULL, 0, '2020-07-06 15:57:15', '2020-07-06 15:57:15', 0, 1);

-- --------------------------------------------------------

--
-- Structure de la table `ressource`
--

CREATE TABLE `ressource` (
  `id` int(11) NOT NULL,
  `produit_id` int(11) NOT NULL DEFAULT '0',
  `name` varchar(200) COLLATE utf8_bin NOT NULL,
  `unite` varchar(20) COLLATE utf8_bin DEFAULT NULL,
  `abbr` varchar(20) COLLATE utf8_bin NOT NULL,
  `stock` int(11) DEFAULT NULL,
  `image` varchar(50) COLLATE utf8_bin DEFAULT NULL,
  `created` datetime DEFAULT NULL,
  `modified` datetime DEFAULT NULL,
  `protected` int(11) NOT NULL DEFAULT '0',
  `valide` int(11) NOT NULL DEFAULT '1'
) ENGINE=InnoDB DEFAULT CHARSET=utf8 COLLATE=utf8_bin;

--
-- Déchargement des données de la table `ressource`
--

INSERT INTO `ressource` (`id`, `produit_id`, `name`, `unite`, `abbr`, `stock`, `image`, `created`, `modified`, `protected`, `valide`) VALUES
(1, 0, 'Fruits de passion', 'kilos', 'Kg', 0, 'default.png', '2020-06-02 16:36:48', '2020-06-02 16:36:48', 0, 1),
(2, 0, 'Feuille de bissap', 'kilos', 'Kg', 0, 'default.png', '2020-06-03 18:32:30', '2020-06-03 18:32:30', 0, 1),
(3, 0, 'baobab', 'kilos', 'Kg', 0, 'default.png', '2020-06-03 18:33:19', '2020-06-03 18:33:19', 0, 1),
(4, 0, 'Tamarin', 'kilos', 'Kg', 0, 'default.png', '2020-06-03 18:43:39', '2020-06-03 18:43:39', 0, 1),
(5, 0, 'Sucre blanc', 'kilos', 'Kg', 0, 'default.png', '2020-06-03 18:44:27', '2020-06-03 18:44:27', 0, 1),
(6, 0, 'Sucre roux', 'kilos', 'Kg', 0, 'default.png', '2020-06-03 18:44:55', '2020-06-03 18:44:55', 0, 1),
(7, 0, 'Citron', 'kilos', 'Kg', 0, 'default.png', '2020-06-03 18:45:28', '2020-06-03 18:45:28', 0, 1),
(8, 0, 'Gimgembre', 'kilos', 'Kg', 0, 'default.png', '2020-06-05 15:18:18', '2020-06-05 15:18:18', 0, 1),
(9, 0, 'bidon 1L', 'Unité', 'b', 0, 'default.png', '2020-06-05 15:25:38', '2020-06-05 15:25:38', 0, 1),
(10, 0, 'bidon 0.25L', 'Unité', 'b', 0, 'default.png', '2020-06-05 15:26:10', '2020-06-05 15:26:10', 0, 1),
(11, 0, 'bidon 0.5L', 'Unité', 'b', 0, 'default.png', '2020-06-05 15:26:45', '2020-06-05 15:26:45', 0, 1);

-- --------------------------------------------------------

--
-- Structure de la table `role`
--

CREATE TABLE `role` (
  `id` int(11) NOT NULL,
  `name` varchar(200) COLLATE utf8_bin NOT NULL,
  `description` text COLLATE utf8_bin,
  `created` datetime DEFAULT NULL,
  `modified` datetime DEFAULT NULL,
  `protected` int(11) NOT NULL DEFAULT '0',
  `valide` int(11) NOT NULL DEFAULT '1'
) ENGINE=InnoDB DEFAULT CHARSET=utf8 COLLATE=utf8_bin;

--
-- Déchargement des données de la table `role`
--

INSERT INTO `role` (`id`, `name`, `description`, `created`, `modified`, `protected`, `valide`) VALUES
(1, 'master', NULL, '2020-06-02 10:39:06', '2020-06-02 10:39:06', 1, 1),
(2, 'production', NULL, '2020-06-02 10:39:06', '2020-06-02 10:39:06', 1, 1),
(3, 'caisse', NULL, '2020-06-02 10:39:06', '2020-06-02 10:39:06', 1, 1),
(4, 'parametres', NULL, '2020-06-02 10:39:06', '2020-06-02 10:39:06', 1, 1),
(5, 'paye des manoeuvre', NULL, '2020-06-02 10:39:06', '2020-06-02 10:39:06', 1, 1),
(6, 'modifier-supprimer', NULL, '2020-06-02 10:39:06', '2020-06-02 10:39:06', 1, 1),
(7, 'archives', NULL, '2020-06-02 10:39:06', '2020-06-02 10:39:06', 1, 1),
(8, 'ventes', NULL, NULL, NULL, 0, 1),
(9, 'rapports', NULL, NULL, NULL, 0, 1);

-- --------------------------------------------------------

--
-- Structure de la table `role_employe`
--

CREATE TABLE `role_employe` (
  `id` int(11) NOT NULL,
  `role_id` int(11) NOT NULL,
  `employe_id` int(11) NOT NULL,
  `created` datetime DEFAULT NULL,
  `modified` datetime DEFAULT NULL,
  `protected` int(11) NOT NULL DEFAULT '0',
  `valide` int(11) NOT NULL DEFAULT '1'
) ENGINE=InnoDB DEFAULT CHARSET=utf8 COLLATE=utf8_bin;

--
-- Déchargement des données de la table `role_employe`
--

INSERT INTO `role_employe` (`id`, `role_id`, `employe_id`, `created`, `modified`, `protected`, `valide`) VALUES
(1, 1, 1, '2020-06-02 10:39:07', '2020-06-02 10:39:07', 1, 1),
(2, 2, 1, '2020-06-02 10:39:07', '2020-06-02 10:39:07', 1, 1),
(3, 3, 1, '2020-06-02 10:39:07', '2020-06-02 10:39:07', 1, 1),
(4, 4, 1, '2020-06-02 10:39:07', '2020-06-02 10:39:07', 1, 1),
(5, 5, 1, '2020-06-02 10:39:07', '2020-06-02 10:39:07', 1, 1),
(6, 6, 1, '2020-06-02 10:39:07', '2020-06-02 10:39:07', 1, 1),
(7, 7, 1, '2020-06-02 10:39:08', '2020-06-02 10:39:08', 1, 1),
(8, 1, 2, '2020-06-02 10:54:45', '2020-06-02 10:54:45', 1, 1),
(9, 2, 2, '2020-06-02 10:56:11', '2020-06-02 10:56:11', 0, 1),
(11, 1, 3, '2020-06-03 18:18:25', '2020-06-03 18:18:25', 1, 1),
(12, 2, 3, '2020-06-03 18:21:32', '2020-06-03 18:21:32', 0, 1),
(13, 3, 3, '2020-06-03 18:21:32', '2020-06-03 18:21:32', 0, 1),
(14, 4, 3, '2020-06-03 18:21:34', '2020-06-03 18:21:34', 0, 1),
(15, 5, 3, '2020-06-03 18:21:35', '2020-06-03 18:21:35', 0, 1),
(16, 6, 3, '2020-06-03 18:21:37', '2020-06-03 18:21:37', 0, 1),
(17, 7, 3, '2020-06-03 18:21:39', '2020-06-03 18:21:39', 0, 1),
(18, 8, 3, '2020-06-09 10:54:28', '2020-06-09 10:54:28', 0, 1),
(19, 9, 3, '2020-06-09 10:54:30', '2020-06-09 10:54:30', 0, 1),
(20, 9, 2, '2020-06-09 10:54:32', '2020-06-09 10:54:32', 0, 1),
(21, 8, 2, '2020-06-09 10:54:34', '2020-06-09 10:54:34', 0, 1),
(22, 8, 1, '2020-06-09 10:54:36', '2020-06-09 10:54:36', 0, 1),
(23, 9, 1, '2020-06-09 10:54:38', '2020-06-09 10:54:38', 0, 1),
(24, 3, 2, '2020-06-09 15:21:03', '2020-06-09 15:21:03', 0, 1),
(25, 6, 2, '2020-06-10 16:31:15', '2020-06-10 16:31:15', 0, 1),
(26, 1, 4, '2020-06-15 18:02:03', '2020-06-15 18:02:03', 1, 1),
(27, 3, 4, '2020-06-15 18:04:17', '2020-06-15 18:04:17', 0, 1),
(28, 8, 4, '2020-06-15 18:04:20', '2020-06-15 18:04:20', 0, 1),
(29, 9, 4, '2020-06-15 18:04:24', '2020-06-15 18:04:24', 0, 1),
(30, 2, 4, '2020-06-15 18:04:26', '2020-06-15 18:04:26', 0, 1);

-- --------------------------------------------------------

--
-- Structure de la table `sexe`
--

CREATE TABLE `sexe` (
  `id` int(11) NOT NULL,
  `name` varchar(15) COLLATE utf8_bin NOT NULL,
  `abreviation` varchar(11) COLLATE utf8_bin NOT NULL,
  `icon` varchar(50) COLLATE utf8_bin NOT NULL,
  `protected` int(11) NOT NULL DEFAULT '1',
  `valide` int(11) NOT NULL DEFAULT '1'
) ENGINE=InnoDB DEFAULT CHARSET=utf8 COLLATE=utf8_bin;

--
-- Déchargement des données de la table `sexe`
--

INSERT INTO `sexe` (`id`, `name`, `abreviation`, `icon`, `protected`, `valide`) VALUES
(1, 'Homme', 'H', 'fa fa-venus-mars', 1, 1),
(2, 'Femme', 'F', 'fa fa-venus-mars', 1, 1);

-- --------------------------------------------------------

--
-- Structure de la table `suggestion`
--

CREATE TABLE `suggestion` (
  `id` int(11) NOT NULL,
  `ticket` varchar(10) COLLATE utf8_bin NOT NULL,
  `typesuggestion_id` int(11) NOT NULL,
  `title` varchar(200) COLLATE utf8_bin NOT NULL,
  `description` text COLLATE utf8_bin NOT NULL,
  `etat_id` int(11) NOT NULL,
  `date_approuve` datetime DEFAULT NULL,
  `gestionnaire_id` int(11) DEFAULT NULL,
  `carplan_id` int(11) DEFAULT NULL,
  `prestataire_id` int(11) DEFAULT NULL,
  `utilisateur_id` int(11) DEFAULT NULL,
  `created` datetime DEFAULT NULL,
  `modified` datetime DEFAULT NULL,
  `protected` int(11) NOT NULL DEFAULT '0',
  `valide` int(11) NOT NULL DEFAULT '1'
) ENGINE=InnoDB DEFAULT CHARSET=utf8 COLLATE=utf8_bin;

-- --------------------------------------------------------

--
-- Structure de la table `transaction`
--

CREATE TABLE `transaction` (
  `id` int(11) NOT NULL,
  `comptebanque_id_source` int(11) NOT NULL,
  `comptebanque_id_destination` int(11) NOT NULL,
  `montant` int(11) NOT NULL,
  `comment` text COLLATE utf8_bin,
  `created` datetime DEFAULT NULL,
  `modified` datetime DEFAULT NULL,
  `protected` int(11) NOT NULL DEFAULT '0',
  `valide` int(11) NOT NULL DEFAULT '1'
) ENGINE=InnoDB DEFAULT CHARSET=utf8 COLLATE=utf8_bin ROW_FORMAT=DYNAMIC;

-- --------------------------------------------------------

--
-- Structure de la table `typeamortissement`
--

CREATE TABLE `typeamortissement` (
  `id` int(11) NOT NULL,
  `name` varchar(200) COLLATE utf8_bin NOT NULL,
  `created` datetime DEFAULT NULL,
  `modified` datetime DEFAULT NULL,
  `protected` int(11) NOT NULL DEFAULT '0',
  `valide` int(11) NOT NULL DEFAULT '1'
) ENGINE=InnoDB DEFAULT CHARSET=utf8 COLLATE=utf8_bin ROW_FORMAT=DYNAMIC;

--
-- Déchargement des données de la table `typeamortissement`
--

INSERT INTO `typeamortissement` (`id`, `name`, `created`, `modified`, `protected`, `valide`) VALUES
(1, 'Amortissement linéaire', '2020-06-25 14:20:29', '2020-06-25 14:20:29', 1, 1),
(2, 'Amortissement dégressif', '2020-06-25 14:20:29', '2020-06-25 14:20:29', 1, 1);

-- --------------------------------------------------------

--
-- Structure de la table `typeapprovisionnement`
--

CREATE TABLE `typeapprovisionnement` (
  `id` int(11) NOT NULL,
  `name` varchar(200) COLLATE utf8_bin NOT NULL,
  `created` datetime DEFAULT NULL,
  `modified` datetime DEFAULT NULL,
  `protected` int(11) NOT NULL DEFAULT '0',
  `valide` int(11) NOT NULL DEFAULT '1'
) ENGINE=InnoDB DEFAULT CHARSET=utf8 COLLATE=utf8_bin ROW_FORMAT=DYNAMIC;

-- --------------------------------------------------------

--
-- Structure de la table `typebareme`
--

CREATE TABLE `typebareme` (
  `id` int(11) NOT NULL,
  `name` varchar(200) COLLATE utf8_bin NOT NULL,
  `created` datetime DEFAULT NULL,
  `modified` datetime DEFAULT NULL,
  `protected` int(11) NOT NULL DEFAULT '0',
  `valide` int(11) NOT NULL DEFAULT '1'
) ENGINE=InnoDB DEFAULT CHARSET=utf8 COLLATE=utf8_bin ROW_FORMAT=DYNAMIC;

--
-- Déchargement des données de la table `typebareme`
--

INSERT INTO `typebareme` (`id`, `name`, `created`, `modified`, `protected`, `valide`) VALUES
(1, 'Prix normal de boutique', '2020-07-01 16:07:03', '2020-07-01 16:07:03', 1, 1),
(2, 'Prix de gros', '2020-07-01 16:07:03', '2020-07-01 16:07:03', 1, 1);

-- --------------------------------------------------------

--
-- Structure de la table `typebareme`
--

CREATE TABLE `typebareme` (
  `id` int(11) NOT NULL,
  `name` varchar(200) COLLATE utf8_bin NOT NULL,
  `created` datetime DEFAULT NULL,
  `modified` datetime DEFAULT NULL,
  `protected` int(11) NOT NULL DEFAULT '0',
  `valide` int(11) NOT NULL DEFAULT '1'
) ENGINE=InnoDB DEFAULT CHARSET=utf8 COLLATE=utf8_bin ROW_FORMAT=DYNAMIC;

-- --------------------------------------------------------

--
-- Structure de la table `typebien`
--

CREATE TABLE `typebien` (
  `id` int(11) NOT NULL,
  `name` varchar(200) COLLATE utf8_bin NOT NULL,
  `min` int(11) NOT NULL DEFAULT '0',
  `max` int(11) NOT NULL DEFAULT '0',
  `created` datetime DEFAULT NULL,
  `modified` datetime DEFAULT NULL,
  `protected` int(11) NOT NULL DEFAULT '0',
  `valide` int(11) NOT NULL DEFAULT '1'
) ENGINE=InnoDB DEFAULT CHARSET=utf8 COLLATE=utf8_bin ROW_FORMAT=DYNAMIC;

--
-- Déchargement des données de la table `typebien`
--

INSERT INTO `typebien` (`id`, `name`, `min`, `max`, `created`, `modified`, `protected`, `valide`) VALUES
(1, 'Magasin / Entrepot / Usine', 15, 50, '2020-06-25 14:20:30', '2020-06-25 14:20:30', 1, 1),
(2, 'Meubles / Mobiliers', 5, 10, '2020-06-25 14:20:30', '2020-06-25 14:20:30', 1, 1),
(3, 'Véhicules', 3, 5, '2020-06-25 14:20:30', '2020-06-25 14:20:30', 1, 1),
(4, 'Materiels industriels / Outillages', 5, 10, '2020-06-25 14:20:30', '2020-06-25 14:20:30', 1, 1),
(5, 'Materiels informatiques', 2, 5, '2020-06-25 14:20:30', '2020-06-25 14:20:30', 1, 1),
(6, 'Brevets', 3, 5, '2020-06-25 14:20:30', '2020-06-25 14:20:30', 1, 1),
(7, 'Logiciels / Sites internet', 2, 3, '2020-06-25 14:20:30', '2020-06-25 14:20:30', 1, 1);

-- --------------------------------------------------------

--
-- Structure de la table `typeclient`
--

CREATE TABLE `typeclient` (
  `id` int(11) NOT NULL,
  `name` varchar(200) COLLATE utf8_bin NOT NULL,
  `created` datetime DEFAULT NULL,
  `modified` datetime DEFAULT NULL,
  `protected` int(11) NOT NULL DEFAULT '0',
  `valide` int(11) NOT NULL DEFAULT '1'
) ENGINE=InnoDB DEFAULT CHARSET=utf8 COLLATE=utf8_bin;

--
-- Déchargement des données de la table `typeclient`
--

INSERT INTO `typeclient` (`id`, `name`, `created`, `modified`, `protected`, `valide`) VALUES
(1, 'Entreprise', '2020-06-02 10:39:06', '2020-06-02 10:39:06', 1, 1),
(2, 'Particulier', '2020-06-02 10:39:06', '2020-06-02 10:39:06', 1, 1);

-- --------------------------------------------------------

--
-- Structure de la table `typeentretienvehicule`
--

CREATE TABLE `typeentretienvehicule` (
  `id` int(11) NOT NULL,
  `name` varchar(200) COLLATE utf8_bin NOT NULL,
  `created` datetime DEFAULT NULL,
  `modified` datetime DEFAULT NULL,
  `protected` int(11) NOT NULL DEFAULT '0',
  `valide` int(11) NOT NULL DEFAULT '1'
) ENGINE=InnoDB DEFAULT CHARSET=utf8 COLLATE=utf8_bin;

--
-- Déchargement des données de la table `typeentretienvehicule`
--

INSERT INTO `typeentretienvehicule` (`id`, `name`, `created`, `modified`, `protected`, `valide`) VALUES
(1, 'Accrochage', '2020-06-02 10:39:05', '2020-06-02 10:39:05', 1, 1),
(2, 'Crevaison', '2020-06-02 10:39:05', '2020-06-02 10:39:05', 1, 1),
(3, 'Autre', '2020-06-02 10:39:05', '2020-06-02 10:39:05', 1, 1);

-- --------------------------------------------------------

--
-- Structure de la table `typeimmobilisation`
--

CREATE TABLE `typeimmobilisation` (
  `id` int(11) NOT NULL,
  `name` varchar(200) COLLATE utf8_bin NOT NULL,
  `created` datetime DEFAULT NULL,
  `modified` datetime DEFAULT NULL,
  `protected` int(11) NOT NULL DEFAULT '0',
  `valide` int(11) NOT NULL DEFAULT '1'
) ENGINE=InnoDB DEFAULT CHARSET=utf8 COLLATE=utf8_bin ROW_FORMAT=DYNAMIC;

--
-- Déchargement des données de la table `typeimmobilisation`
--

INSERT INTO `typeimmobilisation` (`id`, `name`, `created`, `modified`, `protected`, `valide`) VALUES
(1, 'Immobilisation corporelle', '2020-06-25 14:20:30', '2020-06-25 14:20:30', 1, 1),
(2, 'Immobilisation incorporelle', '2020-06-25 14:20:30', '2020-06-25 14:20:30', 1, 1),
(3, 'Immobilisation financière', '2020-06-25 14:20:30', '2020-06-25 14:20:30', 1, 1);

-- --------------------------------------------------------

--
-- Structure de la table `typemouvement`
--

CREATE TABLE `typemouvement` (
  `id` int(11) NOT NULL,
  `name` varchar(200) COLLATE utf8_bin NOT NULL,
  `created` datetime DEFAULT NULL,
  `modified` datetime DEFAULT NULL,
  `protected` int(11) NOT NULL DEFAULT '0',
  `valide` int(11) NOT NULL DEFAULT '1'
) ENGINE=InnoDB DEFAULT CHARSET=utf8 COLLATE=utf8_bin ROW_FORMAT=DYNAMIC;

--
-- Déchargement des données de la table `typemouvement`
--

INSERT INTO `typemouvement` (`id`, `name`, `created`, `modified`, `protected`, `valide`) VALUES
(1, 'Dépôt', '2020-06-25 14:20:28', '2020-06-25 14:20:28', 1, 1),
(2, 'Retrait', '2020-06-25 14:20:29', '2020-06-25 14:20:29', 1, 1);

-- --------------------------------------------------------

--
-- Structure de la table `typeoperationcaisse`
--

CREATE TABLE `typeoperationcaisse` (
  `id` int(11) NOT NULL,
  `name` varchar(200) COLLATE utf8_bin NOT NULL,
  `created` datetime DEFAULT NULL,
  `modified` datetime DEFAULT NULL,
  `protected` int(11) NOT NULL DEFAULT '0',
  `valide` int(11) NOT NULL DEFAULT '1'
) ENGINE=InnoDB DEFAULT CHARSET=utf8 COLLATE=utf8_bin;

--
-- Déchargement des données de la table `typeoperationcaisse`
--

INSERT INTO `typeoperationcaisse` (`id`, `name`, `created`, `modified`, `protected`, `valide`) VALUES
(1, 'Entrée de caisse', '2020-06-02 10:39:05', '2020-06-02 10:39:05', 1, 1),
(2, 'Sortie de caisse', '2020-06-02 10:39:05', '2020-06-02 10:39:05', 1, 1);

-- --------------------------------------------------------

--
-- Structure de la table `typeprestataire`
--

CREATE TABLE `typeprestataire` (
  `id` int(11) NOT NULL,
  `name` varchar(200) COLLATE utf8_bin NOT NULL,
  `created` datetime DEFAULT NULL,
  `modified` datetime DEFAULT NULL,
  `protected` int(11) NOT NULL DEFAULT '0',
  `valide` int(11) NOT NULL DEFAULT '1'
) ENGINE=InnoDB DEFAULT CHARSET=utf8 COLLATE=utf8_bin;

--
-- Déchargement des données de la table `typeprestataire`
--

INSERT INTO `typeprestataire` (`id`, `name`, `created`, `modified`, `protected`, `valide`) VALUES
(1, 'standart', '2020-06-02 10:39:08', '2020-06-02 10:39:08', 1, 1);

-- --------------------------------------------------------

--
-- Structure de la table `typeprospection`
--

CREATE TABLE `typeprospection` (
  `id` int(11) NOT NULL,
  `name` varchar(200) COLLATE utf8_bin NOT NULL,
  `created` datetime DEFAULT NULL,
  `modified` datetime DEFAULT NULL,
  `protected` int(11) NOT NULL DEFAULT '0',
  `valide` int(11) NOT NULL DEFAULT '1'
) ENGINE=InnoDB DEFAULT CHARSET=utf8 COLLATE=utf8_bin;

--
-- Déchargement des données de la table `typeprospection`
--

INSERT INTO `typeprospection` (`id`, `name`, `created`, `modified`, `protected`, `valide`) VALUES
(1, 'Prospection par commercial', '2020-06-02 10:39:05', '2020-06-02 10:39:05', 1, 1),
(2, 'livraison de commande', '2020-06-02 10:39:05', '2020-06-02 10:39:05', 1, 1),
(3, 'Vente en cave', '2020-07-02 13:56:51', '2020-07-02 13:56:51', 1, 1);

-- --------------------------------------------------------

--
-- Structure de la table `typesuggestion`
--

CREATE TABLE `typesuggestion` (
  `id` int(11) NOT NULL,
  `name` varchar(200) COLLATE utf8_bin NOT NULL,
  `created` datetime DEFAULT NULL,
  `modified` datetime DEFAULT NULL,
  `protected` int(11) NOT NULL DEFAULT '0',
  `valide` int(11) NOT NULL DEFAULT '1'
) ENGINE=InnoDB DEFAULT CHARSET=utf8 COLLATE=utf8_bin;

--
-- Déchargement des données de la table `typesuggestion`
--

INSERT INTO `typesuggestion` (`id`, `name`, `created`, `modified`, `protected`, `valide`) VALUES
(1, 'standart', '2020-06-02 10:39:08', '2020-06-02 10:39:08', 1, 1);

-- --------------------------------------------------------

--
-- Structure de la table `typetransmission`
--

CREATE TABLE `typetransmission` (
  `id` int(11) NOT NULL,
  `name` varchar(200) COLLATE utf8_bin NOT NULL,
  `created` datetime DEFAULT NULL,
  `modified` datetime DEFAULT NULL,
  `protected` int(11) NOT NULL DEFAULT '0',
  `valide` int(11) NOT NULL DEFAULT '1'
) ENGINE=InnoDB DEFAULT CHARSET=utf8 COLLATE=utf8_bin;

--
-- Déchargement des données de la table `typetransmission`
--

INSERT INTO `typetransmission` (`id`, `name`, `created`, `modified`, `protected`, `valide`) VALUES
(1, 'standart', '2020-06-02 10:39:08', '2020-06-02 10:39:08', 1, 1);

-- --------------------------------------------------------

--
-- Structure de la table `typevehicule`
--

CREATE TABLE `typevehicule` (
  `id` int(11) NOT NULL,
  `name` varchar(200) COLLATE utf8_bin NOT NULL,
  `created` datetime DEFAULT NULL,
  `modified` datetime DEFAULT NULL,
  `protected` int(11) NOT NULL DEFAULT '0',
  `valide` int(11) NOT NULL DEFAULT '1'
) ENGINE=InnoDB DEFAULT CHARSET=utf8 COLLATE=utf8_bin;

--
-- Déchargement des données de la table `typevehicule`
--

INSERT INTO `typevehicule` (`id`, `name`, `created`, `modified`, `protected`, `valide`) VALUES
(1, 'Voiture', '2020-06-02 10:39:05', '2020-06-02 10:39:05', 1, 1),
(2, 'Camion benne', '2020-06-02 10:39:05', '2020-06-02 10:39:05', 1, 1),
(3, 'Tricycle', '2020-06-02 10:39:05', '2020-06-02 10:39:05', 1, 1),
(4, 'Moto', '2020-06-02 10:39:05', '2020-06-02 10:39:05', 1, 1),
(5, 'standart', '2020-06-02 10:39:08', '2020-06-02 10:39:08', 1, 1);

-- --------------------------------------------------------

--
-- Structure de la table `typevente`
--

CREATE TABLE `typevente` (
  `id` int(11) NOT NULL,
  `name` varchar(200) COLLATE utf8_bin NOT NULL,
  `created` datetime DEFAULT NULL,
  `modified` datetime DEFAULT NULL,
  `protected` int(11) NOT NULL DEFAULT '0',
  `valide` int(11) NOT NULL DEFAULT '1'
) ENGINE=InnoDB DEFAULT CHARSET=utf8 COLLATE=utf8_bin ROW_FORMAT=DYNAMIC;

--
-- Déchargement des données de la table `typevente`
--

INSERT INTO `typevente` (`id`, `name`, `created`, `modified`, `protected`, `valide`) VALUES
(1, 'Directe', '2020-06-02 10:39:05', '2020-06-02 10:39:05', 1, 1),
(2, 'Par Prospection/livraison', '2020-06-02 10:39:05', '2020-06-02 10:39:05', 1, 1),
(3, 'Vente par commande', '2020-07-09 15:14:21', NULL, 1, 1),
(4, 'Vente en Cave', '2020-07-09 15:14:21', NULL, 1, 1);

-- --------------------------------------------------------

--
-- Structure de la table `vehicule`
--

CREATE TABLE `vehicule` (
  `id` int(11) NOT NULL,
  `immatriculation` varchar(20) COLLATE utf8_bin NOT NULL,
  `typevehicule_id` int(11) NOT NULL,
  `prestataire_id` int(11) DEFAULT NULL,
  `nb_place` int(11) DEFAULT NULL,
  `nb_porte` int(11) DEFAULT NULL,
  `marque_id` int(11) NOT NULL,
  `modele` varchar(200) COLLATE utf8_bin NOT NULL,
  `energie_id` int(11) DEFAULT NULL,
  `typetransmission_id` int(11) DEFAULT NULL,
  `affectation` int(11) DEFAULT NULL,
  `puissance` int(10) DEFAULT NULL,
  `date_mise_circulation` varchar(20) COLLATE utf8_bin DEFAULT NULL,
  `date_sortie` date DEFAULT NULL,
  `date_visitetechnique` date DEFAULT NULL,
  `date_assurance` date DEFAULT NULL,
  `date_vidange` datetime DEFAULT NULL,
  `image` text COLLATE utf8_bin,
  `etiquette` varchar(200) COLLATE utf8_bin DEFAULT NULL,
  `visibility` int(11) NOT NULL,
  `groupevehicule_id` int(11) DEFAULT NULL,
  `chasis` text COLLATE utf8_bin,
  `date_acquisition` varchar(20) COLLATE utf8_bin DEFAULT NULL,
  `price` int(11) DEFAULT NULL,
  `etatvehicule_id` int(11) NOT NULL,
  `possession` int(11) NOT NULL,
  `created` datetime DEFAULT NULL,
  `modified` datetime DEFAULT NULL,
  `protected` int(11) NOT NULL DEFAULT '0',
  `valide` int(11) NOT NULL DEFAULT '1',
  `kilometrage` int(11) DEFAULT NULL,
  `location` int(11) DEFAULT NULL
) ENGINE=InnoDB DEFAULT CHARSET=utf8 COLLATE=utf8_bin;

--
-- Déchargement des données de la table `vehicule`
--

INSERT INTO `vehicule` (`id`, `immatriculation`, `typevehicule_id`, `prestataire_id`, `nb_place`, `nb_porte`, `marque_id`, `modele`, `energie_id`, `typetransmission_id`, `affectation`, `puissance`, `date_mise_circulation`, `date_sortie`, `date_visitetechnique`, `date_assurance`, `date_vidange`, `image`, `etiquette`, `visibility`, `groupevehicule_id`, `chasis`, `date_acquisition`, `price`, `etatvehicule_id`, `possession`, `created`, `modified`, `protected`, `valide`, `kilometrage`, `location`) VALUES
(1, '...', 1, 1, NULL, NULL, 0, 'PAR NOS COMMERCIAUX', 1, 1, NULL, NULL, NULL, NULL, NULL, NULL, NULL, 'default.jpg', NULL, 0, 1, NULL, NULL, 0, 1, 0, '2020-06-02 10:39:05', '2020-06-02 10:39:05', 1, 1, NULL, 0),
(2, '...', 1, 1, NULL, NULL, 0, 'LE VEHICULE DU CLIENT', 1, 1, NULL, NULL, NULL, NULL, NULL, NULL, NULL, 'default.jpg', NULL, 0, 1, NULL, NULL, 0, 1, 0, '2020-06-02 10:39:05', '2020-06-02 10:39:05', 1, 1, NULL, 0);

-- --------------------------------------------------------

--
-- Structure de la table `vente`
--

CREATE TABLE `vente` (
  `id` int(11) NOT NULL,
  `reference` varchar(20) COLLATE utf8_bin DEFAULT NULL,
  `typevente_id` int(11) DEFAULT NULL,
  `groupecommande_id` int(11) DEFAULT NULL,
  `zonedevente_id` int(11) DEFAULT NULL,
  `montant` int(11) DEFAULT NULL,
  `vendu` int(11) DEFAULT NULL,
  `recu` int(11) DEFAULT NULL,
  `rendu` int(11) DEFAULT NULL,
  `etat_id` int(11) NOT NULL,
  `commercial_id` int(11) NOT NULL,
  `employe_id` int(11) DEFAULT NULL,
  `dateretour` datetime DEFAULT NULL,
  `comment` text COLLATE utf8_bin,
  `reglementclient_id` int(11) DEFAULT NULL,
  `boutique_id` int(11) NOT NULL,
  `created` datetime DEFAULT NULL,
  `modified` datetime DEFAULT NULL,
  `protected` int(11) NOT NULL DEFAULT '0',
  `valide` int(11) NOT NULL DEFAULT '1'
) ENGINE=InnoDB DEFAULT CHARSET=utf8 COLLATE=utf8_bin;

--
-- Déchargement des données de la table `vente`
--

INSERT INTO `vente` (`id`, `reference`, `typevente_id`, `groupecommande_id`, `zonedevente_id`, `montant`, `vendu`, `recu`, `rendu`, `etat_id`, `commercial_id`, `employe_id`, `dateretour`, `comment`, `reglementclient_id`, `boutique_id`, `created`, `modified`, `protected`, `valide`) VALUES
(2, 'BVE/02062020-D527FA', 2, NULL, 2, 5200, 5000, NULL, NULL, 4, 2, 2, '2020-06-02 00:00:00', '', 1, 1, '2020-06-02 11:52:57', '2020-06-02 11:52:57', 0, 1),
(3, 'BVE/02062020-D982C7', 1, NULL, 1, 200, 200, NULL, NULL, 4, 1, 2, NULL, NULL, 2, 1, '2020-06-02 13:01:12', '2020-06-02 13:01:12', 0, 1),
(4, 'BVE/02062020-09DCC2', 2, NULL, 2, 6500, 2600, NULL, NULL, 4, 2, 2, '2020-06-02 00:00:00', '', 3, 1, '2020-06-02 13:11:37', '2020-06-02 13:11:37', 0, 1),
(5, 'BVE/02062020-A5E8F9', 1, NULL, 1, 1500, 1500, NULL, NULL, 4, 1, 2, NULL, NULL, 4, 1, '2020-06-02 13:55:42', '2020-06-02 13:55:42', 0, 1),
(6, 'BVE/02062020-C270A1', 2, NULL, 2, 6100, 5500, NULL, NULL, 4, 3, 2, '2020-06-02 00:00:00', '', 5, 1, '2020-06-02 11:59:36', '2020-06-02 11:59:36', 0, 1),
(7, 'BVE/02062020-D489DF', 2, NULL, 2, 5500, 1600, NULL, NULL, 4, 4, 2, '2020-06-02 00:00:00', '', 6, 1, '2020-06-02 13:24:03', '2020-06-02 13:24:03', 0, 1),
(8, 'BVE/03062020-02620C', 1, NULL, 1, 400, 400, NULL, NULL, 4, 1, 3, NULL, NULL, 7, 1, '2020-06-03 18:47:02', '2020-06-03 18:47:02', 0, 1),
(9, 'BVE/06062020-34C442', 1, NULL, 1, 200, 200, NULL, NULL, 4, 1, 2, NULL, NULL, 8, 1, '2020-06-06 12:59:56', '2020-06-06 12:59:56', 0, 1),
(10, 'BVE/06062020-38CDB8', 1, NULL, 1, 1200, 1200, NULL, NULL, 4, 1, 2, NULL, NULL, 9, 1, '2020-06-06 13:01:00', '2020-06-06 13:01:00', 0, 1),
(11, 'BVE/06062020-40DCC8', 1, NULL, 1, 200, 200, NULL, NULL, 4, 1, 2, NULL, NULL, 10, 1, '2020-06-06 13:03:09', '2020-06-06 13:03:09', 0, 1),
(12, 'BVE/06062020-4C2E56', 1, NULL, 1, 600, 600, NULL, NULL, 4, 1, 2, NULL, NULL, 11, 1, '2020-06-06 13:06:10', '2020-06-06 13:06:10', 0, 1),
(13, 'BVE/06062020-56B8D3', 1, NULL, 1, 200, 200, NULL, NULL, 4, 1, 2, NULL, NULL, 12, 1, '2020-06-06 13:08:59', '2020-06-06 13:08:59', 0, 1),
(14, 'BVE/08062020-C3081E', 1, NULL, 1, 1600, 1600, NULL, NULL, 4, 1, 2, NULL, NULL, 13, 1, '2020-06-08 14:33:20', '2020-06-08 14:33:20', 0, 1),
(15, 'BVE/08062020-D81A9A', 2, NULL, 2, 15800, 14900, NULL, NULL, 4, 2, 2, '2020-06-08 00:00:00', 'prospecttion du 04 /06 /2020', 14, 1, '2020-06-08 14:31:29', '2020-06-08 14:31:29', 0, 1),
(16, 'BVE/08062020-DF31F5', 1, NULL, 1, 2000, 2000, NULL, NULL, 4, 1, 2, NULL, NULL, 15, 1, '2020-06-08 14:40:51', '2020-06-08 14:40:51', 0, 1),
(17, 'BVE/08062020-05E746', 2, NULL, 2, 14900, NULL, NULL, NULL, 4, 2, 2, '2020-06-08 00:00:00', '05/06/2020', 16, 1, '2020-06-08 14:39:16', '2020-06-08 14:39:16', 0, 1),
(18, 'BVE/08062020-0AEBC9', 2, NULL, 2, 11900, NULL, NULL, NULL, 4, 4, 2, '2020-06-08 00:00:00', '06/06/2020', 17, 1, '2020-06-08 15:12:47', '2020-06-08 15:12:47', 0, 1),
(19, 'BVE/08062020-9AAE6B', 2, NULL, 2, 5600, NULL, NULL, NULL, 4, 2, 2, '2020-06-08 00:00:00', '', 18, 1, '2020-06-08 16:33:58', '2020-06-08 16:33:58', 0, 1),
(20, 'BVE/08062020-E85DA8', 2, NULL, 2, 7300, 7300, NULL, NULL, 4, 2, 2, '2020-06-08 00:00:00', '', 19, 1, '2020-06-08 16:58:57', '2020-06-08 16:58:57', 0, 1),
(21, 'BVE/09062020-AF1EAD', 2, NULL, 2, 11600, 4000, NULL, NULL, 4, 2, 2, '2020-06-09 13:13:21', '', 20, 1, '2020-06-09 09:48:53', '2020-06-09 09:48:53', 0, 1),
(22, 'BVE/09062020-F218BE', 2, NULL, 2, 2500, 2500, NULL, NULL, 4, 2, 2, '2020-06-09 13:31:13', '', 21, 1, '2020-06-09 13:29:41', '2020-06-09 13:29:41', 0, 1),
(23, 'BVE/09062020-0051C6', 1, NULL, 1, 4400, 4400, NULL, NULL, 4, 1, 2, NULL, NULL, 22, 1, '2020-06-09 13:35:01', '2020-06-09 13:35:01', 0, 1),
(24, 'BVE/09062020-21E083', 1, NULL, 1, 2200, 2200, NULL, NULL, 4, 1, 2, NULL, NULL, 23, 1, '2020-06-09 13:43:58', '2020-06-09 13:43:58', 0, 1),
(25, 'BVE/09062020-4C2D46', 2, NULL, 2, 4500, 900, NULL, NULL, 4, 2, 2, '2020-06-09 13:55:14', '', 24, 1, '2020-06-09 13:33:26', '2020-06-09 13:33:26', 0, 1),
(26, 'BVE/09062020-CEFF14', 2, NULL, 2, 6800, 900, NULL, NULL, 4, 2, 2, '2020-06-09 15:38:23', '', 25, 1, '2020-06-09 14:58:46', '2020-06-09 14:58:46', 0, 1),
(27, 'BVE/09062020-DB7539', 2, NULL, 2, 600, 600, NULL, NULL, 4, 2, 2, '2020-06-09 15:41:43', '', 26, 1, '2020-06-09 15:40:39', '2020-06-09 15:40:39', 0, 1),
(28, 'BVE/09062020-F8AB59', 1, NULL, 1, 15800, 15800, NULL, NULL, 4, 1, 2, NULL, NULL, 27, 1, '2020-06-09 15:49:30', '2020-06-09 15:49:30', 0, 1),
(29, 'BVE/09062020-FF0ECD', 1, NULL, 1, 2300, 2300, NULL, NULL, 4, 1, 2, NULL, NULL, 28, 1, '2020-06-09 15:51:12', '2020-06-09 15:51:12', 0, 1),
(30, 'BVE/09062020-103AFC', 1, NULL, 1, 21800, 21800, NULL, NULL, 4, 1, 2, NULL, NULL, 29, 1, '2020-06-09 15:55:47', '2020-06-09 15:55:47', 0, 1),
(31, 'BVE/10062020-CAA420', 1, NULL, 1, 400, 400, NULL, NULL, 4, 1, 2, NULL, NULL, 30, 1, '2020-06-10 09:49:30', '2020-06-10 09:49:30', 0, 1),
(32, 'BVE/10062020-2D111E', 2, NULL, 2, 2000, 19800, NULL, NULL, 4, 2, 2, '2020-06-10 10:15:45', '', 31, 1, '2020-06-09 16:44:59', '2020-06-09 16:44:59', 0, 1),
(33, 'BVE/10062020-407022', 1, NULL, 1, 1800, 1800, NULL, NULL, 4, 1, 2, NULL, NULL, 32, 1, '2020-06-10 10:20:55', '2020-06-10 10:20:55', 0, 1),
(34, 'BVE/10062020-D3E390', 2, NULL, 2, 10500, 2700, NULL, NULL, 4, 2, 2, '2020-06-10 13:16:45', '', 33, 1, '2020-06-10 10:31:23', '2020-06-10 10:31:23', 0, 1),
(35, 'BVE/10062020-FC6410', 1, NULL, 1, 900, 900, NULL, NULL, 4, 1, 2, NULL, NULL, 34, 1, '2020-06-10 13:27:34', '2020-06-10 13:27:34', 0, 1),
(36, 'BVE/10062020-279CB4', 1, NULL, 1, 1800, 1800, NULL, NULL, 1, 1, 2, NULL, NULL, NULL, 1, '2020-06-10 13:39:05', '2020-06-10 13:39:05', 0, 1),
(37, 'BVE/10062020-C73936', 2, NULL, 3, 19800, NULL, NULL, NULL, 4, 5, 2, '2020-06-10 16:38:11', '', 35, 1, '2020-06-10 10:02:48', '2020-06-10 10:02:48', 0, 1),
(38, 'BVE/11062020-8B8D2D', 1, NULL, 1, 1100, 1100, NULL, NULL, 4, 1, 2, NULL, NULL, 36, 1, '2020-06-11 17:24:08', '2020-06-11 17:24:08', 0, 1),
(39, 'BVE/11062020-919EDC', 1, NULL, 1, 1600, 1600, NULL, NULL, 4, 1, 2, NULL, NULL, 37, 1, '2020-06-11 17:25:45', '2020-06-11 17:25:45', 0, 1),
(40, 'BVE/11062020-ECC544', 2, NULL, 2, 7400, 7400, NULL, NULL, 4, 2, 2, '2020-06-11 17:50:04', '', 38, 1, '2020-06-11 17:36:31', '2020-06-11 17:36:31', 0, 1),
(41, 'BVE/12062020-8D6B86', 2, NULL, 2, 2400, NULL, NULL, NULL, 4, 2, 2, '2020-06-12 10:28:38', '', 39, 1, '2020-06-11 18:25:35', '2020-06-11 18:25:35', 0, 1),
(42, 'BVE/12062020-D75F1D', 1, NULL, 1, 800, 800, 800, 0, 4, 1, 2, NULL, '', 40, 1, '2020-06-12 10:48:21', '2020-06-12 10:48:21', 0, 1),
(43, 'BVE/12062020-DC4318', 2, NULL, 2, 8500, 3000, 0, 0, 4, 2, 2, '2020-06-12 13:06:12', '', 41, 1, '2020-06-12 13:01:49', '2020-06-12 13:01:49', 0, 1),
(44, 'BVE/12062020-A386F2', 2, NULL, 2, 3600, 3600, 0, 0, 4, 2, 2, '2020-06-12 13:59:20', '', 42, 1, '2020-06-12 13:49:30', '2020-06-12 13:49:30', 0, 1),
(45, 'BVE/12062020-D474E4', 2, NULL, 3, 21700, NULL, 0, 0, 4, 5, 2, '2020-06-12 17:37:11', '', 43, 1, '2020-06-11 18:39:38', '2020-06-11 18:39:38', 0, 1),
(46, 'BVE/12062020-DE82ED', 2, NULL, 3, 4000, NULL, 0, 0, 4, 5, 2, '2020-06-12 17:39:52', '', 44, 1, '2020-06-12 14:20:44', '2020-06-12 14:20:44', 0, 1),
(47, 'BVE/12062020-E7049A', 1, NULL, 1, 400, 400, 400, 0, 4, 1, 2, NULL, '', 45, 1, '2020-06-12 17:42:08', '2020-06-12 17:42:08', 0, 1),
(48, 'BVE/12062020-F9E24A', 2, NULL, 3, 22000, 400, 0, 0, 4, 5, 2, '2020-06-12 17:47:10', '', 46, 1, '2020-06-12 14:40:18', '2020-06-12 14:40:18', 0, 1),
(49, 'BVE/13062020-E07DCE', 1, NULL, 1, 5800, 5800, 5800, 0, 4, 1, 2, NULL, '', 47, 1, '2020-06-13 11:52:39', '2020-06-13 11:52:39', 0, 1),
(50, 'BVE/13062020-68695F', 1, NULL, 1, 1100, 1100, 1100, 0, 4, 1, 2, NULL, '', 48, 1, '2020-06-13 17:01:58', '2020-06-13 17:01:58', 0, 1),
(51, 'BVE/14062020-0FCCCE', 1, NULL, 1, 6900, 6900, 6900, 0, 4, 1, 2, NULL, '', 49, 1, '2020-06-14 16:31:56', '2020-06-14 16:31:56', 0, 1),
(52, 'BVE/14062020-95C087', 1, NULL, 1, 1000, 1000, 1000, 0, 4, 1, 2, NULL, '', 50, 1, '2020-06-14 18:15:56', '2020-06-14 18:15:56', 0, 1),
(53, 'BVE/14062020-B700FE', 1, NULL, 1, 300, 300, 300, 0, 4, 1, 2, NULL, '', 51, 1, '2020-06-14 18:24:48', '2020-06-14 18:24:48', 0, 1),
(54, 'BVE/15062020-ECD9EF', 2, NULL, 2, 2900, 800, 0, 0, 4, 2, 2, '2020-06-15 11:43:09', '', 52, 1, '2020-06-15 11:16:25', '2020-06-15 11:16:25', 0, 1),
(55, 'BVE/15062020-91BCAB', 1, NULL, 1, 1200, 1200, 1200, 0, 4, 1, 2, NULL, '', 53, 1, '2020-06-15 13:35:23', '2020-06-15 13:35:23', 0, 1),
(56, 'BVE/15062020-CA592F', 2, NULL, 3, 10000, 1200, 0, 0, 4, 5, 2, '2020-06-15 13:50:29', '', 54, 1, '2020-06-15 11:09:06', '2020-06-15 11:09:06', 0, 1),
(57, 'BVE/16062020-347081', 1, NULL, 1, 500, 500, 500, 0, 4, 1, 2, NULL, '', 55, 1, '2020-06-16 10:47:35', '2020-06-16 10:47:35', 0, 1),
(58, 'BVE/16062020-A973EB', 1, NULL, 1, 500, 500, 500, 0, 4, 1, 2, NULL, '', 56, 1, '2020-06-16 11:18:47', '2020-06-16 11:18:47', 0, 1),
(59, 'BVE/16062020-1BD64E', 2, NULL, 2, 4600, 1500, 0, 0, 4, 2, 2, '2020-06-16 11:49:17', '', 57, 1, '2020-06-16 10:39:02', '2020-06-16 10:39:02', 0, 1),
(60, 'BVE/16062020-81AC22', 2, NULL, 2, 8300, 1500, 0, 0, 4, 3, 2, '2020-06-16 13:24:42', '', 58, 1, '2020-06-16 10:44:44', '2020-06-16 10:44:44', 0, 1),
(61, 'BVE/16062020-2EEB13', 2, NULL, 2, 6000, 2500, 0, 0, 4, 2, 2, '2020-06-16 14:10:54', '', 59, 1, '2020-06-16 12:49:46', '2020-06-16 12:49:46', 0, 1),
(62, 'BVE/16062020-771E10', 2, NULL, 2, 5400, 5400, 0, 0, 4, 3, 2, '2020-06-16 15:38:25', '', 60, 1, '2020-06-16 15:22:13', '2020-06-16 15:22:13', 0, 1),
(63, 'BVE/16062020-7A5765', 1, NULL, 1, 2100, 2100, 2100, 0, 4, 1, 2, NULL, '', 61, 1, '2020-06-16 19:04:05', '2020-06-16 19:04:05', 0, 1),
(64, 'BVE/17062020-41FCCB', 1, NULL, 1, 3100, 3100, 3100, 0, 1, 1, 2, NULL, '', NULL, 1, '2020-06-17 11:53:03', '2020-06-17 11:53:03', 0, 1),
(65, 'BVE/17062020-E62E70', 1, NULL, 1, 2700, 2700, 2700, 0, 4, 1, 2, NULL, '', 62, 1, '2020-06-17 12:36:50', '2020-06-17 12:36:50', 0, 1),
(66, 'BVE/17062020-41AAAF', 2, NULL, 2, 3100, 2700, 0, 0, 4, 2, 2, '2020-06-17 13:01:14', '', 63, 1, '2020-06-17 11:23:46', '2020-06-17 11:23:46', 0, 1),
(67, NULL, NULL, NULL, NULL, 0, NULL, 0, 0, 1, 1, NULL, NULL, NULL, NULL, 1, '2020-06-17 13:18:49', '2020-06-17 13:18:49', 0, 1),
(68, 'BVE/17062020-94AF3C', 2, NULL, 2, 5000, 5000, 0, 0, 4, 2, 2, '2020-06-17 13:23:22', '', 64, 1, '2020-06-17 13:21:29', '2020-06-17 13:21:29', 0, 1),
(69, 'BVE/17062020-B93067', 1, NULL, 1, 1100, 1100, 1100, 0, 4, 1, 2, NULL, '', 65, 1, '2020-06-17 14:41:23', '2020-06-17 14:41:23', 0, 1),
(70, 'BVE/17062020-C5A07A', 1, NULL, 1, 1400, 1400, 1400, 0, 4, 1, 2, NULL, '', 66, 1, '2020-06-17 15:52:58', '2020-06-17 15:52:58', 0, 1),
(71, 'BVE/18062020-CF1A74', 2, NULL, 2, 6300, NULL, 0, 0, 4, 3, 2, '2020-06-18 14:40:49', '', 67, 1, '2020-06-17 14:30:28', '2020-06-17 14:30:28', 0, 1),
(72, 'BVE/18062020-E8D668', 2, NULL, 2, 5500, 5500, 0, 0, 4, 3, 2, '2020-06-18 14:47:41', '', 68, 1, '2020-06-18 14:45:35', '2020-06-18 14:45:35', 0, 1),
(73, 'BVE/18062020-81D3A5', 2, NULL, 2, 4900, 1300, 0, 0, 4, 2, 2, '2020-06-18 16:36:45', '', 69, 1, '2020-06-18 15:07:06', '2020-06-18 15:07:06', 0, 1),
(74, 'BVE/18062020-03E24A', 2, NULL, 2, 1300, 1300, 0, 0, 4, 2, 2, '2020-06-18 17:11:26', '', 70, 1, '2020-06-18 17:04:11', '2020-06-18 17:04:11', 0, 1),
(75, 'BVE/18062020-605EF4', 1, NULL, 1, 2500, 2500, 2500, 0, 4, 1, 2, NULL, '', 71, 1, '2020-06-18 17:36:05', '2020-06-18 17:36:05', 0, 1),
(76, 'BVE/18062020-76144F', 1, NULL, 1, 500, 500, 500, 0, 4, 1, 2, NULL, '', 72, 1, '2020-06-18 17:41:53', '2020-06-18 17:41:53', 0, 1),
(77, 'BVE/19062020-3BC727', 1, NULL, 1, 3600, 3600, 3600, 0, 4, 1, 2, NULL, '', 73, 1, '2020-06-19 17:19:56', '2020-06-19 17:19:56', 0, 1),
(78, 'BVE/19062020-6BDA45', 2, NULL, 2, 5000, 5000, 0, 0, 4, 3, 2, '2020-06-19 17:32:45', '', 74, 1, '2020-06-19 17:25:44', '2020-06-19 17:25:44', 0, 1),
(79, 'BVE/19062020-6F3C14', 2, NULL, 2, 5800, 5800, 0, 0, 4, 2, 2, '2020-06-19 17:33:39', '', 75, 1, '2020-06-19 14:44:58', '2020-06-19 14:44:58', 0, 1),
(80, 'BVE/19062020-731583', 2, NULL, 2, 2800, 2800, 0, 0, 4, 3, 2, '2020-06-19 17:34:41', '', 76, 1, '2020-06-19 13:44:19', '2020-06-19 13:44:19', 0, 1),
(81, 'BVE/20062020-1C4A85', 2, NULL, 2, 2000, 2000, 0, 0, 4, 2, 2, '2020-06-20 11:23:48', '', 77, 1, '2020-06-20 11:21:14', '2020-06-20 11:21:14', 0, 1),
(82, 'BVE/20062020-B56163', 2, NULL, 2, 9800, 2800, 0, 0, 4, 2, 2, '2020-06-20 12:04:38', '', 78, 1, '2020-06-20 11:06:10', '2020-06-20 11:06:10', 0, 1),
(83, 'BVE/20062020-5ECD84', 2, NULL, 2, 12200, 8400, 0, 0, 4, 2, 2, '2020-06-20 15:06:20', '', 79, 1, '2020-06-20 14:24:05', '2020-06-20 14:24:05', 0, 1),
(84, 'BVE/20062020-EA93E3', 2, NULL, 2, 11500, 2800, 0, 0, 4, 3, 2, '2020-06-20 15:43:37', '', 80, 1, '2020-06-20 11:01:14', '2020-06-20 11:01:14', 0, 1),
(85, 'BVE/20062020-2D1E7F', 1, NULL, 1, 6700, 6700, 6700, 0, 4, 1, 2, NULL, '', 81, 1, '2020-06-20 16:01:21', '2020-06-20 16:01:21', 0, 1),
(86, 'BVE/20062020-31F987', 2, NULL, 2, 10900, 5300, 0, 0, 4, 2, 2, '2020-06-20 17:10:55', '', 82, 1, '2020-06-20 15:48:17', '2020-06-20 15:48:17', 0, 1),
(87, 'BVE/20062020-634546', 2, NULL, 2, 5000, 5000, 0, 0, 4, 2, 2, '2020-06-20 17:24:04', '', 83, 1, '2020-06-20 17:22:28', '2020-06-20 17:22:28', 0, 1),
(88, 'BVE/22062020-0856FB', 2, NULL, 2, 800, 800, 0, 0, 4, 2, 2, '2020-06-22 12:13:57', '', 84, 1, '2020-06-22 12:12:29', '2020-06-22 12:12:29', 0, 1),
(89, 'BVE/22062020-FAC84B', 1, NULL, 1, 500, 500, 500, 0, 4, 1, 2, NULL, '', 85, 1, '2020-06-22 15:35:08', '2020-06-22 15:35:08', 0, 1),
(90, 'BVE/22062020-D9E9FA', 1, NULL, 1, 2000, 2000, 2000, 0, 4, 1, 2, NULL, '', 86, 1, '2020-06-22 17:42:54', '2020-06-22 17:42:54', 0, 1),
(91, 'BVE/22062020-133179', 1, NULL, 1, 500, 500, 500, 0, 4, 1, 2, NULL, '', 87, 1, '2020-06-22 17:58:11', '2020-06-22 17:58:11', 0, 1),
(92, 'BVE/22062020-1870FC', 2, NULL, 2, 1000, 500, 0, 0, 4, 3, 2, '2020-06-22 17:59:35', '', 88, 1, '2020-06-22 17:37:35', '2020-06-22 17:37:35', 0, 1),
(93, 'BVE/22062020-4F849B', 1, NULL, 1, 900, 900, 900, 0, 4, 1, 2, NULL, '', 89, 1, '2020-06-22 18:14:16', '2020-06-22 18:14:16', 0, 1),
(94, 'BVE/22062020-7B6633', 1, NULL, 1, 1000, 1000, 1000, 0, 4, 1, 2, NULL, '', 90, 1, '2020-06-22 18:25:58', '2020-06-22 18:25:58', 0, 1),
(95, 'BVE/23062020-B542AB', 1, NULL, 1, 2000, 2000, 2000, 0, 4, 1, 2, NULL, '', 92, 1, '2020-06-23 09:28:52', '2020-06-23 09:28:52', 0, 1),
(96, 'BVE/23062020-55E9C8', 2, NULL, 2, 2000, 2000, 0, 0, 4, 2, 2, '2020-06-23 10:11:42', '', 93, 1, '2020-06-22 17:34:16', '2020-06-22 17:34:16', 0, 1),
(97, 'BVE/23062020-BA7F18', 2, NULL, 2, 6100, 6100, 0, 0, 4, 2, 2, '2020-06-23 11:46:47', '', 94, 1, '2020-06-23 11:44:14', '2020-06-23 11:44:14', 0, 1),
(98, 'BVE/23062020-F5BAC3', 1, NULL, 1, 400, 400, 400, 0, 4, 1, 2, NULL, '', 95, 1, '2020-06-23 13:10:51', '2020-06-23 13:10:51', 0, 1),
(99, 'BVE/23062020-FF61FC', 1, NULL, 1, 500, 500, 500, 0, 4, 1, 2, NULL, '', 96, 1, '2020-06-23 13:13:26', '2020-06-23 13:13:26', 0, 1),
(100, 'BVE/23062020-3432E7', 2, NULL, 2, 1000, 1000, 0, 0, 4, 3, 2, '2020-06-23 13:27:31', '', 97, 1, '2020-06-23 13:22:26', '2020-06-23 13:22:26', 0, 1),
(101, 'BVE/23062020-31D6C6', 1, NULL, 1, 300, 300, 300, 0, 4, 1, 2, NULL, '', 99, 1, '2020-06-23 16:51:41', '2020-06-23 16:51:41', 0, 1),
(102, 'BVE/23062020-C6AA22', 1, NULL, 1, 900, 900, 900, 0, 4, 1, 2, NULL, '', 101, 1, '2020-06-23 17:31:22', '2020-06-23 17:31:22', 0, 1),
(103, 'BVE/24062020-FE68A8', 2, NULL, 2, 5100, 3400, 0, 0, 4, 2, 2, '2020-06-24 13:06:46', '', 104, 1, '2020-06-24 12:56:49', '2020-06-24 12:56:49', 0, 1),
(104, 'BVE/24062020-A764CD', 1, NULL, 1, 500, 500, 500, 0, 4, 1, 2, NULL, '', 105, 1, '2020-06-24 13:51:50', '2020-06-24 13:51:50', 0, 1),
(106, 'BVE/24062020-0E205A', 1, NULL, 1, 700, 700, 700, 0, 4, 1, 2, NULL, '', 106, 1, '2020-06-24 17:44:02', '2020-06-24 17:44:02', 0, 1),
(107, 'BVE/24062020-1E9B8B', 2, NULL, 2, 2900, 2900, 0, 0, 4, 3, 2, '2020-06-24 17:48:25', '', 107, 1, '2020-06-24 17:46:04', '2020-06-24 17:46:04', 0, 1),
(108, 'BVE/24062020-6A56C9', 1, NULL, 1, 1300, 1300, 1300, 0, 4, 1, 2, NULL, '', 108, 1, '2020-06-24 18:08:37', '2020-06-24 18:08:37', 0, 1),
(109, 'BVE/24062020-790516', 2, NULL, 2, 500, 500, 0, 0, 4, 3, 2, '2020-06-24 18:12:32', '', 109, 1, '2020-06-24 18:10:10', '2020-06-24 18:10:10', 0, 1),
(110, 'BVE/24062020-97B53B', 1, NULL, 1, 200, 200, 200, 0, 4, 1, 2, NULL, '', 110, 1, '2020-06-24 18:20:43', '2020-06-24 18:20:43', 0, 1),
(111, 'BVE/25062020-733BA1', 1, NULL, 1, 4100, 4100, 4100, 0, 4, 1, 2, NULL, '', 111, 1, '2020-06-25 12:23:15', '2020-06-25 12:23:15', 0, 1),
(112, 'BVE/25062020-43F767', 2, NULL, 2, 900, NULL, 0, 0, 4, 2, 2, '2020-06-25 13:18:55', '', 112, 1, '2020-06-24 15:19:39', '2020-06-24 15:19:39', 0, 1),
(113, 'BVE/25062020-503B50', 1, NULL, 1, 800, 800, 800, 0, 4, 1, 2, NULL, '', 113, 1, '2020-06-25 15:38:43', '2020-06-25 15:38:43', 0, 1),
(114, 'BVE/25062020-784018', 2, NULL, 2, 3200, 3200, 0, 0, 4, 2, 2, '2020-06-25 15:49:23', '', 114, 1, '2020-06-25 15:45:31', '2020-06-25 15:45:31', 0, 1),
(115, 'BVE/25062020-9EE4E4', 2, NULL, 2, 17400, 0, 0, 0, 4, 3, 2, '2020-06-25 17:07:58', '', NULL, 1, '2020-06-25 12:30:30', '2020-06-25 12:30:30', 0, 1),
(116, 'BVE/25062020-3AB400', 2, NULL, 2, 17400, 3600, 0, 0, 4, 3, 2, '2020-06-25 17:49:31', '', 115, 1, '2020-06-25 12:30:30', '2020-06-25 12:30:30', 0, 1),
(117, 'BVE/26062020-D18B74', 2, NULL, 3, 9400, 9400, 0, 0, 4, 5, 2, '2020-06-26 12:42:00', '', 116, 1, '2020-06-25 11:50:56', '2020-06-25 11:50:56', 0, 1),
(118, 'BVE/26062020-D7E2DB', 2, NULL, 2, 2000, 2000, 0, 0, 4, 2, 2, '2020-06-26 12:43:42', '', 117, 1, '2020-06-25 16:59:41', '2020-06-25 16:59:41', 0, 1),
(119, 'BVE/26062020-5D81B9', 2, NULL, 2, 1500, 1500, 0, 0, 4, 3, 2, '2020-06-26 17:52:24', '', 118, 1, '2020-06-26 17:49:16', '2020-06-26 17:49:16', 0, 1),
(120, 'BVE/30062020-424D2A', 2, NULL, 2, 3000, 3000, 0, 0, 4, 3, 2, '2020-06-30 13:54:44', '', 119, 1, '2020-06-26 18:27:20', '2020-06-26 18:27:20', 0, 1),
(121, 'BVE/30062020-83570E', 1, NULL, 1, 10200, 10200, 10200, 0, 4, 1, 2, NULL, '', 120, 1, '2020-06-30 14:12:05', '2020-06-30 14:12:05', 0, 1),
(122, 'BVE/30062020-9ACEDF', 2, NULL, 2, 7300, 7300, 0, 0, 4, 3, 2, '2020-06-30 14:18:20', '', 121, 1, '2020-06-30 14:01:37', '2020-06-30 14:01:37', 0, 1),
(123, 'BVE/30062020-12A475', 2, NULL, 2, 7500, 7500, 0, 0, 4, 3, 1, '2020-06-30 14:50:18', '', 123, 1, '2020-06-30 14:23:25', '2020-06-30 14:23:25', 0, 1),
(124, 'BVE/01072020-C1D4E7', 2, NULL, 2, 6800, 3600, 0, 0, 4, 3, 2, '2020-07-01 14:22:21', '', 124, 1, '2020-07-01 13:37:45', '2020-07-01 13:37:45', 0, 1),
(125, 'BVE/02072020-9F5B85', 1, NULL, 1, 1100, 1100, 1100, 0, 4, 1, 2, NULL, '', NULL, 1, '2020-07-02 16:23:17', '2020-07-02 16:23:17', 0, 1),
(126, 'BVE/02072020-A140AA', 1, NULL, 1, 1100, 1100, 1100, 0, 4, 1, 2, NULL, '', NULL, 1, '2020-07-02 16:23:48', '2020-07-02 16:23:48', 0, 1),
(127, 'BVE/02072020-DE34CB', 1, NULL, 1, 4950, 4950, 4950, 0, 4, 1, 2, NULL, '', 125, 1, '2020-07-02 16:40:03', '2020-07-02 16:40:03', 0, 1),
(128, 'BVE/02072020-4FBA8C', 1, NULL, 1, 200, 200, 200, 0, 4, 1, 2, NULL, '', 126, 1, '2020-07-02 17:10:19', '2020-07-02 17:10:19', 0, 1),
(129, 'BVE/02072020-D76656', 1, NULL, 1, 200, 200, 200, 0, 4, 1, 2, NULL, '', 127, 1, '2020-07-02 18:54:46', '2020-07-02 18:54:46', 0, 1),
(130, 'BVE/05072020-EE9B20', 1, NULL, 1, 16400, 16400, 16400, 0, 4, 1, 2, NULL, '', 128, 1, '2020-07-05 08:27:21', '2020-07-05 08:27:21', 0, 1),
(131, 'BVE/05072020-24A35A', 2, NULL, 2, 3200, 3200, 0, 0, 4, 3, 2, '2020-07-05 08:41:46', '', 129, 1, '2020-07-05 08:18:45', '2020-07-05 08:18:45', 0, 1),
(132, 'BVE/05072020-480249', 1, NULL, 1, 8000, 8000, 8000, 0, 4, 1, 2, NULL, '', 130, 1, '2020-07-05 08:51:12', '2020-07-05 08:51:12', 0, 1),
(133, 'BVE/06072020-6FADAC', 1, NULL, 1, 1000, 1000, 1000, 0, 4, 1, 2, NULL, '', 131, 1, '2020-07-06 12:20:10', '2020-07-06 12:20:10', 0, 1),
(134, 'BVE/06072020-156923', 1, NULL, 1, 1400, 1400, 1400, 0, 4, 1, 2, NULL, '', 132, 1, '2020-07-06 15:20:54', '2020-07-06 15:20:54', 0, 1),
(135, 'BVE/06072020-6B150E', 1, NULL, 1, 1400, 1400, 1400, 0, 4, 1, 2, NULL, '', 133, 1, '2020-07-06 18:00:17', '2020-07-06 18:00:17', 0, 1),
(136, 'BVE/07072020-958D5C', 2, NULL, 2, 6500, 6500, 0, 0, 4, 3, 2, '2020-07-07 18:05:12', '', 134, 1, '2020-07-07 17:16:04', '2020-07-07 17:16:04', 0, 1),
(137, 'BVE/07072020-A35D64', 2, NULL, 2, 2000, 2000, 0, 0, 4, 3, 2, '2020-07-07 18:08:53', '', 135, 1, '2020-07-07 18:06:20', '2020-07-07 18:06:20', 0, 1),
(138, 'BVE/08072020-11FA69', 1, NULL, 1, 2900, 2900, 2900, 0, 4, 1, 2, NULL, '', 136, 1, '2020-07-08 17:23:43', '2020-07-08 17:23:43', 0, 1),
(139, 'BVE/08072020-7DFC81', 1, NULL, 1, 200, 200, 200, 0, 4, 1, 2, NULL, '', 137, 1, '2020-07-08 17:52:31', '2020-07-08 17:52:31', 0, 1),
(140, 'BVE/09072020-4661B3', 1, NULL, 1, 1150, 1150, 1200, 50, 4, 1, 1, NULL, '', 138, 1, '2020-07-09 16:23:02', NULL, 0, 1),
(141, 'BVE/09072020-6743B4', 2, NULL, 2, 9000, 9000, 0, 0, 4, 2, 1, '2020-07-09 16:31:48', '', 139, 1, '2020-07-09 16:31:48', NULL, 0, 1);

-- --------------------------------------------------------

--
-- Structure de la table `zonedevente`
--

CREATE TABLE `zonedevente` (
  `id` int(11) NOT NULL,
  `name` varchar(200) COLLATE utf8_bin NOT NULL,
  `created` datetime DEFAULT NULL,
  `modified` datetime DEFAULT NULL,
  `protected` int(11) NOT NULL DEFAULT '0',
  `valide` int(11) NOT NULL DEFAULT '1'
) ENGINE=InnoDB DEFAULT CHARSET=utf8 COLLATE=utf8_bin;

--
-- Déchargement des données de la table `zonedevente`
--

INSERT INTO `zonedevente` (`id`, `name`, `created`, `modified`, `protected`, `valide`) VALUES
(1, 'Au magasin', '2020-06-02 10:39:05', '2020-06-02 10:39:05', 1, 1),
(2, 'Dans tout Bassam', '2020-06-02 10:39:05', '2020-06-02 10:39:05', 1, 1),
(3, 'ARTCI', '2020-06-10 09:47:59', '2020-06-10 09:47:59', 0, 1),
(4, 'Abidjan', '2020-06-22 11:57:37', '2020-06-22 11:57:37', 0, 1);

--
-- Index pour les tables déchargées
--

--
-- Index pour la table `amortissement`
--
ALTER TABLE `amortissement`
  ADD PRIMARY KEY (`id`);

--
-- Index pour la table `approemballage`
--
ALTER TABLE `approemballage`
  ADD PRIMARY KEY (`id`);

--
-- Index pour la table `approetiquette`
--
ALTER TABLE `approetiquette`
  ADD PRIMARY KEY (`id`);

--
-- Index pour la table `approvisionnement`
--
ALTER TABLE `approvisionnement`
  ADD PRIMARY KEY (`id`);

--
-- Index pour la table `boutique`
--
ALTER TABLE `boutique`
  ADD PRIMARY KEY (`id`);

--
-- Index pour la table `capitaux`
--
ALTER TABLE `capitaux`
  ADD PRIMARY KEY (`id`);

--
-- Index pour la table `categorieoperation`
--
ALTER TABLE `categorieoperation`
  ADD PRIMARY KEY (`id`);

--
-- Index pour la table `client`
--
ALTER TABLE `client`
  ADD PRIMARY KEY (`id`);

--
-- Index pour la table `commande`
--
ALTER TABLE `commande`
  ADD PRIMARY KEY (`id`);

--
-- Index pour la table `commercial`
--
ALTER TABLE `commercial`
  ADD PRIMARY KEY (`id`);

--
-- Index pour la table `comptebanque`
--
ALTER TABLE `comptebanque`
  ADD PRIMARY KEY (`id`);

--
-- Index pour la table `connexion`
--
ALTER TABLE `connexion`
  ADD PRIMARY KEY (`id`);

--
-- Index pour la table `demandeentretien`
--
ALTER TABLE `demandeentretien`
  ADD PRIMARY KEY (`id`);

--
-- Index pour la table `disponibilite`
--
ALTER TABLE `disponibilite`
  ADD PRIMARY KEY (`id`);

--
-- Index pour la table `emballage`
--
ALTER TABLE `emballage`
  ADD PRIMARY KEY (`id`);

--
-- Index pour la table `employe`
--
ALTER TABLE `employe`
  ADD PRIMARY KEY (`id`);

--
-- Index pour la table `energie`
--
ALTER TABLE `energie`
  ADD PRIMARY KEY (`id`);

--
-- Index pour la table `entrepot`
--
ALTER TABLE `entrepot`
  ADD PRIMARY KEY (`id`);

--
-- Index pour la table `etat`
--
ALTER TABLE `etat`
  ADD PRIMARY KEY (`id`);

--
-- Index pour la table `etatchauffeur`
--
ALTER TABLE `etatchauffeur`
  ADD PRIMARY KEY (`id`);

--
-- Index pour la table `etatvehicule`
--
ALTER TABLE `etatvehicule`
  ADD PRIMARY KEY (`id`);

--
-- Index pour la table `etiquette`
--
ALTER TABLE `etiquette`
  ADD PRIMARY KEY (`id`);

--
-- Index pour la table `exercicecomptable`
--
ALTER TABLE `exercicecomptable`
  ADD PRIMARY KEY (`id`);

--
-- Index pour la table `exigenceproduction`
--
ALTER TABLE `exigenceproduction`
  ADD PRIMARY KEY (`id`);

--
-- Index pour la table `fournisseur`
--
ALTER TABLE `fournisseur`
  ADD PRIMARY KEY (`id`);

--
-- Index pour la table `groupecommande`
--
ALTER TABLE `groupecommande`
  ADD PRIMARY KEY (`id`);

--
-- Index pour la table `groupemanoeuvre`
--
ALTER TABLE `groupemanoeuvre`
  ADD PRIMARY KEY (`id`);

--
-- Index pour la table `groupevehicule`
--
ALTER TABLE `groupevehicule`
  ADD PRIMARY KEY (`id`);

--
-- Index pour la table `history`
--
ALTER TABLE `history`
  ADD PRIMARY KEY (`id`);

--
-- Index pour la table `immobilisation`
--
ALTER TABLE `immobilisation`
  ADD PRIMARY KEY (`id`);

--
-- Index pour la table `intrant`
--
ALTER TABLE `intrant`
  ADD PRIMARY KEY (`id`);

--
-- Index pour la table `ligneamortissement`
--
ALTER TABLE `ligneamortissement`
  ADD PRIMARY KEY (`id`);

--
-- Index pour la table `ligneapproemballage`
--
ALTER TABLE `ligneapproemballage`
  ADD PRIMARY KEY (`id`);

--
-- Index pour la table `ligneapproetiquette`
--
ALTER TABLE `ligneapproetiquette`
  ADD PRIMARY KEY (`id`);

--
-- Index pour la table `ligneapprovisionnement`
--
ALTER TABLE `ligneapprovisionnement`
  ADD PRIMARY KEY (`id`);

--
-- Index pour la table `lignecommande`
--
ALTER TABLE `lignecommande`
  ADD PRIMARY KEY (`id`);

--
-- Index pour la table `ligneconsommationjour`
--
ALTER TABLE `ligneconsommationjour`
  ADD PRIMARY KEY (`id`);

--
-- Index pour la table `lignedevente`
--
ALTER TABLE `lignedevente`
  ADD PRIMARY KEY (`id`);

--
-- Index pour la table `ligneetiquettejour`
--
ALTER TABLE `ligneetiquettejour`
  ADD PRIMARY KEY (`id`);

--
-- Index pour la table `lignemiseenboutique`
--
ALTER TABLE `lignemiseenboutique`
  ADD PRIMARY KEY (`id`);

--
-- Index pour la table `lignepayement`
--
ALTER TABLE `lignepayement`
  ADD PRIMARY KEY (`id`);

--
-- Index pour la table `ligneperteentrepot`
--
ALTER TABLE `ligneperteentrepot`
  ADD PRIMARY KEY (`id`);

--
-- Index pour la table `ligneproduction`
--
ALTER TABLE `ligneproduction`
  ADD PRIMARY KEY (`id`);

--
-- Index pour la table `ligneprospection`
--
ALTER TABLE `ligneprospection`
  ADD PRIMARY KEY (`id`);

--
-- Index pour la table `machine`
--
ALTER TABLE `machine`
  ADD PRIMARY KEY (`id`);

--
-- Index pour la table `miseenboutique`
--
ALTER TABLE `miseenboutique`
  ADD PRIMARY KEY (`id`);

--
-- Index pour la table `modepayement`
--
ALTER TABLE `modepayement`
  ADD PRIMARY KEY (`id`);

--
-- Index pour la table `mouvement`
--
ALTER TABLE `mouvement`
  ADD PRIMARY KEY (`id`);

--
-- Index pour la table `mycompte`
--
ALTER TABLE `mycompte`
  ADD PRIMARY KEY (`id`);

--
-- Index pour la table `operation`
--
ALTER TABLE `operation`
  ADD PRIMARY KEY (`id`);

--
-- Index pour la table `params`
--
ALTER TABLE `params`
  ADD PRIMARY KEY (`id`);

--
-- Index pour la table `paye`
--
ALTER TABLE `paye`
  ADD PRIMARY KEY (`id`);

--
<<<<<<< HEAD
-- Index pour la table `perteentrepot`
=======
-- Index pour la table `payeferie_produit`
--
ALTER TABLE `payeferie_produit`
  ADD PRIMARY KEY (`id`);

--
-- Index pour la table `paye_chauffeur`
--
ALTER TABLE `paye_chauffeur`
  ADD PRIMARY KEY (`id`);

--
-- Index pour la table `paye_produit`
--
ALTER TABLE `paye_produit`
  ADD PRIMARY KEY (`id`);

--
-- Index pour la table `perteentrepot`
--
ALTER TABLE `perteentrepot`
  ADD PRIMARY KEY (`id`);

--
-- Index pour la table `prestataire`
>>>>>>> origin/test
--
ALTER TABLE `perteentrepot`
  ADD PRIMARY KEY (`id`);

--
-- Index pour la table `prix`
--
ALTER TABLE `prix`
  ADD PRIMARY KEY (`id`);

--
-- Index pour la table `prixdevente`
--
ALTER TABLE `prixdevente`
  ADD PRIMARY KEY (`id`);

--
-- Index pour la table `production`
--
ALTER TABLE `production`
  ADD PRIMARY KEY (`id`);

--
-- Index pour la table `produit`
--
ALTER TABLE `produit`
  ADD PRIMARY KEY (`id`);

--
-- Index pour la table `prospection`
--
ALTER TABLE `prospection`
  ADD PRIMARY KEY (`id`);

--
-- Index pour la table `quantite`
--
ALTER TABLE `quantite`
  ADD PRIMARY KEY (`id`);

--
-- Index pour la table `reglementclient`
--
ALTER TABLE `reglementclient`
  ADD PRIMARY KEY (`id`);

--
-- Index pour la table `reglementfournisseur`
--
ALTER TABLE `reglementfournisseur`
  ADD PRIMARY KEY (`id`);

--
-- Index pour la table `ressource`
--
ALTER TABLE `ressource`
  ADD PRIMARY KEY (`id`);

--
-- Index pour la table `role`
--
ALTER TABLE `role`
  ADD PRIMARY KEY (`id`);

--
-- Index pour la table `role_employe`
--
ALTER TABLE `role_employe`
  ADD PRIMARY KEY (`id`);

--
-- Index pour la table `sexe`
--
ALTER TABLE `sexe`
  ADD PRIMARY KEY (`id`);

--
-- Index pour la table `suggestion`
--
ALTER TABLE `suggestion`
  ADD PRIMARY KEY (`id`);

--
-- Index pour la table `transaction`
--
ALTER TABLE `transaction`
  ADD PRIMARY KEY (`id`);

--
-- Index pour la table `typeamortissement`
--
ALTER TABLE `typeamortissement`
  ADD PRIMARY KEY (`id`);

--
-- Index pour la table `typeapprovisionnement`
--
ALTER TABLE `typeapprovisionnement`
  ADD PRIMARY KEY (`id`);

--
-- Index pour la table `typebareme`
--
ALTER TABLE `typebareme`
  ADD PRIMARY KEY (`id`);

--
-- Index pour la table `typebien`
--
ALTER TABLE `typebien`
  ADD PRIMARY KEY (`id`);

--
-- Index pour la table `typeclient`
--
ALTER TABLE `typeclient`
  ADD PRIMARY KEY (`id`);

--
-- Index pour la table `typeentretienvehicule`
--
ALTER TABLE `typeentretienvehicule`
  ADD PRIMARY KEY (`id`);

--
-- Index pour la table `typeimmobilisation`
--
ALTER TABLE `typeimmobilisation`
  ADD PRIMARY KEY (`id`);

--
-- Index pour la table `typemouvement`
--
ALTER TABLE `typemouvement`
  ADD PRIMARY KEY (`id`);

--
-- Index pour la table `typeoperationcaisse`
--
ALTER TABLE `typeoperationcaisse`
  ADD PRIMARY KEY (`id`);

--
-- Index pour la table `typeprestataire`
--
ALTER TABLE `typeprestataire`
  ADD PRIMARY KEY (`id`);

--
-- Index pour la table `typeprospection`
--
ALTER TABLE `typeprospection`
  ADD PRIMARY KEY (`id`);

--
-- Index pour la table `typesuggestion`
--
ALTER TABLE `typesuggestion`
  ADD PRIMARY KEY (`id`);

--
-- Index pour la table `typetransmission`
--
ALTER TABLE `typetransmission`
  ADD PRIMARY KEY (`id`);

--
-- Index pour la table `typevehicule`
--
ALTER TABLE `typevehicule`
  ADD PRIMARY KEY (`id`);

--
-- Index pour la table `typevente`
--
ALTER TABLE `typevente`
  ADD PRIMARY KEY (`id`);

--
-- Index pour la table `vehicule`
--
ALTER TABLE `vehicule`
  ADD PRIMARY KEY (`id`);

--
-- Index pour la table `vente`
--
ALTER TABLE `vente`
  ADD PRIMARY KEY (`id`);

--
-- Index pour la table `zonedevente`
--
ALTER TABLE `zonedevente`
  ADD PRIMARY KEY (`id`);

--
-- AUTO_INCREMENT pour les tables déchargées
--

--
-- AUTO_INCREMENT pour la table `amortissement`
--
ALTER TABLE `amortissement`
  MODIFY `id` int(11) NOT NULL AUTO_INCREMENT;

--
-- AUTO_INCREMENT pour la table `approemballage`
--
ALTER TABLE `approemballage`
  MODIFY `id` int(11) NOT NULL AUTO_INCREMENT;

--
-- AUTO_INCREMENT pour la table `approetiquette`
--
ALTER TABLE `approetiquette`
  MODIFY `id` int(11) NOT NULL AUTO_INCREMENT, AUTO_INCREMENT=2;

--
-- AUTO_INCREMENT pour la table `approvisionnement`
--
ALTER TABLE `approvisionnement`
  MODIFY `id` int(11) NOT NULL AUTO_INCREMENT, AUTO_INCREMENT=11;

--
-- AUTO_INCREMENT pour la table `boutique`
--
ALTER TABLE `boutique`
  MODIFY `id` int(11) NOT NULL AUTO_INCREMENT, AUTO_INCREMENT=2;

--
-- AUTO_INCREMENT pour la table `capitaux`
--
ALTER TABLE `capitaux`
  MODIFY `id` int(11) NOT NULL AUTO_INCREMENT, AUTO_INCREMENT=2;

--
-- AUTO_INCREMENT pour la table `categorieoperation`
--
ALTER TABLE `categorieoperation`
  MODIFY `id` int(11) NOT NULL AUTO_INCREMENT, AUTO_INCREMENT=20;

--
-- AUTO_INCREMENT pour la table `client`
--
ALTER TABLE `client`
  MODIFY `id` int(11) NOT NULL AUTO_INCREMENT, AUTO_INCREMENT=7;

--
-- AUTO_INCREMENT pour la table `commande`
--
ALTER TABLE `commande`
  MODIFY `id` int(11) NOT NULL AUTO_INCREMENT, AUTO_INCREMENT=9;

--
-- AUTO_INCREMENT pour la table `commercial`
--
ALTER TABLE `commercial`
  MODIFY `id` int(11) NOT NULL AUTO_INCREMENT, AUTO_INCREMENT=6;

--
-- AUTO_INCREMENT pour la table `comptebanque`
--
ALTER TABLE `comptebanque`
  MODIFY `id` int(11) NOT NULL AUTO_INCREMENT, AUTO_INCREMENT=4;

--
-- AUTO_INCREMENT pour la table `connexion`
--
ALTER TABLE `connexion`
  MODIFY `id` int(11) NOT NULL AUTO_INCREMENT, AUTO_INCREMENT=197;

--
-- AUTO_INCREMENT pour la table `demandeentretien`
--
ALTER TABLE `demandeentretien`
  MODIFY `id` int(11) NOT NULL AUTO_INCREMENT;

--
-- AUTO_INCREMENT pour la table `disponibilite`
--
ALTER TABLE `disponibilite`
  MODIFY `id` int(11) NOT NULL AUTO_INCREMENT, AUTO_INCREMENT=4;

--
-- AUTO_INCREMENT pour la table `emballage`
--
ALTER TABLE `emballage`
  MODIFY `id` int(11) NOT NULL AUTO_INCREMENT, AUTO_INCREMENT=5;

--
-- AUTO_INCREMENT pour la table `employe`
--
ALTER TABLE `employe`
  MODIFY `id` int(11) NOT NULL AUTO_INCREMENT, AUTO_INCREMENT=5;

--
-- AUTO_INCREMENT pour la table `energie`
--
ALTER TABLE `energie`
  MODIFY `id` int(11) NOT NULL AUTO_INCREMENT, AUTO_INCREMENT=2;

--
-- AUTO_INCREMENT pour la table `entrepot`
--
ALTER TABLE `entrepot`
  MODIFY `id` int(11) NOT NULL AUTO_INCREMENT, AUTO_INCREMENT=2;

--
-- AUTO_INCREMENT pour la table `etat`
--
ALTER TABLE `etat`
  MODIFY `id` int(11) NOT NULL AUTO_INCREMENT, AUTO_INCREMENT=5;

--
-- AUTO_INCREMENT pour la table `etatchauffeur`
--
ALTER TABLE `etatchauffeur`
  MODIFY `id` int(11) NOT NULL AUTO_INCREMENT;

--
-- AUTO_INCREMENT pour la table `etatvehicule`
--
ALTER TABLE `etatvehicule`
  MODIFY `id` int(11) NOT NULL AUTO_INCREMENT;

--
-- AUTO_INCREMENT pour la table `etiquette`
--
ALTER TABLE `etiquette`
  MODIFY `id` int(11) NOT NULL AUTO_INCREMENT, AUTO_INCREMENT=49;

--
-- AUTO_INCREMENT pour la table `exercicecomptable`
--
ALTER TABLE `exercicecomptable`
  MODIFY `id` int(11) NOT NULL AUTO_INCREMENT, AUTO_INCREMENT=2;

--
-- AUTO_INCREMENT pour la table `exigenceproduction`
--
ALTER TABLE `exigenceproduction`
  MODIFY `id` int(11) NOT NULL AUTO_INCREMENT, AUTO_INCREMENT=67;

--
-- AUTO_INCREMENT pour la table `fournisseur`
--
ALTER TABLE `fournisseur`
  MODIFY `id` int(11) NOT NULL AUTO_INCREMENT, AUTO_INCREMENT=7;

--
-- AUTO_INCREMENT pour la table `groupecommande`
--
ALTER TABLE `groupecommande`
  MODIFY `id` int(11) NOT NULL AUTO_INCREMENT, AUTO_INCREMENT=10;

--
-- AUTO_INCREMENT pour la table `groupemanoeuvre`
--
ALTER TABLE `groupemanoeuvre`
  MODIFY `id` int(11) NOT NULL AUTO_INCREMENT, AUTO_INCREMENT=2;

--
-- AUTO_INCREMENT pour la table `groupevehicule`
--
ALTER TABLE `groupevehicule`
  MODIFY `id` int(11) NOT NULL AUTO_INCREMENT, AUTO_INCREMENT=3;

--
-- AUTO_INCREMENT pour la table `history`
--
ALTER TABLE `history`
  MODIFY `id` int(11) NOT NULL AUTO_INCREMENT, AUTO_INCREMENT=766;

--
-- AUTO_INCREMENT pour la table `immobilisation`
--
ALTER TABLE `immobilisation`
  MODIFY `id` int(11) NOT NULL AUTO_INCREMENT, AUTO_INCREMENT=6;

--
-- AUTO_INCREMENT pour la table `intrant`
--
ALTER TABLE `intrant`
  MODIFY `id` int(11) NOT NULL AUTO_INCREMENT;

--
-- AUTO_INCREMENT pour la table `ligneamortissement`
--
ALTER TABLE `ligneamortissement`
  MODIFY `id` int(11) NOT NULL AUTO_INCREMENT;

--
-- AUTO_INCREMENT pour la table `ligneapproemballage`
--
ALTER TABLE `ligneapproemballage`
  MODIFY `id` int(11) NOT NULL AUTO_INCREMENT;

--
-- AUTO_INCREMENT pour la table `ligneapproetiquette`
--
ALTER TABLE `ligneapproetiquette`
  MODIFY `id` int(11) NOT NULL AUTO_INCREMENT, AUTO_INCREMENT=17;

--
-- AUTO_INCREMENT pour la table `ligneapprovisionnement`
--
ALTER TABLE `ligneapprovisionnement`
  MODIFY `id` int(11) NOT NULL AUTO_INCREMENT, AUTO_INCREMENT=16;

--
-- AUTO_INCREMENT pour la table `lignecommande`
--
ALTER TABLE `lignecommande`
  MODIFY `id` int(11) NOT NULL AUTO_INCREMENT, AUTO_INCREMENT=28;

--
-- AUTO_INCREMENT pour la table `ligneconsommationjour`
--
ALTER TABLE `ligneconsommationjour`
  MODIFY `id` int(11) NOT NULL AUTO_INCREMENT, AUTO_INCREMENT=325;

--
-- AUTO_INCREMENT pour la table `lignedevente`
--
ALTER TABLE `lignedevente`
  MODIFY `id` int(11) NOT NULL AUTO_INCREMENT, AUTO_INCREMENT=554;

--
-- AUTO_INCREMENT pour la table `ligneetiquettejour`
--
ALTER TABLE `ligneetiquettejour`
  MODIFY `id` int(11) NOT NULL AUTO_INCREMENT, AUTO_INCREMENT=49;

--
-- AUTO_INCREMENT pour la table `ligneetiquettejour`
--
ALTER TABLE `ligneetiquettejour`
  MODIFY `id` int(11) NOT NULL AUTO_INCREMENT;

--
-- AUTO_INCREMENT pour la table `lignemiseenboutique`
--
ALTER TABLE `lignemiseenboutique`
  MODIFY `id` int(11) NOT NULL AUTO_INCREMENT, AUTO_INCREMENT=67;

--
-- AUTO_INCREMENT pour la table `lignepayement`
--
ALTER TABLE `lignepayement`
  MODIFY `id` int(11) NOT NULL AUTO_INCREMENT, AUTO_INCREMENT=6;

--
-- AUTO_INCREMENT pour la table `ligneperteentrepot`
--
ALTER TABLE `ligneperteentrepot`
  MODIFY `id` int(11) NOT NULL AUTO_INCREMENT;

--
-- AUTO_INCREMENT pour la table `ligneperteentrepot`
--
ALTER TABLE `ligneperteentrepot`
  MODIFY `id` int(11) NOT NULL AUTO_INCREMENT;

--
-- AUTO_INCREMENT pour la table `ligneproduction`
--
ALTER TABLE `ligneproduction`
  MODIFY `id` int(11) NOT NULL AUTO_INCREMENT, AUTO_INCREMENT=1537;

--
-- AUTO_INCREMENT pour la table `ligneprospection`
--
ALTER TABLE `ligneprospection`
  MODIFY `id` int(11) NOT NULL AUTO_INCREMENT, AUTO_INCREMENT=393;

--
-- AUTO_INCREMENT pour la table `machine`
--
ALTER TABLE `machine`
  MODIFY `id` int(11) NOT NULL AUTO_INCREMENT;

--
-- AUTO_INCREMENT pour la table `miseenboutique`
--
ALTER TABLE `miseenboutique`
  MODIFY `id` int(11) NOT NULL AUTO_INCREMENT, AUTO_INCREMENT=22;

--
-- AUTO_INCREMENT pour la table `modepayement`
--
ALTER TABLE `modepayement`
  MODIFY `id` int(11) NOT NULL AUTO_INCREMENT, AUTO_INCREMENT=6;

--
-- AUTO_INCREMENT pour la table `mouvement`
--
ALTER TABLE `mouvement`
  MODIFY `id` int(11) NOT NULL AUTO_INCREMENT, AUTO_INCREMENT=217;

--
-- AUTO_INCREMENT pour la table `mycompte`
--
ALTER TABLE `mycompte`
  MODIFY `id` int(11) NOT NULL AUTO_INCREMENT, AUTO_INCREMENT=2;

--
-- AUTO_INCREMENT pour la table `operation`
--
ALTER TABLE `operation`
  MODIFY `id` int(11) NOT NULL AUTO_INCREMENT, AUTO_INCREMENT=153;

--
-- AUTO_INCREMENT pour la table `params`
--
ALTER TABLE `params`
  MODIFY `id` int(11) NOT NULL AUTO_INCREMENT, AUTO_INCREMENT=2;

--
-- AUTO_INCREMENT pour la table `paye`
--
ALTER TABLE `paye`
  MODIFY `id` int(11) NOT NULL AUTO_INCREMENT, AUTO_INCREMENT=9;

--
-- AUTO_INCREMENT pour la table `perteentrepot`
<<<<<<< HEAD
=======
--
ALTER TABLE `perteentrepot`
  MODIFY `id` int(11) NOT NULL AUTO_INCREMENT;

--
-- AUTO_INCREMENT pour la table `prestataire`
>>>>>>> origin/test
--
ALTER TABLE `perteentrepot`
  MODIFY `id` int(11) NOT NULL AUTO_INCREMENT;

--
-- AUTO_INCREMENT pour la table `prix`
--
ALTER TABLE `prix`
  MODIFY `id` int(11) NOT NULL AUTO_INCREMENT, AUTO_INCREMENT=9;

--
-- AUTO_INCREMENT pour la table `prixdevente`
--
ALTER TABLE `prixdevente`
  MODIFY `id` int(11) NOT NULL AUTO_INCREMENT, AUTO_INCREMENT=49;

--
-- AUTO_INCREMENT pour la table `production`
--
ALTER TABLE `production`
  MODIFY `id` int(11) NOT NULL AUTO_INCREMENT, AUTO_INCREMENT=33;

--
-- AUTO_INCREMENT pour la table `produit`
--
ALTER TABLE `produit`
  MODIFY `id` int(11) NOT NULL AUTO_INCREMENT, AUTO_INCREMENT=7;

--
-- AUTO_INCREMENT pour la table `prospection`
--
ALTER TABLE `prospection`
  MODIFY `id` int(11) NOT NULL AUTO_INCREMENT, AUTO_INCREMENT=74;

--
-- AUTO_INCREMENT pour la table `quantite`
--
ALTER TABLE `quantite`
  MODIFY `id` int(11) NOT NULL AUTO_INCREMENT, AUTO_INCREMENT=5;

--
-- AUTO_INCREMENT pour la table `reglementclient`
--
ALTER TABLE `reglementclient`
  MODIFY `id` int(11) NOT NULL AUTO_INCREMENT, AUTO_INCREMENT=140;

--
-- AUTO_INCREMENT pour la table `reglementfournisseur`
--
ALTER TABLE `reglementfournisseur`
  MODIFY `id` int(11) NOT NULL AUTO_INCREMENT, AUTO_INCREMENT=12;

--
-- AUTO_INCREMENT pour la table `ressource`
--
ALTER TABLE `ressource`
  MODIFY `id` int(11) NOT NULL AUTO_INCREMENT, AUTO_INCREMENT=12;

--
-- AUTO_INCREMENT pour la table `role`
--
ALTER TABLE `role`
  MODIFY `id` int(11) NOT NULL AUTO_INCREMENT, AUTO_INCREMENT=10;

--
-- AUTO_INCREMENT pour la table `role_employe`
--
ALTER TABLE `role_employe`
  MODIFY `id` int(11) NOT NULL AUTO_INCREMENT, AUTO_INCREMENT=31;

--
-- AUTO_INCREMENT pour la table `sexe`
--
ALTER TABLE `sexe`
  MODIFY `id` int(11) NOT NULL AUTO_INCREMENT, AUTO_INCREMENT=3;

--
-- AUTO_INCREMENT pour la table `suggestion`
--
ALTER TABLE `suggestion`
  MODIFY `id` int(11) NOT NULL AUTO_INCREMENT;

--
-- AUTO_INCREMENT pour la table `transaction`
--
ALTER TABLE `transaction`
  MODIFY `id` int(11) NOT NULL AUTO_INCREMENT;

--
-- AUTO_INCREMENT pour la table `typeamortissement`
--
ALTER TABLE `typeamortissement`
  MODIFY `id` int(11) NOT NULL AUTO_INCREMENT, AUTO_INCREMENT=3;

--
-- AUTO_INCREMENT pour la table `typeapprovisionnement`
--
ALTER TABLE `typeapprovisionnement`
  MODIFY `id` int(11) NOT NULL AUTO_INCREMENT;

--
-- AUTO_INCREMENT pour la table `typebareme`
--
ALTER TABLE `typebareme`
<<<<<<< HEAD
  MODIFY `id` int(11) NOT NULL AUTO_INCREMENT, AUTO_INCREMENT=3;
=======
  MODIFY `id` int(11) NOT NULL AUTO_INCREMENT;
>>>>>>> origin/test

--
-- AUTO_INCREMENT pour la table `typebien`
--
ALTER TABLE `typebien`
  MODIFY `id` int(11) NOT NULL AUTO_INCREMENT, AUTO_INCREMENT=8;

--
-- AUTO_INCREMENT pour la table `typeclient`
--
ALTER TABLE `typeclient`
  MODIFY `id` int(11) NOT NULL AUTO_INCREMENT, AUTO_INCREMENT=3;

--
-- AUTO_INCREMENT pour la table `typeentretienvehicule`
--
ALTER TABLE `typeentretienvehicule`
  MODIFY `id` int(11) NOT NULL AUTO_INCREMENT, AUTO_INCREMENT=4;

--
-- AUTO_INCREMENT pour la table `typeimmobilisation`
--
ALTER TABLE `typeimmobilisation`
  MODIFY `id` int(11) NOT NULL AUTO_INCREMENT, AUTO_INCREMENT=4;

--
-- AUTO_INCREMENT pour la table `typemouvement`
--
ALTER TABLE `typemouvement`
  MODIFY `id` int(11) NOT NULL AUTO_INCREMENT, AUTO_INCREMENT=3;

--
-- AUTO_INCREMENT pour la table `typeoperationcaisse`
--
ALTER TABLE `typeoperationcaisse`
  MODIFY `id` int(11) NOT NULL AUTO_INCREMENT, AUTO_INCREMENT=3;

--
-- AUTO_INCREMENT pour la table `typeprestataire`
--
ALTER TABLE `typeprestataire`
  MODIFY `id` int(11) NOT NULL AUTO_INCREMENT, AUTO_INCREMENT=2;

--
-- AUTO_INCREMENT pour la table `typeprospection`
--
ALTER TABLE `typeprospection`
  MODIFY `id` int(11) NOT NULL AUTO_INCREMENT, AUTO_INCREMENT=4;

--
-- AUTO_INCREMENT pour la table `typesuggestion`
--
ALTER TABLE `typesuggestion`
  MODIFY `id` int(11) NOT NULL AUTO_INCREMENT, AUTO_INCREMENT=2;

--
-- AUTO_INCREMENT pour la table `typetransmission`
--
ALTER TABLE `typetransmission`
  MODIFY `id` int(11) NOT NULL AUTO_INCREMENT, AUTO_INCREMENT=2;

--
-- AUTO_INCREMENT pour la table `typevehicule`
--
ALTER TABLE `typevehicule`
  MODIFY `id` int(11) NOT NULL AUTO_INCREMENT, AUTO_INCREMENT=6;

--
-- AUTO_INCREMENT pour la table `typevente`
--
ALTER TABLE `typevente`
  MODIFY `id` int(11) NOT NULL AUTO_INCREMENT, AUTO_INCREMENT=5;

--
-- AUTO_INCREMENT pour la table `vehicule`
--
ALTER TABLE `vehicule`
  MODIFY `id` int(11) NOT NULL AUTO_INCREMENT, AUTO_INCREMENT=3;

--
-- AUTO_INCREMENT pour la table `vente`
--
ALTER TABLE `vente`
  MODIFY `id` int(11) NOT NULL AUTO_INCREMENT, AUTO_INCREMENT=142;

--
-- AUTO_INCREMENT pour la table `zonedevente`
--
ALTER TABLE `zonedevente`
  MODIFY `id` int(11) NOT NULL AUTO_INCREMENT, AUTO_INCREMENT=5;
COMMIT;

/*!40101 SET CHARACTER_SET_CLIENT=@OLD_CHARACTER_SET_CLIENT */;
/*!40101 SET CHARACTER_SET_RESULTS=@OLD_CHARACTER_SET_RESULTS */;
/*!40101 SET COLLATION_CONNECTION=@OLD_COLLATION_CONNECTION */;
